{"version":4,"hash":{"type":"Buffer","data":"OYQLuqBMmxVGlFjaw8cFdNl7ElaOvOQEYze9Oz/JlqkFdC0jv0wUvCIpkO2Pd6oDqN9XkmWbYZClSiagobopqLx2yVUvnjYSgIf3WW4Z9DZAPsAhbC3HnAuDccWNaKn8NuBREwekW+E/5W1AgS/CidxHtOmU1agX8+9G6/1rjfs="},"indexValueMap":{"rKwrsrnNAkDk1tyB4Z2Bqf38IcWdwNUcdgrAlyT8aJM=":{"valueMac":{"type":"Buffer","data":"20s41UQghFlQQZkI9h4uU7K8qy5AuZnW3qDY+M7BP/c="}},"ZcOS696zv10wmu7PA2QNwXyyG8D9eh0eFtPcrWjiY/o=":{"valueMac":{"type":"Buffer","data":"r3/GT6c5X70W30y13OiaEJPpm5iVN/xm0P4RLgGNfM0="}},"+3RxKzJcnkEEHp+JVtKaQkjZ4IDt8kOffe2VLuXXDWs=":{"valueMac":{"type":"Buffer","data":"Tp5itk3yEFUgJiIPB0Z5pl/hkomAQd3pH3FOBeylwZM="}},"0+Gazit54IWoGBDAFO+is7XnmXGFsfEzDVw/nmUIPMc=":{"valueMac":{"type":"Buffer","data":"ZxwYSGPU3flh4yrWoIggOKKWL6StBV8jkxB4K5VUoFE="}}}}