{"version":14,"hash":{"type":"Buffer","data":"U88HHPpiyXexW3zcVWTvTrnwJMPUX/1rjL/10oKEO+oc2HAwWukGEW4HTxle8yfsp3NlVtEiNYVUQffoR5riqyOFxM6t2qc+AxkoPp4PzGCTNTJSFW6PH1TI4CfDmbnMnMzOaTa7YqUzTGTBeAmYY8oTeHjmZCHiGu1WV7EQCVI="},"indexValueMap":{"EuZuPw4W1t+JioLn70kuicvTBX6TE2Nxo/qNBhk38dQ=":{"valueMac":{"type":"Buffer","data":"leYYE4KoPvtrM4+6S6nmG9jswqSfgn/urKTgUO9np88="}},"Hz0s5s2QY3rQe4WP3s8gG5bGd1Y+xwXUNUCQ/8Q+tvg=":{"valueMac":{"type":"Buffer","data":"TOttHlsjbZrjrtGE3XjBzRt3iAtdXEbio6Xi4WphAGk="}},"Jp4k42EZfS3UaHOQqHDYK8NEPEv3KFAq1DL45sL1olQ=":{"valueMac":{"type":"Buffer","data":"UDtltRV2kqsNR5pcPKORQqAum5QkL0nHBgrHMEqu4JE="}},"LnIjsOqocIIaBy3sX/ecQPml6Wz7yt/Hkf8aJggIsgo=":{"valueMac":{"type":"Buffer","data":"nCzUH+En8h9XorJuQlKqEANW0ivfO4C0+1B4RpdueqU="}},"NNHZGn9gyRRcPgjyQuehkON/ukHybAbiXR6nS4A8QYE=":{"valueMac":{"type":"Buffer","data":"EmgF5Wk/TbNE81rYEDHBfeN7RjJj2MN8daStFqY5ysI="}},"NfmZYwaYj9qJCQzHU7yDPTJKcYXTGYvqqrQCbe7P5ss=":{"valueMac":{"type":"Buffer","data":"IOkxoaoPskiPj6xonM618m1d9db8MAkNVdhXZrmKwVk="}},"Nq+ErZlP1eQp4bQO0JeR8RRLH5ndHo1maIM3YFa7fx0=":{"valueMac":{"type":"Buffer","data":"ln2fSzLQrtK9L4qP0NfWuUyrFsjJTMzteiH+XgjR1EU="}},"QxBgJcUHCcf3gt2VO4A2c9yFZzzVlLryycKWDfb5ZAw=":{"valueMac":{"type":"Buffer","data":"4ORXvwr8fG0HmAwY0/JT9F7u0mWwHhs8fCGe2dj+5zs="}},"ULpa/wCYZLtjFoK6o+Am/HTh+1ivbI5hxLgK9TN6FOw=":{"valueMac":{"type":"Buffer","data":"WBVzbdxzMyr/7wQzo9DJBya8/BAW9gOky9XbY++LeZg="}},"UX3N7t5UBAr1SfHmdIvry/214WSDmI+jAkKPTp9EFTw=":{"valueMac":{"type":"Buffer","data":"uxdv7+WIKFLafxjuZAkFjM3/WrvrUBluAOQ0YmV+/c4="}},"U/2ORK5YX4Zuo/MjyGsuKBL2Bq3nSxSWDF+MbVcfqF0=":{"valueMac":{"type":"Buffer","data":"pJUT5uwPkU4ctAewhuaebguVKdGmZaoFgDjiWbRGyRc="}},"VBApvye6by5kG7T+A9QO9jnd8hMwE/aMsZOPwAqf5VQ=":{"valueMac":{"type":"Buffer","data":"Mry5pEhl6eAgDu036+6bskpFP0ZepXV3ZGCMxEmMVN4="}},"WZmx54r/kpgNhAEmmUWZ+bSD1uEvDGsyCQPq51QYKDA=":{"valueMac":{"type":"Buffer","data":"VhwXyGgFnTwTBQtyXlfKSJ/dkENPx786CaOYi5BLDj4="}},"bjDhYTCGy3YEr+jsYNSDHjkz2OTd7n9c5sy+kAFgr1A=":{"valueMac":{"type":"Buffer","data":"EGWj9HUn+Q1aV6vwBtGDNjQGWstwQ60/frp5AQ9vmoU="}},"cCx2UYhN9+JuLKqyQfKFpDApCSeo6rHLLH/PtCgGHBU=":{"valueMac":{"type":"Buffer","data":"BXi3ZXEebrO92sOz5c2MZlOdhyKW5h9++tvlkDacrV8="}},"cbSse/tvrO1lEfk9NmbgZAkPFtbYan6eAW8ujdpSkeg=":{"valueMac":{"type":"Buffer","data":"ldYV589bYwhkHzrwx7IQfGfSYPeaF9ztYZggleAd3d8="}},"dK/eaGxznv3VlAcua+FjI8rNw1S9rWjMezJRPfm4cfI=":{"valueMac":{"type":"Buffer","data":"n2h8qNSg5GqwGA7ImA6iv/jNytAtgWwCMvgTFlCVkHs="}},"eQ4vJfTU8qdyDPZN6qa2w59JzyJ/LZAFg4dTyRrUXvs=":{"valueMac":{"type":"Buffer","data":"fwh+a7QScLHr4F/4LWrcf04vzyMBuVY+M74kYJ23sow="}},"eaGUZkGJ1KeR1jaWgaxzsCmEF1GWmhX6iUX36xjqvAg=":{"valueMac":{"type":"Buffer","data":"RL87dUioNFhiyYfnarfBhwF4/+dvAT6Ko2vyaugIjeE="}},"gPkXg5/3FwdrW0Pyo88y7M303JmVjapDs049FyXgcIM=":{"valueMac":{"type":"Buffer","data":"p0zqjM3vkwzBdwoQsnpmXJKpIOBPe/jPlD3WicZV6xM="}},"kOg5Fi7Y2feo2IucTTXUPTX9Hh5QUvRRsOd148c/bik=":{"valueMac":{"type":"Buffer","data":"LxPwW5PJOkaXgo8N30CS8JuOnfmjLMv4bV+i8aeMdTo="}},"nqoVptIAtIOdPPsO2DYtUZlrP6xGmxCJod0/EGLJk1s=":{"valueMac":{"type":"Buffer","data":"6K6Tgopn/5UAAwpWCKemMmYL0bT7og0zg06hhJuhzRs="}},"rTymFuV7WjNroJA5NZxnEUKNPAfrKKIALxABDIzBcCE=":{"valueMac":{"type":"Buffer","data":"wNHGbAM6e5BB5ovAYPUfjIZw2lXmYcgGknbn3qGqWAs="}},"r9mxSEZ19wvI0VrN36hiZdh+qdS4xMkb5+O/4FysGpk=":{"valueMac":{"type":"Buffer","data":"iDfH9SGVapFuyRwOqfeIS5GwEgiyQ7Fuci/QY8jBpLs="}},"sUVrYiakjXYVLCgKdhgTnXL7cBTXQYDgWle6aIKbfaI=":{"valueMac":{"type":"Buffer","data":"SjbyjjCqg/sE8GSlM5rCR33saqmVn4PiHxEvqLblEUw="}},"s9qXl9ZnFiaWaXj88bqqq4I01KtGVglePT2maIZitLU=":{"valueMac":{"type":"Buffer","data":"D5B+dRx2ltP5tKGRtGm76e9x93jrZvf99pwsoECCIT8="}},"wf7Hd/Tb1Ca9gDAjuVyxxVzUxmDOJBOw12c3F8fzyPs=":{"valueMac":{"type":"Buffer","data":"xXAyMIPspxo+FTT36GMIsll8LrN9TPpvnJX/xl38s1A="}},"xzJdOqK4WMONcVqgrgXhf3Uygf7myRlwFEThEGaUYF4=":{"valueMac":{"type":"Buffer","data":"8Lb+AXHkm1BEZch2qwLqJjsN7ip6YmeQGyi3KjDGbbM="}},"yALrdcLJ0W5UR8/Ru+ft80Rv+GA/b3nikeibKtaTR4A=":{"valueMac":{"type":"Buffer","data":"/84Ggv0o4Dt+51tDE5wtnuzCNvpwdjOdECGnM9SIfOI="}},"zv7QhZQGfIxGqY846p0IQ7YMy1w8Z8MIjyhukgyoXo8=":{"valueMac":{"type":"Buffer","data":"0jRAWZ9h2TmSING/rVoGaE8fv9ZvDDI8+VJHwFWsne4="}},"09BYFMmyo14+yaflZhMRYyJhRHK+1uaTgBgUl/MyX9Y=":{"valueMac":{"type":"Buffer","data":"00htILtEqOqUK0miny6Cnn7Q7JBH8Fgi54s7MFmnP9E="}},"1K5UDIrfGOTW+rhIh4THFYUpxuotnAxmn2YvmdYTLeE=":{"valueMac":{"type":"Buffer","data":"vbyWM9vP2pvnMRy5JrZ5i/+3qozvdroucHdPlibb7P0="}},"3CUeh2sw0FQX3TKJpC1lbXgPOSdM2VB8D8q8vUvqJTs=":{"valueMac":{"type":"Buffer","data":"I+09/Xx4/aNk4Ea1Sgp0bvitoIaru5m/0rHiq6iXYJU="}},"5ijFCzicFWCmRIi+K6zO2Dxq1l50g9W5CEu3W79JHNs=":{"valueMac":{"type":"Buffer","data":"EFZIWDV9V1PSo3SEU2ssfDfzpfiM0SivTdiMxkripFU="}},"6TFuODVys4Uvk8wzcfkutQRRpROuUL7MYjZYb4feFws=":{"valueMac":{"type":"Buffer","data":"aebz/Vl+VNPmv7PuJfUiO6srtMZ23GStiWaJ1norV/E="}},"6X2bdaJZD4AYFdiqPcxzDBVWtTNZ3oY4KiP7dTADAXg=":{"valueMac":{"type":"Buffer","data":"OqDJSTcZNGKGfCLtiVozt6PvwyQVpEwuBO+zJmWOUfk="}},"8QpRjv3UvOYGyF9AtLzayuDVgZQ6cJgekd2GtGA+qk8=":{"valueMac":{"type":"Buffer","data":"QD9B0AkW1L7gP4aOo17HQ7qcctPf2aITliAKo3wbCwM="}},"+4N5RdtUzVvfk/T7hkLbDzjKP/3JuAV2gLjZ40dcSTM=":{"valueMac":{"type":"Buffer","data":"4hI6Am1i00RlDr+LNhglPyrJ/dY7INDnuf0LxWX/M6A="}},"++WhN1luQaBWn1fhQcMs6A8GocH7+N5epTzkf/m9s1E=":{"valueMac":{"type":"Buffer","data":"he5DM8g0Z08nQJi8kP+Cj/H5RMvdIeU6Y7y9bCaayF4="}},"/HrtWyJ679fLrhr+3zwXre/cPoHrkvF1QwwwDfOAx9c=":{"valueMac":{"type":"Buffer","data":"IfouNYSpZ/Gjwe53GVK6xHR8VU7SkP8DDPMxrcphLSQ="}},"LX73IHofJwjgTTwE4sO6Tu4gwtrhOAidTYWE8a9UJHU=":{"valueMac":{"type":"Buffer","data":"DvaeXJvf4Ws3OXuzi74RSxIZWsPuyq8zbgloBiGYxyE="}},"2j4HwYYusj7aQuU4t3bx8plxR5zrH/gLUtG7Kmmegks=":{"valueMac":{"type":"Buffer","data":"QD2Skw+ihMlY6TOabMiLOgHECjIydXTSS5qjrZYcrQg="}}}}