{"version":44,"hash":{"type":"Buffer","data":"vXHHAxVzKppvByhV6+ICm1HjEgFhzzDVJFvrNxYUprFmYs7kxBE0PQGdrQ5KIxWxJzVKg+muXlsqZ4MMeFYCy5uaLZqko53ZN4IuRetMUMrNfyIBtI5h5l8pSG/BG6zMvYsKZf83cJ4FvPujsQFqD7blg0EUjVcLeRHdjouNp9c="},"indexValueMap":{"AChhWR5SiqMmCLT5uz6XREUP72byYJ38OjwjklLmIPY=":{"valueMac":{"type":"Buffer","data":"7OTY6xf+vFF02ZQsvWCKSonKfftDJsd6sFq2Iiu6zvA="}},"ATz4hvHEt+kXmwAMZs2uaMBMsV4oNqw78YsDDKuub2k=":{"valueMac":{"type":"Buffer","data":"HeIRvkHIJpXEr6SNPrhyBEH2Nxf/0uuZrI74rEv8hac="}},"AWvzI7aV2JptLtzn4Zkm/1rMZBxb/QeOUfeKOwQgDus=":{"valueMac":{"type":"Buffer","data":"W91XOmKB6hd6gUAURQ3kxqLyCon5EE2c9dPq8L5kQns="}},"BK6HLZyZdkDVBTSaDUANmmBev/oRt8HlD17R4xzWO94=":{"valueMac":{"type":"Buffer","data":"UmczBWIdzrO6g82psx5LqIGjMS8V/gRgxdj88l4t6/o="}},"BMMn0iSH4yG/pNT189E5c1BrhaSC5xomplBaWz3dqgk=":{"valueMac":{"type":"Buffer","data":"53539b8q1iP/GIYjvt7IUYQDQARuo78OeC+i7rgTy68="}},"DV35pnGd2Y5oqS+86zAnOFScJvzLlm/1Y9OvTL5msdU=":{"valueMac":{"type":"Buffer","data":"YfMlDzPuepC3mUc873L03vosEgPpz675ETPqVz41OOw="}},"DkNrHImMRtl64T84x9wLeOo5xNg4SmkgGjUo6v9xLPg=":{"valueMac":{"type":"Buffer","data":"e7QCJCOO/y1RYaxIclpOoNkQNTYnOLms51eD0eSRzqU="}},"DkvB/DmPkXr2t9lpFmLAnPeco7LaEwJPYVTLebfr+RA=":{"valueMac":{"type":"Buffer","data":"bTY0+ORmg4TSMZO8FV2ui3h5MKZt86/mU/txn0FGvLU="}},"DuMERAahPGma1S8uraJp5RvEnpV/qwnEa3RIJr2SivY=":{"valueMac":{"type":"Buffer","data":"wfSPg39Zcdf+lZ2SAf/NyD6OLfveYUexJJfsxKqm1W8="}},"DyJP7RDMVNLnAKXy04XHtuwcXNKOBFya5fPQev0qt88=":{"valueMac":{"type":"Buffer","data":"eb18tVmHZdhR46m3mWa/tXuFD0+au9B6HP9C+jVW+6o="}},"D8T8ZB+JWPSeVggfP3vw1jDVEzLLQmWkAZ/xvOBjEKM=":{"valueMac":{"type":"Buffer","data":"6vyYrlTqXD+xgLiiKPmFHKrDcIUDE/70d1E4sRwZ9IQ="}},"ENUcEUg4eplwodu07b9HwjIEPhgAORvzDKvVIeGB1X8=":{"valueMac":{"type":"Buffer","data":"15lBeLM5xa4wTdf8MkiII4XldWQib1kLYZJmJ3oCGNg="}},"EOPjTdVIbpm1VvpOP8PgX1P4pZpszoIPnTfCXSYxwZ0=":{"valueMac":{"type":"Buffer","data":"4cGWXPl8xiXHUvFOVYFruKu72bdZkTiP489knTW/7Vo="}},"EdV+xuxkXUlDy0L/WoXFFIqzmMvfd4KGo2+BQKa5YFs=":{"valueMac":{"type":"Buffer","data":"0PSNwTdcCSE9qIspyUIDnIfsKJeV4UCgLwT5A6i4Gzw="}},"Ekn/SX06wR3YJmW3t28m0YLnubYsZcJMG/kCyfGDug0=":{"valueMac":{"type":"Buffer","data":"MaboaJV2K/TO7oHyaMMBcbIu8m/8wWY1Vse/IX1YQmI="}},"E41EQW82L9u+oeoaw/f9WQrdrZ1SF5sPxvlJNFM2wRQ=":{"valueMac":{"type":"Buffer","data":"7P6fzElgZQqlkHZ4OnwhUjWYp+zsw0nq3mo27MfTvcU="}},"E76/P93A9ms1TsKoV2OMhJvLVyB192dh1gg5Wtcwxtw=":{"valueMac":{"type":"Buffer","data":"X3SeKzaxxiQVdB3oaeW1JOzdD2G8pqqxvcs+hPJBx4s="}},"FMMwU/4tGENwQK+fO7Xxs15C1XkRhKYlMYDqaEab1hA=":{"valueMac":{"type":"Buffer","data":"I15HvTJUygCSCzpWtGk1kwCF3cOkbyX8zExk/3Xqtgk="}},"F3qJcp0W3WpbNq+tqPFlfZNYIpkR7UzCxrmojhQUZLA=":{"valueMac":{"type":"Buffer","data":"1Q9SysA5r6LpBurfiUcfUyWp8jd59dnmsmt17h6Ks3k="}},"GMCQLNqW90/11lXDyupculKBaqzZh+Oe2yCUGKFmdXs=":{"valueMac":{"type":"Buffer","data":"/YTW2DFUo5UbIZZ6C1XT70V7bee5hlS4WiLg/X8rsG8="}},"GoZ7MIXmMrmKdNsng5H7ZResEzq2YyrXpmw/VnQKET8=":{"valueMac":{"type":"Buffer","data":"TNewcWp7bn2BwJD9MGk0oJ1cVlkpQBXLRxpZYwiKuXQ="}},"HD7Z7jBCGpXd7rUtdLzU3j+rNIy+5ljXwAUCQMx7O2k=":{"valueMac":{"type":"Buffer","data":"E6hNnkiP9J5tSg/9ShP5OsSQCd6MEEqogAnmThWxa+w="}},"HYFksomTW6/7lgEtMBtYI2aXfwtsPDSR/ifq4aPWeU0=":{"valueMac":{"type":"Buffer","data":"s2AvMfWKepFhL0dDU7aoR0q3UQIduc/6VnzaMZO0FP4="}},"HyktSX3SkHhqAde+tlUTV5hC63iLIjVsj6JBH4d6bvI=":{"valueMac":{"type":"Buffer","data":"OOqMhvPMfSZ8sD2YK1+YsbA8e9N46sonxkHnJOptqXM="}},"IXMqo3opkc6bJkMTFMulXTLjQOI5jW74X/0LwwzpscY=":{"valueMac":{"type":"Buffer","data":"jiqzzgBYRgXWtqeu9v5tKyZPNtd24/pVtwlX5DWrtSg="}},"IuTZ//9fD4guCHNPhwYllFZZVAeeOYI8O5NPcl6oblI=":{"valueMac":{"type":"Buffer","data":"ggOupIsb/6XdE5Hb7/9XvVUhMM10LlOfikqVGIGTeZ4="}},"J4RT4xG6rfNqwPb6gGCgoCJNOLibXgpuRMLodBT4GVo=":{"valueMac":{"type":"Buffer","data":"YLS1asZ5Cid8Nc37J7K7J49q0lCeNuluE0WOXPZQLvE="}},"J8YY1ClGBKo0g5e7LDT1UeqzTS7Yh6yL/7ogVfQY7XM=":{"valueMac":{"type":"Buffer","data":"qkrz6K0p4UE2irPYeteVvYVlO+rzwQjI/xpfVX4Od00="}},"J+AKDj4JNdij3jPxnlTRvH2QByzbjy+LOXuOj+xKiVA=":{"valueMac":{"type":"Buffer","data":"XGCY7ugtdu6wyZGTenuon9wmMvpAdXXYJ7pnqxYFRD0="}},"Kth7EcAtJQfNXthMP+oXggGAfl5QS4xgxxGSDCEfHLg=":{"valueMac":{"type":"Buffer","data":"7CdQfwF6BzAZ9ih6k0alX1YoKYo2biQZUkMOTKSSoJs="}},"LHy/MyEIOefZjEo4TSe16dJqzqf9N1W7sou54uPP0JE=":{"valueMac":{"type":"Buffer","data":"aUKgSS2X4dErYYyi9oRJE1HPjjG0YxHLWjKoNZtqh+M="}},"Lj9DPeLkx0o/ZZH8yUBmw+R1S/liNNtxYkYzH990hH4=":{"valueMac":{"type":"Buffer","data":"jbDLiYhApL5qKFodZBNz2zT+9Kkx8oavBU+san1Zrfw="}},"MWt+byWblvmbqxOdBY6LRH6uZKfNLe94/dI/PJ92mUc=":{"valueMac":{"type":"Buffer","data":"CvW4WU2+KOt4Gndd4gEO4PHIXSStj2C/VYKw5DBh+ls="}},"M5pCEpnlfEHLun9ApghWIjZYEf3bIkhBFfNUwREE5hI=":{"valueMac":{"type":"Buffer","data":"WPc5zqTeOoznvhr0fefT3ZkHc8LsLQ2epyu98y7226o="}},"NBTJMUDp0JUYfD1NAMIgP6jcUV1+lKBCAlhy6ltvcbo=":{"valueMac":{"type":"Buffer","data":"iMdDJ6RZ1z2rk6gm+m3m8r1om8GUIVQCJVBdtXWt2BU="}},"NqSCOcgC2xkJslQdAnPaR33FiVGszoMIyCl+YyM2D4o=":{"valueMac":{"type":"Buffer","data":"ibzc4ifnfBzQMuRGGSfG3wxjeTDbibakYAWXlobIPXw="}},"Nr8Z/kaKuUUhScZmGQj1atuoLYf6wLpNLIPQPUFI9Ec=":{"valueMac":{"type":"Buffer","data":"xJcdqqfad53yggUKEM5rP9oQnaamSM3C+D4bIPCG0KQ="}},"Nwmp1y3Hdxro18OpKpD0+MukcnH7u+AydznAP7w+zfk=":{"valueMac":{"type":"Buffer","data":"hjURpcNHxRH6EEbKV+twOQ7Ap85ZGv6CR6/0dieWPBs="}},"N1+W7mqBUMtXDOulMUyAXKakDHnQNRhcjfMCbiNqtTU=":{"valueMac":{"type":"Buffer","data":"rFy0QhqG7Auoma3O+0zwlhZw8RXsavBWZOz4aSZ93Qo="}},"OlMkLKyMHBehtMSQeBEjaBLpiYzJWGkSFi0wN77wB0w=":{"valueMac":{"type":"Buffer","data":"cB6EPDbhxLUNSMmDD237IN1FV0Gi5KJ14R/SmIkw8is="}},"O/I1sBvEvLzK6YWtFqckrjzOitik4r45V4J5/UGz26U=":{"valueMac":{"type":"Buffer","data":"pORZtXQEBjQeeGsTzP3/3iu4eVwFA2tYA09Z/ytcSMs="}},"QLlq5oloT9g0Q99PxxJx9zCVWHP5cNpuT1DkNRUiOIM=":{"valueMac":{"type":"Buffer","data":"yaYHZnEUr+GVYU4IrpFeGYcz6mAUXsvqajbourSEmxs="}},"Qb3qq1+hRP8blQcoSOG7mbNRJBglg+Vsz9u9DHOM6Po=":{"valueMac":{"type":"Buffer","data":"drTyXl+zEbew7SuRJ2STgznib5YbjclEdCmRM7he6dg="}},"Qc1X7glPL0XYfgDvaHFw8+pNMUzLmVoiBrtOXIHoZZk=":{"valueMac":{"type":"Buffer","data":"tp6grz7AF+Apx5tWu4lDVAjmhgtwLTPYKGVUy5wWORI="}},"QrR3GpbwhA3PtQCodOYaTK5x45Dc1XzyRTf1pSrw8Os=":{"valueMac":{"type":"Buffer","data":"O9uufiL14dUFGZwnV0eoxJMzMsQt2UK+XrZfrunzVN0="}},"Q6uv7DfGmp3SYCvL+o+xmY+HQankeINDXm1fONPfXBQ=":{"valueMac":{"type":"Buffer","data":"PHhHb4BikukOITx84C6JeUeWv5FdvrAhTdYnYC//3h8="}},"RCqWZFm6cE87EynKukMwnHcNoLtNckhwaiokj0a10uY=":{"valueMac":{"type":"Buffer","data":"aMz4MJvuTHgwGpVq/mUIJgU1sy7NXVMjS4wD9SnLODE="}},"SpeR48urZvj6EMHJPCHsG/2dEPejJoQJGtmhaL9BBw4=":{"valueMac":{"type":"Buffer","data":"DjqtXs51b4OWUNct1W5BfwhDH/BCGmKlPENECma6uX4="}},"S3XG7fOTjJBAoCpAlC+WmMQOwde/GFwesTFwI5jsPW0=":{"valueMac":{"type":"Buffer","data":"nz47kU1EQu135uoiGZilGvqlK0cP1Mrcv011G+ROz7c="}},"VTOP/IzRi2ehP4xbzZnZXjW6wAhmsYx/6sFvvwDNEho=":{"valueMac":{"type":"Buffer","data":"C+kqc2S98Xoqcvj2kSY1HV5XqkqcGLWZmyMHp93OGuI="}},"V/XI3tRLiu2gAMB+YphJlhjvOJzhdnfDovnI2gYGswc=":{"valueMac":{"type":"Buffer","data":"SDiuAWIG0HAAQJoMKJ8aHBvyeDWo2tVmRjp6Lq9QoF0="}},"WBAfdKnMTsyyyb0DIjFQWE+9gLWIEvpGVnXVBSITIHo=":{"valueMac":{"type":"Buffer","data":"oUaTFr6jCpx9PQ8fSXOcJqMz7tnWe+wLnQoctBFFpDk="}},"WC/th38ZHx3TleAl/uFPvphvCfyJ61SgIKGLJLZ9bFs=":{"valueMac":{"type":"Buffer","data":"x28RxY6OQPtyxGs4DFuFzitwZmpjfU7wU7apbVsksAE="}},"XVmC0MZSR9m9/8P3dpI534n2K0d9r+3cheGSGS1dEz0=":{"valueMac":{"type":"Buffer","data":"rKSjMKpshD08vvwyxZsuAx672WG5RghJ9Fnz00UR8hc="}},"XYw8lpmLEFR5lbaj3ekUlJQPY50IdxrZNY8Xu0Xg7hQ=":{"valueMac":{"type":"Buffer","data":"tRG4nf3HzybF9hqdSUSh/r0ysgZYZHvifLO06QmNklg="}},"XeIsVsC1OzIoa7k68y5xO9+oJsDtYkTiyzmIdSclbSM=":{"valueMac":{"type":"Buffer","data":"OLn6UecVwflFmMZBAbus+9fEAjsrSMq+fO7m4cu6s3s="}},"XiZ2ZKisSYwJmKhNuI+yWLNMQ8WJSNSqb9Oriy1LzU0=":{"valueMac":{"type":"Buffer","data":"37A621qOMVpaMiYITS6W0b8WOhIlGq2riroyLBGXIEs="}},"Yl/jIokBZmS1hCsu3A3h6n9Ztq/zB6czUwQKuUHdDXs=":{"valueMac":{"type":"Buffer","data":"LVxWBn0Zwzgs3CzQ+a9uYjSNl5gJA2c1AhP3av5AomU="}},"YuYUQzKME6BHEPLq+rQCGK9CkG/mdopW+pSBrZBKPJc=":{"valueMac":{"type":"Buffer","data":"o/nQTbeMsMWtKkIg69L0M79SKnDIam8GhE60QwCTeC0="}},"ZQgHNCaK5fvKHH0esWEbjVRXx+Xh2B+n5B+lxyp5NOM=":{"valueMac":{"type":"Buffer","data":"17zSxFYPjAVRCbQ/ddT2ogYQPzaXmuMbqDpl7vNRqoA="}},"Z3aFfGfTGADBfHQO/o1DmlrVsxrQ+YV59YZlz6ehuNQ=":{"valueMac":{"type":"Buffer","data":"i5KFqAG9iAPyWwV6ksFKkYSBOvWGgR+QyXaRD1G1EhE="}},"aSqANJvdHyd/KaBtHODX07XRuO2S5Xrhkqg6D1OsiqQ=":{"valueMac":{"type":"Buffer","data":"uMNQOfnVMswTX3u4hh0GXvsjrFoery79ba4KlaoYETI="}},"abygiIBzobLryizQvfN5x+Zsy+NFQ7OuBVItJPklOPE=":{"valueMac":{"type":"Buffer","data":"NNkr7rEfnH9BOqOi7GNL/Gm7NPwj2Kb5VdumIzJ4rnc="}},"ahdOXBgvjDlIcznnyQgGv2iqIhBJChmpSQ+AZqENfHY=":{"valueMac":{"type":"Buffer","data":"NVmC1kEQKfBKnrd32TNibWj9mtJmSpK0CAxdtD5dy0I="}},"btXI00zXmQviikuRQ386Kk3nyEhjmHIJvO1SWUQcg9g=":{"valueMac":{"type":"Buffer","data":"rJHoYncFaWRz4fv7b5JMj03lRsWgRgF+xBKByZHZifc="}},"bww2C+8ER0YGUuCLKtOk5/3w+0Rjx42aSs8k2cjJfjo=":{"valueMac":{"type":"Buffer","data":"5b2bSpEi/tnspMetkz1XGrdwLBlQxGCTLXaKRSlb49c="}},"cP/HfVprWBR6WXEBKawkEQTMo6eKaTUc7gpaPW+YlMo=":{"valueMac":{"type":"Buffer","data":"UQ9bqDN5c7sKY47UZY473HcPdbuOqPil/PmuW1a0n14="}},"cr+PtAxDkOcDp3uK2BneCXLjmLBcVVb6oeV9MKFXeeY=":{"valueMac":{"type":"Buffer","data":"XQr6ykAekDQSzmz8S47ilB91sYqnGqbQnPQrlSdwHi0="}},"diGpGrJO5PwTZiOiXKxk1+82v3StRtd66f1bna+7D7o=":{"valueMac":{"type":"Buffer","data":"EpvmblcF2yWnJ2QGN2J8tG4QLxCFlDGjL6JsW87NvlA="}},"eT0uTMhnmMlaNKptoA4hUxv4gjvMxz2rDMgl55jq7u4=":{"valueMac":{"type":"Buffer","data":"TpuhJ9nN0G0X0LpZOHLv6DTrwd8nOmWsQqls1bpU5Vg="}},"e2Rc33bx8YINNsNZPs1GQk2ynuS2gM+mr/QnvS91j5U=":{"valueMac":{"type":"Buffer","data":"KcSGgNfgDSVMvbiTfoiiQgbi7z6Vb64eZ190LcLWBlQ="}},"fPPx6aXfDbBu2HlXG/484u/o04dWV43Rohjxl7Ql154=":{"valueMac":{"type":"Buffer","data":"MxVP5z3YtH/ITk/NpqGdw5OcW7Cs/Lo4o8ERZgAVQCw="}},"fz+WQZd2ds3Ck8YISESwKQjyh0LGh9yzK8B3bczZc+4=":{"valueMac":{"type":"Buffer","data":"3jzrS+LXmQ7S5p0GVLBGd3U2H93eAvDhgjGMcHNsm3I="}},"gRehySbWxv6ZXRsW099ElMfRW/J7tIwC7k8n9nZ3rKI=":{"valueMac":{"type":"Buffer","data":"fopf9ftthssJrp5UBb4mfA3RlozYXBOZ2yFjpFwD/Xs="}},"gRlkEfaIalRWizh4hsgJFZ6I1a6gOG9FmDCXrvWk9Oo=":{"valueMac":{"type":"Buffer","data":"U4h99tsR/QClW35FpuQXV1COy5fpQDVQX+YQ5uRYiGA="}},"gbzSqI+2Wgjn6UFF3J2YRqoWAa7qrYUlgYKzuIS1Ar8=":{"valueMac":{"type":"Buffer","data":"FCNNny1SPncQqOmlSQpMgO++KYZqTGnFRSCL5MUyywE="}},"hC34UdiVdn6Q/uMkivzIWMraOHgOkpIMCKREkxoSPsw=":{"valueMac":{"type":"Buffer","data":"iiKnySIOw5HsBSKywwhu3QIySpHZunp6fq0lyfyBmoc="}},"inMrwuuxmslHgg4z7aKCKnsSmyjZKrrMJ75id1OE+Hk=":{"valueMac":{"type":"Buffer","data":"OVUAtbEt+96qkZdXENx9a9XzyJcrLeObOPJQOeOTV18="}},"i0SN+az2pc2Zw7XxmcJ++uxKhjY0tHWXD4SCaIgGJh0=":{"valueMac":{"type":"Buffer","data":"pvdmLlhyGpkzCedPE1GaTlDnxAusXOzqrd9oEE0byns="}},"jdl7Se35vPZUinApvdOoJnE9988S0VlcyjuOSdcO7Tc=":{"valueMac":{"type":"Buffer","data":"WpqT5jfLH8VfXJBhCiL7lUa0GvaJTHay+TUMzcPtVxU="}},"kCRqtqmK4A8Cxok/HeBdKpmub1V3vk8pBC4VCNzpgEY=":{"valueMac":{"type":"Buffer","data":"s7f8ptiPCAliOBuHpPxYq42EyUOSb5vsUCJRwRWmEpY="}},"kOxIckHJFOm4Rpm1ip38vDxEehO9X6k87KGr8Pyp7r4=":{"valueMac":{"type":"Buffer","data":"p2DSnPD445f/a1xVhM/tAVsIKFVf5d5+sVtQIsZ+QTA="}},"kcd8659ybmqX3EzHa8LV7IDv/vyW4HGVXFxmOPcfX8A=":{"valueMac":{"type":"Buffer","data":"HFpb3WUNle8s3VzmxaCAkYde8wWCsL/A/3d9+E3KBpI="}},"ketQZdpwaSCPotNGbz0ANVDQ2qWzJ5ZqkX9HwNV+rf4=":{"valueMac":{"type":"Buffer","data":"HvJABSu5IxBiAY0GSzMm1V2HJ0J3SrvqvlpWm+DA+JI="}},"lbER/m4jc6Pa6hs+3dnkvOLXt8tmQNE29t24FvR9nXs=":{"valueMac":{"type":"Buffer","data":"vHFhBBlpwI+hMtKzKcrRmjFPIhXKfa8zc/e3r28/k1g="}},"l95CdDIy6TPve3TzV6tz7Fh+MRwXqN1/GrqWVL6eDzw=":{"valueMac":{"type":"Buffer","data":"tfK/CmSk3iUMObxPk/iRp/nw02I9Udd7KrDIWpPZ/sc="}},"mLCrYA7znPxQm2gq3BpMRoRg9ehdsk6wngziN9WHGxw=":{"valueMac":{"type":"Buffer","data":"+0PpBH6Djo6v5tHXPrqZq0IBd+sTqpNtdhlqSYnIhuw="}},"mMXdvZxCDhNdiheGYwxvdvpmermiBCdKa19V4jWc1CA=":{"valueMac":{"type":"Buffer","data":"txIVmzxa4f59gmtL06omPmvETLUanRHxq3n58URAR9Y="}},"mz9l8uNxRBELJrWr+9sUWtS9t34PtTdCNbR2HAe3xF4=":{"valueMac":{"type":"Buffer","data":"nr+yVMFJ7P7Gk6iDL6tuxv0t+BkF9jcF21X9arz1h5c="}},"m2lC/gD0nwqkiRLNEztUXW4OucDKDUa9pMRWuUVmVq8=":{"valueMac":{"type":"Buffer","data":"wmbChLglneWIqVFaaht6Vg46uXJRLKv668XfwyHxjrg="}},"nYnjO4aWYEZqbJJylFNM21KrgXhrKWaoCslKtXe78WI=":{"valueMac":{"type":"Buffer","data":"ldPp3ZR8RBqBOOK0Ig+28txEo9+mGPqe+HuV4c8pOZ0="}},"pPB/gpP67K3svzRPA7CZrY3Jeddcwv5W/rj/PHYO96o=":{"valueMac":{"type":"Buffer","data":"k8mmaXZzKQEVnoSC0mebXv6tm5i/1EKWBIUTT5zYzN0="}},"ptDe3ttzM7cOmQJ5oYrElGpJjz+4iPT331/FqVjTxmI=":{"valueMac":{"type":"Buffer","data":"tpU0xqlYFg1O9LrYs4WVhHlpbtPJGUumGXPu2McijYM="}},"p/rp/lT/onPbCNhQZtth2VLsBzj8q528Pkkj7WRUAHw=":{"valueMac":{"type":"Buffer","data":"5/fFyrb12wwHfLX5kYOs5GpLf7Dn5dO1OXUm8ed2YI0="}},"qHBGf+NMAAwokKCDJvav0IlxEPZAEAKU3uH7/VRd62M=":{"valueMac":{"type":"Buffer","data":"OQQz8N7uKPo+wSyj+vAXD15DQcC93cKmG+vMz/YEmag="}},"qLT8yZifRgAwjRqMFD0haB6hZAhg1ilyn1MoQKXZNfk=":{"valueMac":{"type":"Buffer","data":"GSp+kFJFpzFbEK+p24lUg31CLk1Z+Z9IlyXsDAmf9yU="}},"qQnon8uWnt5CuwWdDhWRrXtIJ/mk9UHqIZCrXNklJ88=":{"valueMac":{"type":"Buffer","data":"u5kd7q/UTJYELnsY5mU9KlfJj5yswNikMkq7tVZnNik="}},"qmutKJcJ7/KRYROld0kWsbz9/t1z81mKisNl7AJwNeY=":{"valueMac":{"type":"Buffer","data":"ZP+8BmB/t4apodOCRQSuOEOjs5SXAR40DTHS8pAUKSg="}},"rA6DC6mozPm7Txyc1gcM+bS3WiRekBV99/Mc3D9CdZY=":{"valueMac":{"type":"Buffer","data":"vENbo0t9MsS/miGwEFv4abkYNtEi5d1RrvkGAWtjWnA="}},"rU3GPqKR7/XO1UIcvERqFmGRW8ST8zkwAAViluvxL20=":{"valueMac":{"type":"Buffer","data":"EmEVrbiIy10g+HpfH49VOw1YdOd8T/SKrUTJXbjQV8M="}},"so4PH+S17SJmX8C9nmWxh8luBXq4YpBKQYr6/hScDgI=":{"valueMac":{"type":"Buffer","data":"etOk6ZFmU8PEE1839R0URYHiIcPArUWmyrDLypfN7eA="}},"tOXEbB8fOJhvQfA+UwZ5ntkChA966R8a4fcK0y9ekdU=":{"valueMac":{"type":"Buffer","data":"OqJpCJ7PJ1cAdmYWNDOP1DYxIpasVyWrk/SPwb1yfVU="}},"tlN/GrPvp+xAwi1PayVy+ip/cJhp500jHOoLFJDLSlk=":{"valueMac":{"type":"Buffer","data":"j72L5tpXJ2pOlPGUtX5dRJrkxfmVnueSTSCjMNcTKPo="}},"t8CoO3exyKjCDhADNnU6ARl2fkbDwvZ3oU0CNqRIjsw=":{"valueMac":{"type":"Buffer","data":"0lWs1lL2EtkbFD6PhlXe0ypL7iseWxaQfRncU6G9bQs="}},"uJtvPxa9fB7AyC6LeV3WDMQ931C0ND2WHreM/qZ1gh0=":{"valueMac":{"type":"Buffer","data":"naE2iPWQ0h7/b7FETbE9AyZPQQjLUCPc2/AdlwFjUjo="}},"u+kijecUZsv+Fc4ToktK40S/oStgynK5i/PIqs8s4j8=":{"valueMac":{"type":"Buffer","data":"McckUw4gMjeXAfsp+lc2FmQ+kDxXlyZVcOguuUUWeEE="}},"vGhB3hmFi9S1fNDca9vFQGzieMXK+j9EqmxdR3RuoQ4=":{"valueMac":{"type":"Buffer","data":"xni1xLKuD3SOhbdrrFV9E1clzXZpBUcPpTCMHF5Y5P0="}},"vLtR9WmuVGYejPyKc6GN+dhLRZ4PpWeuy45tGtHQmHo=":{"valueMac":{"type":"Buffer","data":"nHclPLC7vQgou/O8KmpSSofk8UpLKEaU5R/RFWQEvms="}},"vWux+vxABFvqlVvppiuCqjOAyw4Lo3nhLWW52I1mR14=":{"valueMac":{"type":"Buffer","data":"Zcof1r4gHvIqsDSAeBZFZb1gAZLPS+Xdj2VuxX+iWJQ="}},"vjycm6ZS1g9pYZ/xuIlejssSOO+JWa6aVltwZU7T49Y=":{"valueMac":{"type":"Buffer","data":"CMf/XZk58flLFogOg4qIelFovqFSR1xsdHntf3JuXc0="}},"w9dWFQn9ib9v233UDTaBLPvPgFImnDx24Njq4k5wSao=":{"valueMac":{"type":"Buffer","data":"XkNiKump6Xb4VXUow4S4X87uRuLBXbqiwlAdiO2J/9g="}},"xBzGo7dQlUG10Z5rFBiTsvVe/UpzBKJUElZWjj7kKAw=":{"valueMac":{"type":"Buffer","data":"pAUsbMLBQ0jA4b796ojTXYjl64mCQgNIMCoRB+G5/EA="}},"x+AQiD24/Gz1y93jGXxi1rjcKf9pR1r/d7R9dtiTqHw=":{"valueMac":{"type":"Buffer","data":"G9OWq8nB2TLecVQeiwKoLNLX6vgSGU2hEYKnOGlrZRw="}},"y8rdNpaWKwZwaUUf+3m1jct5nB2R8/BNZAnt4a1k3ik=":{"valueMac":{"type":"Buffer","data":"/ka9ZtWE8APejhDIPgrBiMDMS9HDy0GUNXlgNT/fduw="}},"zS2QwP/PfaQguefSO4ErVa9LiWAagP2eJc9vCl2BOw0=":{"valueMac":{"type":"Buffer","data":"U0rB0i69k9MCYO2kKxEubxirDWgln4BphyimVgKbuGI="}},"0YvV7Dx3BhD1gmrZDi86TlLxCERyITFtDKBTKs9nbaA=":{"valueMac":{"type":"Buffer","data":"nZssfGAp26vfkHGR320RECDzXckvq+Z0q2mLHAmPC2M="}},"0coAre/X82tkmlUcAmsTkavNEJbATIvLkaRTkx/TULk=":{"valueMac":{"type":"Buffer","data":"uP4MBD4sXDj6lnjj4WbFt5e/p3ZmPZll8GLXRJWtDqI="}},"1FCI8/1JO5288NT90X+mi5QS4Eb1y56stw1v5xQCRdo=":{"valueMac":{"type":"Buffer","data":"oWJNEcs/hVeKSFL+IV7wu9SILxNNY0avjN9rB5ozSXU="}},"2S91OKd/CpB0t/4mWlyk/0ukKCGsP7H2Ln99zjKCFN8=":{"valueMac":{"type":"Buffer","data":"m9y8zU8XNF9t52u2aGzErJ2fWt548SwQSQQcek4fxXg="}},"3f6FDiB+2yY8h0StOi8fjgLdELTRhvS80tLO/stWCDg=":{"valueMac":{"type":"Buffer","data":"ViBtAEq0TRqv3ZaSxeX59vedSZEXD66kTx4fXy0HxrU="}},"3mqbaJZCgMY8NfWYVThRGHwT+t7CgvLET92VHFXTvVs=":{"valueMac":{"type":"Buffer","data":"Pp4I1Wi5iUkZ8RVBmoea2fDCu2QgI7ykDdoVPpnRmIw="}},"3sGbakGn1EnE6dHKlcnPm8rXvydN+ipS1bJm+WGJj9s=":{"valueMac":{"type":"Buffer","data":"E+OhDbUOnlJWpNBgKYc4KLmozyQURwS3yGlUBy7UiIM="}},"4Az2POWrj3MtRyTzQ5j//VSM6DNnj4aJeoRJaR3Yryw=":{"valueMac":{"type":"Buffer","data":"+II/FoiLd6JQeJRXejBASv9uNs+wFdCGo47QV4Ca/wc="}},"4PROVGNPZuW1GLI3N5vn0rm37YyTW7MxgNC7RYi5H4s=":{"valueMac":{"type":"Buffer","data":"2MTfRqsbGwxp3BKcyTEtzui6tXfvGMt8+wK13b4dC3c="}},"4WxsntkSaAXWdk+ITFevYs/uuncmGi1N3/FyzWfGPNY=":{"valueMac":{"type":"Buffer","data":"TvmjPIWLihm8elwGmExFNgmmzDzaas8o4efmFeTQ/lg="}},"4dTjC5PGQoOlX5s+9rdwMxfgMunFo/qpITofMdCUkkA=":{"valueMac":{"type":"Buffer","data":"Qm+g0IEqyhuy1xTfpW8x0eujvK55clvi8rR6ekB49wY="}},"5hDZFcfrb4OdBXp9X99SIrsNEbtbeSn7/Pl5G5TJgLo=":{"valueMac":{"type":"Buffer","data":"fha+h1SznLylyo+pAXs0WxaF/xIaGQgpPwB2CwIjtO4="}},"6ByTdWP/Ok+XmRhmQKm5eMESh7/V3vpwwOgz6ppG8wE=":{"valueMac":{"type":"Buffer","data":"VPcKe6AAsEiUmIuIhbP4WLCRGIuVvRatznXEZgPmmic="}},"6NlU/LSeM2+O+xD1jHdnQ3CKfejQ7dIwp8kjfOMJhsc=":{"valueMac":{"type":"Buffer","data":"o5lm4Ic0EkxDrpGPEeVdsNAzKDL/qgfc5/5MjXGPbow="}},"6VkdbOQ6tSnxL3zOhSBVc4YIivXlcJWPEQgGUXpxITg=":{"valueMac":{"type":"Buffer","data":"R34sR3AHeCRaObKA9LUxn0uZq4NEgLyS7VaUdcuGjbU="}},"6WDuLTX0pRxU4EKPMS+w7RSYa9nsfc/RW+ok1APjA64=":{"valueMac":{"type":"Buffer","data":"ODF8jkfenv+uNIcSBW32mhbytkScPFONR/nlcIiwDqE="}},"607iq9+iJCnaUVF/Z4ToBWk+1zEKT5PH/YYiyGOd5Ws=":{"valueMac":{"type":"Buffer","data":"bbk9TrwUwbUZtnqeZF11ZT0StKzqxSlGzraUhpiQH58="}},"7SNWtFVYkeyowFQFNGwbOBxP2+KIeUaE2tSt9eFljJ0=":{"valueMac":{"type":"Buffer","data":"dT/t14HfU256rq5rpFeSCqV5zljYNHYR4AhGVOZjHuw="}},"8VRLNX6RADJVJKMHNUyAaNLUhDfjNV/m2FuN4TxKcvc=":{"valueMac":{"type":"Buffer","data":"4ZQtbTDlEn8ucP64g4KlEgLTVn/iZrcO3toSsraRvzw="}},"8WXK3VEWnfRhhf8TISIJDO5YuoGF7P/t+PzikSYO+Jk=":{"valueMac":{"type":"Buffer","data":"GtUIbEiRi/n5MGstFJB2D0Ia3IaF4R791lf0zFj8iJU="}},"9PqnErZBIhKg271uMYOxReeUSsQPxpYta4R2GJySS7k=":{"valueMac":{"type":"Buffer","data":"jBe7VNmcmHHjTklEkxG9SGri2QdLam0TfIsapY2HsNU="}},"9taAXGaQS4WIxiaZW84JJjah0DvLCDP67d4Os+vawTI=":{"valueMac":{"type":"Buffer","data":"T+A22YjARsmUiJBbTLPNH1H3UuEx5ZwriPkDwf5vSLg="}},"+EkgRBOtz1dh75DAsZJNF66AXUQMhjnvwPWEId8JE2E=":{"valueMac":{"type":"Buffer","data":"aL356xLuVaNz25DFKeus7vogccDLCFPKvhDB1mUnEN8="}},"/dfS2LFKQMANhumbG1ASiWTOyjRU1cbFwwvUsX83Bzc=":{"valueMac":{"type":"Buffer","data":"nBGgBdbp4V/962pjvV3endb5q/jH3U8wVOrpGxB8T98="}},"vDjDJRc2AAqryI5HYfBSIxsZAil2DHEvWv4jlLh0jnk=":{"valueMac":{"type":"Buffer","data":"89XYs6HYeplbbX88CyZW9JcQKm8y3Zkg8nRCQ29AYmI="}},"D7mgny70i3oIUGcBn4w5R6sU2rLnXc2+1OHxG1JQMTQ=":{"valueMac":{"type":"Buffer","data":"+QKsHE5IDj4YInoRu1KyDP+CAfU750trYLuESNRnq1Q="}}}}