{"version":17,"hash":{"type":"Buffer","data":"+HfKTcwdioDkL30jK54+JAhUYmePKa6YCGbBALBUzB3ykYRhjisqubedhnA/op65RO5z/aWPQkXe6q9iDo4Z9jsy1nxk1qPA+SKlIWKGd54p+u7ey9kQF5Di5Xt9u7uMHI9ffeFfsYLPEqYA6w0iEx2D6k+89Tgg6MWrppCgQ8A="},"indexValueMap":{"CZL+cguRHvBCrElFFX+wjgRpQx8Adxyvm3mAq7g1B8A=":{"valueMac":{"type":"Buffer","data":"wE7af9Mqp6B8lwYGyrhVrWbEBB3Ia8b/jaG/sBaI3t0="}},"DL/jN12y8sKKcqFl4iBK2Y6of0GcU2mw2RjjuFbzu3I=":{"valueMac":{"type":"Buffer","data":"HHLESTf2X8VU2O5u3/gCTjB0lApWqYn6hCq/ElXfZUY="}},"Dm4ZsFAU6CAPwsdnzbQITJnFplK6B3cPKpEpgLczCo8=":{"valueMac":{"type":"Buffer","data":"TdmIrHR5gcD1B5V6jWWt3eqCn2g9Slio90BZL8bpW+4="}},"GvxY2JFps46Icm5HXpq3GucRnaUUrWMw5Q/fiulg9fk=":{"valueMac":{"type":"Buffer","data":"cye7T0tEC3rt3/kuUKTT8cbYG6HXsQqIYdXadFtHXhw="}},"J/clJZy7i7tBmsPJ+LcgNLYFfxm2eqzSFlkG1SaGSZU=":{"valueMac":{"type":"Buffer","data":"rTyTPYU8aHGlcgmKO4LRW2ohSfg3xFPpqGFFJRXXbiU="}},"K21SvIUXyWhJmF+/iIFr8C6o37922Y6v4lwbv5w5pPA=":{"valueMac":{"type":"Buffer","data":"sNYoXk4ZR7Oe97ZCrYQ+PKoC3WinZ1QR3CoPkpd2lCA="}},"Lok7akSf7Ke1F8uRx4I1hpP9OaAoaYaOaPCoZM7kq3g=":{"valueMac":{"type":"Buffer","data":"YQdbcg2Qwp8R6qjs7xPpPATws06WfTx3EeP1wC0eEcY="}},"MtOi0muHxEHRJS/OZfEQyIt4z5uL5BTztIKeZYdGIq8=":{"valueMac":{"type":"Buffer","data":"33/oJ3WQyOCaEqVT7C6fmhihz8Sy6QccMDKUUTZsK6o="}},"M2h7meZDeLbxeKTj8J02Z0JXO3+CWnbpdgT139p0FDc=":{"valueMac":{"type":"Buffer","data":"T3PdYfg65AMHU2s9fiNuGwh2MLXjBlaLPlMOF0gDPKQ="}},"NLgZsbI/mkWB2V6YC/VQvm0sz5w0Uh5OACx6a2+zNBw=":{"valueMac":{"type":"Buffer","data":"UL6WcYVjrJJQ6I5lJKXQNjnJnCYj4LdM6Q59MVe5XbE="}},"NQKc8zQjkh0Eblv1VDU9gL+L14cnM0ZvCZFnf/lHbZo=":{"valueMac":{"type":"Buffer","data":"SJCJddztdR6Yoh42tVCbzr4PYyHjOjSBY5W2r94fZVg="}},"O8KSUGhMUAcApq+RmF56k1eJhUQoE4gpGIFwTDEEArg=":{"valueMac":{"type":"Buffer","data":"EZ9odO46CHuGyUr7ay3v6mSAXkpyKpG2vi5QrLDVrQE="}},"T38K+NKIojmV7kXHN3LMiAXwEmQs8wlO5vvs0DwmsPE=":{"valueMac":{"type":"Buffer","data":"i5j/dCC5w5hVU/MAGomvMEeHoewPdZXXelOgKKhA/ck="}},"Wevb4YWnI0u3jZgzYKcvw0ruPfZ9MpBz15sDsZfpqjg=":{"valueMac":{"type":"Buffer","data":"blRSiPkTyJN/rMUruxYf2hvu4FDfS/1XQg/7Jw155B8="}},"ZVK6chC+BIItoVxXohxfIyK8Sv69B8VhF4UyrM4vUhg=":{"valueMac":{"type":"Buffer","data":"7n3pTrXFXxVWxHnMGOFP3+OPjtKlwxiW62d/v32cWO4="}},"ZWg2BbdoeMk+4PbPWBZp54w+sRolS9oFOnRDSWWXPak=":{"valueMac":{"type":"Buffer","data":"/jTc6sqN0VoS5WLXjPZc2+CzlG7dJ6akLIGSUyLH/E4="}},"ZXDIouRfeQUoBwkobwOKFIRWLBwAFA9bPcZTgX/eDi8=":{"valueMac":{"type":"Buffer","data":"0OXWHeEaAqgZtuk7f9UlcAVLX5sxtahZNaRQzoMrh5E="}},"Z3tD3m+pgCvgeZq+jkzG31FWA0MDlx+fRYJOOGhLbxo=":{"valueMac":{"type":"Buffer","data":"4rH858JRKSM7OPsskdXkm5HIFp4ZTWQInqbb5jmaAHw="}},"bkYIBIN+pYgJOd9txep2QNM93sQ7q0Cb/SX53s53Vdw=":{"valueMac":{"type":"Buffer","data":"TEBdVr44cIZahMEN/HTXPuD2MUsRM8wIsfHOkwEXnAs="}},"f8tUGdMHSkgn8rw1xqmh1PaYiIDbTZDuF5Ht13DZZFY=":{"valueMac":{"type":"Buffer","data":"rBASyUsvtnZ0ArqJIUJrhHaGEQXe1V2fMbUbMuYGLjk="}},"hejlV30oI15jMsKd1nSE86v//DWNjwmPklZ3oXKZuZk=":{"valueMac":{"type":"Buffer","data":"+IxjkMbki75LgZEXF4yuPtRDreNP9JqOaxxHnY56hgI="}},"iPwUaDutADDZZ6aFu9vFQqSTc5ZT7VvQWqfOb6F9Iag=":{"valueMac":{"type":"Buffer","data":"DdjxGFJ63q/Z8H5FTH0DcrnvOD5WLBon7px58T0ityo="}},"jx2Qmood+2Ph/S40WzA73EDjtms9B8hdbY54I5UHra8=":{"valueMac":{"type":"Buffer","data":"pUIXCyRCIKt5fL8AjNU6gUgNIgEezDGmNX02/Oxv7xA="}},"ku5AOEh3lP/rrWroFvl5/S0tlsF0ad7qRqtgrKf2zYk=":{"valueMac":{"type":"Buffer","data":"jeomoklgsB/A5/av6ltamyIplQ45cOEVS8A/UB19TVM="}},"mYLmrquExHv/ppgyCj4Nnp4WbFj8dgPnMeVIvNMcenc=":{"valueMac":{"type":"Buffer","data":"SjJhtRIjXiqqla9gt8pcnhIaMPSiahCk975jIa6thio="}},"m6xGLQ1vzgGy5SNFkZ9jHJ+9n/4Hr28y9tl76NxIOxs=":{"valueMac":{"type":"Buffer","data":"BB6NkHgF10y05/Yu1qR9m+Q/0iguBALDQprEtPW+5Gs="}},"n4pqET3qioxVF1RCZ7R2w4lrjTYo2R/egj80/q4bHqM=":{"valueMac":{"type":"Buffer","data":"k0w4YR+1AKyXJppfahA+VSrMwA+VCJfg6mmudGZbLN4="}},"oO5HsM3eIOY/KkBbngoMDsgtU27cB5e14lNPN/HLmhE=":{"valueMac":{"type":"Buffer","data":"J32kJOQLlPrWL/Sc0KPUrBp+VZkI0q975UXD90QQn/g="}},"sbE+YnQB/Lyct9iTUf1dYwkMcrjkzXR8G0ZL7D8qt2s=":{"valueMac":{"type":"Buffer","data":"wJ1J0kKhigIUknWYcmtVlbpsomxSiV/LX6kITeVCIlY="}},"szJbj1AlhuIPszWGm57jRQzt4MElefeGKLd3iJfJY6M=":{"valueMac":{"type":"Buffer","data":"EQMSv9+Kp3kjfc4th3kGphcFFqZcJHWNrhDPp8UL/XU="}},"xzEGHgfs4hZ4ngutZDq8faGlhr7VaD+q61Oeb/5/Z7U=":{"valueMac":{"type":"Buffer","data":"acCey1r9UrkGEqCZuIeZSxt5qqjk5tP+cq2Q7/AqN8U="}},"8CyFvA/ZZWHCVOXCLqFDt1VWzl3jPscwir8N4FbJUpA=":{"valueMac":{"type":"Buffer","data":"zSz0rCtj0M1bCMuemKvDx+kICfnqIvxVqJH/AD62oAo="}},"8ZpKkOyeP7KIdIiNpNaUsiy9yZS4r5ae/rYOxMpC0vE=":{"valueMac":{"type":"Buffer","data":"PBkkeDjRhP4lj6Zm6enmDaDPyspeAZea3uiNsX057wY="}},"8bugMqFqhYOooC+lKBXwTpMlyyXz209sMKxYikiNhQw=":{"valueMac":{"type":"Buffer","data":"RsG0n52USWMkZux6nYHzjTTPAJpzBEIR5TgIpy4tqbI="}},"+Eu1ymw97fj3yhvKJscs52sWaYh9Fk0L/HmqUSMX8og=":{"valueMac":{"type":"Buffer","data":"VRw7F28PVteAkLrhR7seU8AzQmYp9WfiwT2bb3G6cfA="}},"+qqjBZ/Yle/zvPpHxbxJMCMn2ipJeMb07FZ7u8DVVo8=":{"valueMac":{"type":"Buffer","data":"j62ROBjjyi5xjmkOAXQULQj3rKHUf3tnnnLOLIdNcmE="}},"IM8F6DCrMLT8Qllyh/mSmkF1Oao5az4IbgNYwCRlc/4=":{"valueMac":{"type":"Buffer","data":"91UyWmWD231Z8UK9naRpfB0xNolceO5NHhYxP8RlHr8="}},"ow432TRspZMQ3teQBVXnfMiaGexKdEjabU0ohROEy+w=":{"valueMac":{"type":"Buffer","data":"pY5lqybfJJfNh+wBjS9SJq9jzwRKkbjoaOStj0hxDFY="}}}}