{"version":2,"hash":{"type":"Buffer","data":"9zYpCChY9DsVpwD/3RQTDZUuWDa9D0UDRf2Que9SUr7w9A8vSSwYPufh9ejfezXpkp9lCfDAGHSNP0/4gyI1JF0zBF8Z24FVE4rPqsr+DYIJBkwTSWZWvWNl9QsYvrIFT2ChXJeGGPk3lGzKlG1MYRulK+BpxTCJip0HQFgegLQ="},"indexValueMap":{"qxWwHQEujq32Cy8yo5oLCJ5KdHdFBBBuB2XgmiVg0BY=":{"valueMac":{"type":"Buffer","data":"h9IUDcpEteLiQPoK/zXF2AncjL3+Lxyq5NFJaGoR8xQ="}},"rQVTOThn0X6NAZaeLlcKBlxWz1h9lekjHSSQSAkYQrA=":{"valueMac":{"type":"Buffer","data":"r78rFEYuD4LTIS//kCYDFcxCO50Wr586Ttn4cMjTZlY="}},"z7UB0Ziv1PlexcbKrSBJ78HMdgtLppQECz7UnMXQPO4=":{"valueMac":{"type":"Buffer","data":"DWF1OnlvVWx6QUjPL56GdxQ+GlvSGGNINyb29Dxie2s="}},"h5nBaSoL47GuUBiuimsLJ3dxSbP1OfZOFqP5v4dnR/E=":{"valueMac":{"type":"Buffer","data":"oCnL1MnSyzebYzXezlf7cz/NdSfuEAoovIvpf1ku7P8="}},"5sMrGH/FkxuFRhs4zyxTYzt4Eqt7EixfQuxkBTtgS3Q=":{"valueMac":{"type":"Buffer","data":"rkNGKsGY8oW0X0+jaIrbtqeWy7DBJu9kaxk8gfD92Is="}},"tOeaziwaQd1WUbitV9VC0qr9gen2kWH/VMStbxL3U8M=":{"valueMac":{"type":"Buffer","data":"AIVqTYwRdUxm1fhYN0gBoC9UMY2/YWwZJWUi5Rb0/8M="}},"x6XBNXcFg20Dos/gzgme7owCqVSOZ9Si8QvwNrASSgo=":{"valueMac":{"type":"Buffer","data":"d6IaUHiabOJy/UNJMCAZPRkig2YJG1d/OTytUlyyC9A="}},"HHw9LKMzLGTxECbwgU5s74vlpehpMVbBwoF6T5tKfwg=":{"valueMac":{"type":"Buffer","data":"zdgAbtUxvEgfEQ4n+B3+klcV/EV06VZidWQzNAFTDGE="}},"sD2NK+MT2HYiqPb47ud51oEkE7xOciEg4N31RS4ogLE=":{"valueMac":{"type":"Buffer","data":"eowX2yHkEJJn27VxEXRzeq/SXAdfheCEMzPhUvCeWCM="}},"mCKlPrIO9u93Aw47k2n5WddtZKz2TOeX9DRlOMh3ePc=":{"valueMac":{"type":"Buffer","data":"ZphpZ1/aPTxBVO4HUTR1jlzTyhsvvWhFxusRRt4zqOE="}},"Jk2wB7u6rkZGFoU7weN/XH8jZpIU/VsqmMnG8snvkO4=":{"valueMac":{"type":"Buffer","data":"XfDryxhelwewnbtMY4njffJ4XrjZWYS5SY34Gy/NYTo="}},"e9YDEcJ6mH67otiMhPrdZ02TbVR6gUM4KlJ8aoKX3TY=":{"valueMac":{"type":"Buffer","data":"x5GD2ByiuixMEcx3TNssEM49PtETSMVT0v/3VcPvtyg="}}}}