{"version":6,"hash":{"type":"Buffer","data":"K3e6TnWKtxpzsWNSEGARqdAdIMRG2e7QEp6M6JF7TYDpWSNnSJIP1++BuxCgaJh8Lk7HgpSRa41vxLwbWMA+Z/0dgfP9JH9x+0lu6s+ls0PWK74deV8CT4jMhQNCniPs0U6/oknNXvqnqPfFKqJqmjGg78ZGWVMbP1FvR9o6I58="},"indexValueMap":{"2lVm+CiKKpW6gv/7cjQmU0j2Q6EY39a53nXau3ZIB80=":{"valueMac":{"type":"Buffer","data":"fH4JMVVWs9Gyt5wlW0reoU7CQIWgYhlKXrKaTTVwveA="}},"+nntyQSA9JcntKfCVGRtdLD3kSfYQvKnuw4dRTuUDt0=":{"valueMac":{"type":"Buffer","data":"gdKv7HKWSeYCaUq/CCzEL/r1gF/5nMyztyx1XoQlL5I="}},"qQsBVT+TQvC9lsyP9ZFx/nh0cnR0mrJeqvOuUgEi4Kk=":{"valueMac":{"type":"Buffer","data":"BfxxnDQT828GL23xtxh/4/V5o5ldH0ZhprIIb1HpUjs="}},"9FC2B0t2SPly8vA0ER0Mg/IVjFjDTowtdceNU5z4U8g=":{"valueMac":{"type":"Buffer","data":"oMVqzSJLU8ffpoVKK0VsMWX4Lyr99QeqrNz+JchMCSY="}},"QHNzj7ry1ZeRxe8RBiDNlW3buHrhHoOsa3Ad/qzx1Dc=":{"valueMac":{"type":"Buffer","data":"L9UuFL0foXnU/PRdXkufs3gjxbzBcj9+ym3Fi/QVGN0="}},"l3/NPO2f/gW9CNjIYGlEspj7LHJhUFvONdfDaJYwWaQ=":{"valueMac":{"type":"Buffer","data":"6GZZ5MA0/elQBBy2cVo/GHnOBx+b0ZqTH4hL0NXX0Qs="}},"CKmExJ6MqAts1WRGtOv56BtZTzL1UiqAp7AduI4CaDM=":{"valueMac":{"type":"Buffer","data":"Bek93pKsrpXg6zkOXXLdnpJSZvshWQB/PHg8KGvKriw="}},"5DFVmGaKdZkb1GHEBF1yGWHyDbIMXPCPugSC7eY9ZbY=":{"valueMac":{"type":"Buffer","data":"n5nfNLB4weBzAFYKt/Z/IfLDir9Cuq4whT1nuBa3eUo="}},"H4GO5+r6+QnnHCxWhky5yOmmy4V1yIcw5bETCwU7jCU=":{"valueMac":{"type":"Buffer","data":"VmJETCTgpdwhhCpxM9FpCAynnh0phRZKGlig9zrOdFg="}}}}