{"version":3,"hash":{"type":"Buffer","data":"hvTvqd6oDmp7ha/5rRWX0TY9aBEWyO2Si6Emvgsz/mryCBr5LnweBE2i8DYJIdtAweHqILs0H4arFxTGIuVHomIRrzXi6pO13ZNALfviyly4me2eCejRlT6Ar6aPhQf89Brp1oVIaBYnt2G7beNMilA6OHGMIegn9wSRJD2sYuY="},"indexValueMap":{"BLLeQ4hUXdbtjj5HZC+P4HES3qq7wUII6E6kzjNQIH4=":{"valueMac":{"type":"Buffer","data":"ioIfnG3zol+YR1G08M9aGc3qipikaQsa5lbw/9ihTtQ="}},"OqrX4v1u3CqIb2DNA/WIj+WwT4GA8ZeExwmRBDbMHoY=":{"valueMac":{"type":"Buffer","data":"HAA1lzXLHCJ4LzyRZad/M/aX2eoGZjnZPZteQjsy3qE="}},"WnCdUjvuePg49zz0G6C/B8RlGKxEepLQYcD4aAJuUds=":{"valueMac":{"type":"Buffer","data":"f6gtXlbpe2ng9wSDFE+5EJmFVnEFicaae+GJf+48VK8="}},"o9kAISeAtRF94sWVKkdrqMLrdDvzYYoEmE0QC96f4Fo=":{"valueMac":{"type":"Buffer","data":"NNrlJvBq+JYe3sck20Bk+/2txnjs/90k7YyIkxFRG2U="}},"46QYE6hO2EFfKGlxHdeVFPtobvso5AKFSrp6aSPaXkI=":{"valueMac":{"type":"Buffer","data":"33yMj8pbjI4guFjNxKRkPIgLRrlrUZtpYHT/tVLYX8A="}},"jcWApFBLCHrj+vWm8NT/ei5rOF1ZHsLfw7ICv2ZF3L4=":{"valueMac":{"type":"Buffer","data":"j6BS2WxIScJIeDQeMPaQGJc3or/vRjKn7xUkLB+z0I8="}},"QVksIu4lv00wrjlCEwbjTmwREZ2CyoE33DPKoB4DiZ0=":{"valueMac":{"type":"Buffer","data":"o1RweJbr0YeTlsj7TNsi7/wy8Vrx5fp3NR1mhAHKgJ0="}},"N42tcMZNQ0CmJQYtvi6zWhxarsX0E9SXWZXXAU2YzOU=":{"valueMac":{"type":"Buffer","data":"mmI12WMiixqBTmXVSPHpQy/iWmdE7J2sVAaQtVeVopA="}},"helQdZmcUEVJ8FPA3ZOC8L87mZax9L+vZwuzD/W8Mao=":{"valueMac":{"type":"Buffer","data":"aLIx4EIf5v3Bp3eIO2rbuI/wS6qKWNlMeIIWmTSfI3I="}},"gO4XajP/Zq7Rbt3uMAFqy1A8DwehLQd7sTrFq7Hagfs=":{"valueMac":{"type":"Buffer","data":"1h3Ajiix+DiQYqWWzhJdzECXb31HRu6whVCg4j2qi38="}},"AAkZGokh49me9KS33Y+/8hxWB6vTtEJDQw9tKYTmWXU=":{"valueMac":{"type":"Buffer","data":"yd0B0mcAGlUQ9+k1CdKfY8bsPH4z3kfDmwu9cXPcyRE="}},"YnEkXRg8sDtv6QrQRvjJCjKKRefBY3jci4Xs2fmLzuw=":{"valueMac":{"type":"Buffer","data":"2BYQXaAvTYlmgIF1SGyT0jnT+qSvqhU2OttYobhwppw="}}}}