{"version":4,"hash":{"type":"Buffer","data":"UPxN4Rlimg/Z1bscrvoI5Q8eeozRFXewXMjNlSfdLMmdI2/faoaRPP1SkjLDAysDcroZGXULrNW+Lta+fodxQswLHO2NBApf4WOEDkj8R9Mtb3jPttegJ2VWD9ldey3TNogUWZW2BdsE3l3MtD6kJ0xn3/OZSMO27kOy1fGtKUc="},"indexValueMap":{"CQws9/yrQjrK2Sbw0dJ+sZpoywp0SmhIl5ZkboFEftE=":{"valueMac":{"type":"Buffer","data":"hTwOnw1nHxusHU/bozrpEFkU4MHRMElbGf/TE0067cw="}},"SV8b8vrSGC/uPg6FVbdYtxM6Tqz3Gw8LO9Y+04Ht1qM=":{"valueMac":{"type":"Buffer","data":"Rpw3PYOXM0ReGVK+01197rCp5eyFFkUT0bh6NdYJ4IQ="}},"1V2KgBCQhpN0xLglP5feYAM2qKXBxyf16RH/5QXLbuI=":{"valueMac":{"type":"Buffer","data":"shGiSbIp+YIOkN3kJYL7NzM+jM4BlITP+uWrzH5vlr4="}},"9ZUADLu9BZakg8fH5xa2UO9sQm3/AuYLiQmQf4t4jqs=":{"valueMac":{"type":"Buffer","data":"8QIpMk2ZsbKMXCaMqJIgro0kr/VfIDOrrbTLppeUGiI="}},"H6LZFPQMwAwkSRK8nkddTFnKvgTa4Of8gWn+LpFeXho=":{"valueMac":{"type":"Buffer","data":"7e3Xp3hUZnD32/6Urg5pIXc76xVKduaa8ZwS1tpTYWg="}},"zFjHrLlBm5Kn3cU/VZIG17Vz3sSREFoBWlhLjxmT6Kk=":{"valueMac":{"type":"Buffer","data":"fp1Raw7ipSY6/EK2aIXBRFueP5q9sCEScFtpaZFZtfQ="}},"33pdhiiih6d3lBOi2bdbRmrN1lx3qxaLnQW3RoxEUi0=":{"valueMac":{"type":"Buffer","data":"tIAENj4T/ks/XAJUlTNx+AtJfaA9IP5iTzku8KU7+fs="}},"XWVeDkO5Mm5nnjwCTS+ZUSXx/RblxSoSRLY8pCVdKZ8=":{"valueMac":{"type":"Buffer","data":"Bjg233pHKqJqAYRymQO1kAQh+rtZ46MsMwy86zZ87CE="}},"mNQCxoaD5iDbR8E8dt+1YVPUwTd0r/jJZqbLJBzPIZg=":{"valueMac":{"type":"Buffer","data":"BkcIgvHAj7JbrNJbS+q5KWoT/C37Sa+cYHGZuv7kz9Y="}},"/5NFVbgpn26bkIUE2nY+aTSY+MXUNTxLbHePi/lDleA=":{"valueMac":{"type":"Buffer","data":"TBCMlNonP61qA8TDLNoBB8Im1QsAVGPi+hWAHgSG0Vo="}},"B9VaOX9/YTd2w0g8MDcFThUY57x3LQp0l55epCw9VLM=":{"valueMac":{"type":"Buffer","data":"v3JLKqqsUJpOFekicxXiY3vP5bKPUfGgyFEJzywrxDk="}},"EQhlSRrdxVHBri3gPDN6v0J/TK3GlnCPaAMj/1B7MhI=":{"valueMac":{"type":"Buffer","data":"aU6VUXm5in58H3UbnFWCNT5aAr7vVUZmqcsoUb1fp08="}},"9P15pVQyI6wENsOVrf/WfDbjRI/UNH0cOtBXZFMhVts=":{"valueMac":{"type":"Buffer","data":"bhyyCadQxUpf7+6G2OwIL8Wnvs/Sl75cVl+0dnpaVu0="}},"cpDqBcO7WYNIF3QIgjnimU0qA8DQqnbdAgPQ94UGIf8=":{"valueMac":{"type":"Buffer","data":"hfJ+iPk3OWWmZdVEFhmipjqqLPREP9qYXiFuQqnMcbk="}},"3DIDxLeATivF1SoDNUnsiajVPau/Btn9US5cFW6Lh4o=":{"valueMac":{"type":"Buffer","data":"Q9agWnUp/PxWOT+8Ei3qUU1DZxDJwrl+oB1/KBdODZM="}},"Df0NHUDqZCT1kXVTgXxxwzpRpt14A8fp9mY5sRw7lQA=":{"valueMac":{"type":"Buffer","data":"UVTuW22EF7sNaNXhDT204YwDL/avBbct6yctJvAIIT8="}},"+NYaIhXDNqJqmmahW9/HMbei8lINnUYodqPTlSGYU4Q=":{"valueMac":{"type":"Buffer","data":"6ju0eMUVtUfBn1sYKZBjZR2DMQFAWRqe9A1DumiQMUM="}},"HnwyurMluXlzS/9nsTQ0K1wRGmP+cFRLig3FYfm9U0w=":{"valueMac":{"type":"Buffer","data":"wIYQXvPTsfNYLcjkIYDvIm7mgpR3og24kGEPHvqLoYI="}},"PMpGAEGrQ7dzyyHvPW/GMg12+0JLLGvVTqds22iyvN0=":{"valueMac":{"type":"Buffer","data":"tItP0Hr2zeH0INE/WWAmOfZ6D6N7PS1P/8lRz/fSP+U="}},"Ee8VSbVkD2qgtRsnIpJpSCeWDDWHojAkZfdH05TA/7c=":{"valueMac":{"type":"Buffer","data":"mLK5icaxc5Rcj5BktOBU5RTPLprPA/hgciTgMzv4Tl8="}},"/ow1NjlpOBo4rQa2vQb34HNW/qkINEm5ad0CXzxQcJk=":{"valueMac":{"type":"Buffer","data":"tetLx0SSnAVGhJfPfdDe2e9YuTNrClaLnGbT/unTsng="}},"uzCJNaa5EuJysEvJ9+wDU1Kdi67fmA/LtZMSmjBLdzY=":{"valueMac":{"type":"Buffer","data":"ZSI3FPYdRQ1zRPGfpGzFOd7QPIEkRNGmZnPNy3rt2kw="}},"Nz3cUhDBKnA1AINI9YPQFZjmOJ4iO/goPpzwlfHYo7Q=":{"valueMac":{"type":"Buffer","data":"hK5U8e4BajFo4TAa/YYvQEQuYqYO+NTlIfvbFT32aAA="}},"odGlzAYmUG5Jlf+eXqOQZG+KN4bX1WAB2z5t+GHoP34=":{"valueMac":{"type":"Buffer","data":"rE+cT8GQVeLIn6t08vVeyOGtsPF0ZgcZPtuWynJs5fI="}},"/KiPynwZ4kx9fAtfrEkpXlLeZRTXUHQBXOeDP5O7zqY=":{"valueMac":{"type":"Buffer","data":"A6T3U6fyN+diVI95vHBQtfj7fcVW3c+RUqoyahcZmZg="}},"A3usBRHb8dnO4zE8D8c1Qmx6gl0dYWNfzvIBHjAdD3A=":{"valueMac":{"type":"Buffer","data":"enTNK67jliGF3v0Tzdp/vlDq1KM7Ho30cw37cqcX774="}},"qRdb0lmBtpFgvkdVF/yVxoX4my99ZafxTzvVdyknRLk=":{"valueMac":{"type":"Buffer","data":"5xEr0OZwpOavGgqY7tXfwOVvqDWf0BzFwotvVwj/b0U="}},"K1CFv/tW/1Jv6P5ghOmms2so9Aoin3+pjy7GoJ5TOok=":{"valueMac":{"type":"Buffer","data":"jX7iy7DDE4iJ13OzTS7ebYqIKh6CTpKKvBYrCaftnBc="}},"ekE89BHuZwZGG70+vdgmG4L6PVSJ7cavjSbkEkXUDJk=":{"valueMac":{"type":"Buffer","data":"tV+wfRnbFvm1uMfQrtSecursnBQAs5g9W0uoepg00d4="}},"2N0ynMNPQjO8fCpKsqGGSmTvCdPCmLC7VyBuY4VZsh8=":{"valueMac":{"type":"Buffer","data":"4mUEJZ/ae2/oi5jkIWliVQpzorOW6NqY8YRtvGHScDA="}},"XTknprMrL6/rr+YITraXY+ZcWbYlsvoG9x3PFQeSxRo=":{"valueMac":{"type":"Buffer","data":"CINaLJkk+Uhmrvg6bKqhEF1k/0oNT6Hms19OLU38eEY="}},"cOvytN6Rtt/btcW7cLXVNevLHHu5aSBfXmhNLn/OLL4=":{"valueMac":{"type":"Buffer","data":"Guauf4LHj+FMpZIDLnNaz9S69oMOx+SnZ38zpYoTdhU="}},"tlDWGUY6B8T0Cbr8GKWtCkcsX7DfnQwOXtgNoMQyjF8=":{"valueMac":{"type":"Buffer","data":"3QCYpL8pR1KPlDsXTprzBXJKB7rSyXIeqXFkZBjvRik="}},"xPAmiYoEZpwZrlC/u8DQR/1/viUFhKSjY8/DF9Nm9WA=":{"valueMac":{"type":"Buffer","data":"zqH+H9sBjvs9ih0db1KPoB9+Dtn7Dluu4t/XXqyzN2c="}},"X312PAftGe4ez86CX2j5yZ5SgYwzuGUJz/rIyZ0kKoI=":{"valueMac":{"type":"Buffer","data":"3CtC7wuWVBOmRPt661m8TK2EZCmfJuYYo/eJ0mwUgVA="}},"JvvGiE9CMyVfM6m9XlxVpCIxuj+X6ewCHciejGt0Kqw=":{"valueMac":{"type":"Buffer","data":"m7qe0baS7D0J6KuvVjdY7hERJ3qYlIUgSwPozQ9SO1w="}},"1svvCdlYHnpPec+6EH1ZsKYtfWtFpbP22+U8ICLupqE=":{"valueMac":{"type":"Buffer","data":"6OSEEViB77sFLp74X1I07a2K18c62wFuODKgBXDXtI4="}},"v8O71704BVxC59zHDPBgRd2sWigPfxg3e/41h3k5cqc=":{"valueMac":{"type":"Buffer","data":"tmqwheHHBdDHTnH3fJzwBRSj7U1H5O7ecqtAAsdvmP8="}},"rJbv9eEW8bCbS4e7LdabhzcgQKHjpS4YJqjm+cTelBo=":{"valueMac":{"type":"Buffer","data":"g78maghsXFjxk2git+3xUIvkLnyQIiCKqskmHSCU22I="}},"Zh3A83ASnjNZl3LCK8gsbMD+KlzytV2W5IRN6qD/QLc=":{"valueMac":{"type":"Buffer","data":"bXirpF2HTpA0c+ofpi/ciRLymJfPlmYwlBkwRuOclbI="}},"HL42MLF//OoWIqada/xALht+6mtZnRdmcwlW7HogzUg=":{"valueMac":{"type":"Buffer","data":"d80Dk2OFFw+auK04Zpqqq/Vqtqa3/ifd84qZ+chSCfM="}},"Yyos9XTnPVV0QbjTWycB/6llMdWtTt/IoEjq6WCdfeI=":{"valueMac":{"type":"Buffer","data":"pHq6/QDyUQL2Y9QSy5deFcI5WGojSEUKbBi/F5dTA2k="}},"PoUw0wUGW7mDyFysNIuhOwSjlnMN9ILNwLYcKx1V/7w=":{"valueMac":{"type":"Buffer","data":"AZ4ZhegeQads5Qq8hq/knNx9Sm87vfbfFaljpK/7nDU="}},"vg4HFDnKBwlVnqFTC0X4ehN24Qm7YANS8WcLmB9sBXA=":{"valueMac":{"type":"Buffer","data":"Vt8ZDoI02zE8v3ZgW/z7Dz5/8+93hBlSMm/xpfMMJ4U="}},"TNP8QNj0mpO7UYr6rgOErWfkYWX2wElVb/B7zBZ86fI=":{"valueMac":{"type":"Buffer","data":"+jMSbQUL6udNkhNPgocb/SH75aCf+dNpFr4THOhVcbA="}},"MJ7eTbK+6az+eLpCWqfrIXmnlaS4ai19pVHWEpxx89Q=":{"valueMac":{"type":"Buffer","data":"W22vqA5hrmQ5lGFuGX+8FEQ9FOuZI0TWhWlzRszoftw="}},"beYcOCyXuOCaM98mX8p47DYA9CTIl/Tl13obOXRNuv4=":{"valueMac":{"type":"Buffer","data":"Q8QYpQ/Bb7UF+dq1tla7YXPtjz2+v3vgxvUMA/w+jwk="}},"rdzCa8C6OB72tcD07XDnqaYtYpzAO2bS/rBtoirYF2o=":{"valueMac":{"type":"Buffer","data":"QUzjIEjGHIFP1XHy+wG2+2KoOTAKkWTpd/KwwUA9Gic="}},"TIFHTj5Wn9B8Z5SURZlR0LeeeVa+MB3bG0N/l0lRVh4=":{"valueMac":{"type":"Buffer","data":"MjBQzmGK9nTPpFACIbZmlQtao6NmP4gtYRMaNHt5vk4="}},"ebEuRWBlffl9wI9e/y3w3W1Kg7SpfEE/rHjkvaCxMNo=":{"valueMac":{"type":"Buffer","data":"Cxyh+cQOFnuE8Y6bIW7eEUuRJKY9qP/qJRr2dQ5WAJw="}},"NY/WzFivQxM+jt4E6JjbzRGMIblVp+KLIpHu8T00RCk=":{"valueMac":{"type":"Buffer","data":"a/n9x8+cHfvqLKrS/ulblEEh/utasjoTdoR1NbY6eQI="}},"adYR74A94aSW+A3Awb2wRNmUPpu8E5eQgYpR/5Vo5xU=":{"valueMac":{"type":"Buffer","data":"wKtiI+6mZ9WCBfD7k5FIt5OZ7DzJK7V/RQh6HlfQsGQ="}},"AiJ/W2k0hDqPoEvPs8xhkKPbe8b/Ybs7ahJe5/+FFpc=":{"valueMac":{"type":"Buffer","data":"KPItgR8KCRnghTAXiLHtG25RO1JoR7WGTWqOCgu6LR4="}},"mYRqpT6+mpkO6EjsdB0byIeigVYjLLZKyt7qY4wJ6rM=":{"valueMac":{"type":"Buffer","data":"Bh2kXHwZ+plgx7Eenz/TByEl7BMYk2MV2OaGboUJrqY="}},"kX+wtjSVvJTHIEU8qka5A4Yau7Jw4aYXQxHJ1IZxD8c=":{"valueMac":{"type":"Buffer","data":"AAb8UlABIjQWVJVdlXu+a/ii4h9j2aa4OtWfF6mGQz4="}},"DmOFcNcQbkkT2USkKmzgjYJJR/7v3fLxMDfw/CznBmI=":{"valueMac":{"type":"Buffer","data":"4MO2GAZePlQ2VTBOk9iZAtHPZLL0iDsLFP9SORnDgkk="}},"Y3qM9xd5502v/G5cmeSOkgkkXLxqTtYE0WDNDxR2Kz4=":{"valueMac":{"type":"Buffer","data":"pkhD1PCqz3fAYTx/tJt4PYJK2S+SeXIegS1fLyvE8TU="}},"B92UIzyVmskBYfC8fSAfFraUtvS5qBqEyNRfgi38hOM=":{"valueMac":{"type":"Buffer","data":"ipuYW6Ir4v5ltSLWxm21T0tQW1mJ7rStOYbaHh9xo7U="}},"UWE80H4bc6IfbllRQup3kXDeQeOofjSrnQJLqFlqmrE=":{"valueMac":{"type":"Buffer","data":"AO6xetJv2552q8/nU7s1/FWt3hfE74JSCrna2eNiFEI="}},"DqG7WFXZ1bzKiPuIY4j7wADib6HF1NxUBN4/a+h0LY8=":{"valueMac":{"type":"Buffer","data":"fotZfWpPEyHyw7+auROq/1v0EwEaYLwPO/Vog5GkqxY="}},"3cGJmyeI8OVg2073Y07yfvxuJpGV74TgXKKzsStrFW0=":{"valueMac":{"type":"Buffer","data":"iB8L2WR8c67xtJWChLv4BywVYtv0gO6tIhQ7Og5p39g="}},"BdzWBzMR0+002khcRiYOiMJcaxmyBKjrm0UzLkpXPoU=":{"valueMac":{"type":"Buffer","data":"MFw3LRH3qqLcCcOM8l2fkg2sVDtoI82nIhyQhl9d6PI="}},"s5RXTdu6qKZWBnlQUDcagqnVcZN9ncTjjFLcxptvyYE=":{"valueMac":{"type":"Buffer","data":"oDBC0cTu0O1yYLLkscVRzYek3ySB3/eYByHP2ykCM1Q="}},"CMAKiyMKJZbZ0aegJvrd68GT32EpiFYhZs8Hq9hTPwQ=":{"valueMac":{"type":"Buffer","data":"tvx9CCoMlSHyQW1twMRmC13fBTCQM39HyJemJ314X1w="}},"po0Z7jTqG/MhMDDyzlzT9LMnaFR9lkypfLsxBjFaIYM=":{"valueMac":{"type":"Buffer","data":"scLa9bscDxP1aPu9LpQRWzjXaVfCIK7VfHrO3i/BDjU="}},"xbOP+exh1M/vrbsNd2NFdu8H22GL3qaqa+zZG4gCqp8=":{"valueMac":{"type":"Buffer","data":"gu7zGO8KUoH/k0l3OBo5FZSyalqBTPNviYwHgoy4Z3c="}},"tngp67zO4cCU6/UOTFLnlO452kcANQkpZUVkke2/3Zg=":{"valueMac":{"type":"Buffer","data":"/aY7cLE/Gfn5VtTSlbUCjC0GYFfI1ZDwTRXDVBC5Kqc="}},"E8VfUzjIrkRbtSZh9D5JlFsB1P5BrCw5FIFZWbRAxSM=":{"valueMac":{"type":"Buffer","data":"q8RrBe5jATxFmEwvocDaciD3Yl7LlnYefwPlbSP5AFE="}},"NPtwwHFcAsB4PBQ/YUO8ea05+5LRWTF/tE/0xH81Wrw=":{"valueMac":{"type":"Buffer","data":"DkCVjqitjZ0QJJfhQsYmdntflKY16Fiyq9bB7G/RWmc="}},"J7UtiNFAL/dAbBM1ZgjzEcq+Lh6KPl0ABpxGiubecb8=":{"valueMac":{"type":"Buffer","data":"IilmU1xkdVDFBG7yphaxCyMLkX59Dsg9VjpAUYUt61I="}},"vdYe6tDRxtZL3O+eKlq/eJigMXRz/MqX8X9z3J2BuAg=":{"valueMac":{"type":"Buffer","data":"2h2HrasPk9cS/PDzsXjOMfyduYGxGRVJQEMrISNL4g4="}},"xyh+Y8xJItlUJyLq+B9JQH9ldpwjFaihfu3yxZgZRD4=":{"valueMac":{"type":"Buffer","data":"Fmg7ZavsHgBkWR6jI1S/8dvlUTGsWUaOcLyT7hbo4iA="}},"/Nb72Cw5S6SzVaKgZ5Yj5OguAX2ZnFZJyolDAoJo4I4=":{"valueMac":{"type":"Buffer","data":"pwKamsqD7iBTlEGA8WqnD8mCzcb80Yrqb1PU1LxuVlU="}},"KUz0L1qEScT/VQ54S2PGpxOMVjUIGGOZBxaKjtoToa8=":{"valueMac":{"type":"Buffer","data":"PTtJ/lFtKyi07tuhOK2sicadnqoJZZn5P2qRP2D4xh4="}},"iWBK6L558R9p4Po96gtR2uzqbNHBh9Mk0Icz5VA0Vlc=":{"valueMac":{"type":"Buffer","data":"oxZWaV99oLlDGrehIox+t/I90JBcbKno/1EEkotWNbc="}},"QgbIC7cAAYPH87Pmd7jmnZSZP9Bz/2DNu6yc5ewDlT8=":{"valueMac":{"type":"Buffer","data":"b3FCjtubsTqKNnWHH/AeO5Lvl0A+efysyPFYDnYQaOg="}},"xwJ1EDf4j3oUalRo34Aeln7DVuFH/jQARVq/pBPes+c=":{"valueMac":{"type":"Buffer","data":"OSD24h0beU7Ck7M8gGWxkbkS3FPIu7AJ2/5pTaC/4FY="}},"SLg+hz5SnQfiL8namOFaCgkko+JeWK3/WFvzCDTpwFI=":{"valueMac":{"type":"Buffer","data":"ZvYWvoaTPXckxHJcFsY4XGS2hVwSiHzNTbQlGFIeMnI="}},"1uBJ/0psMvcfDsggoov0CX1t9nXy2WUg+PKMM2ienPs=":{"valueMac":{"type":"Buffer","data":"r9X+bk0Yo9SxotefzA5Cc+EUV3mdrCOIoLA6clg+ncM="}},"AFokc4/Rmx6s20TSA3LFd7Qgk0ZTCYi7pc+LBudAvGQ=":{"valueMac":{"type":"Buffer","data":"9ZV/GVA45EobjWbuh7VIcRsl93U7+8dtEdkQ6/M1ph4="}},"FTMsRoRWnlw90bgTcjy9pp4ZDROHBFW5i9iBeIcMcEA=":{"valueMac":{"type":"Buffer","data":"ALSCywCIaZwqIMnKHb2GzV+9GBvV8ZJ7Z/d4mr1Bxzo="}},"gIxIqzoZG5nBVnTbwvIwF+QL/YvD8Jdek9CCQ+tlYLE=":{"valueMac":{"type":"Buffer","data":"+asIoSAmHDVmDoMY+6U3zxf5kViLLn9cx1UVYFQ3Y/A="}},"YT2WiDikomVt8S/xsdvfjGrTlk9qM1W45grGMDnRMW0=":{"valueMac":{"type":"Buffer","data":"R4VjPRCkkJ6FwV2Oasq6aHqB0R1Vo5X/ezvN8g8sluE="}},"/LFYZ8iqtsf9L1uIyaIi6LhVC9vorfqXsyLSNUgMONY=":{"valueMac":{"type":"Buffer","data":"RpmHbZsYGHywO8/bGHRDLmsLC0oWHvip2x1pTBWll4w="}},"XkrhQtxmmoJ9wdzbPRMY2q5FSdHmiB4wqaUZwpUn/7I=":{"valueMac":{"type":"Buffer","data":"9BoZGM6aoKGhbEHmUklw7bnpUBm4RdufgOAsgvRQh8A="}},"3MuL+a+jIXv/dQT7Eu5PlYhSNfCaR/ccTseKQmIkvkU=":{"valueMac":{"type":"Buffer","data":"3aX2rYi2DVrGfq/iakQzW1c9oEN37rNXeBJ6nccbAUk="}},"qYB4c6U8coZUj2iJdUSaHFNXrvci18qlO5+y0BWDhD8=":{"valueMac":{"type":"Buffer","data":"OqSjUyULIYZTHz/yD2GK3tbvj7cHoWdSvwNEyKGwi9I="}},"j6Sd7qpag3LzpeOu8mM+kQLbMylqBI5JLeiWOB1qyMw=":{"valueMac":{"type":"Buffer","data":"MztucbOSNIR0DVTR6bvb06tVJkQZ11FYjAvU8IsoQQ8="}},"33qjp1az2ssZAJY+DeHKPhqQMd41WbMPvGVYbI0PGCk=":{"valueMac":{"type":"Buffer","data":"/joRV3IeIaCNdFCILBQIrS71HCTTdcw1FRQ+bJnnVRM="}},"yqOoc96t5ieYUP5lY6puTzGcGmgdIU1oHCLsIBckehs=":{"valueMac":{"type":"Buffer","data":"3r5gXWe/pJRhJ+HTVLtEKRhXARIVA1a+M8AF7LLDdEE="}},"/b1IrcmGKkW6dK8Rbapsrozy0isCdqfHnM/K2r2ONEI=":{"valueMac":{"type":"Buffer","data":"uQpUOtqMyupEhYc1DlJXWDpxAughPSKMhqdtbkpH/54="}},"Bp4oa3WHubt8dLCuPfPRsyrAyxtoxT9yXrDDXyX8qHk=":{"valueMac":{"type":"Buffer","data":"YXoesOtRzRwLZlwfUhbFwQ6Gc+lKhHrheA3oX9C1m8E="}},"AWY2TtEhD/JupCysXi7pwFin2HCN0ef+MsNR0CTKfvw=":{"valueMac":{"type":"Buffer","data":"NaeuDzXamc/aBgizEUzswP4G4L6VsNsaS1AcNSKwbS8="}},"mZxWdn6Y9ggrmRWEHf/x6yANZ1fkw2p+CRK6E5MCaeQ=":{"valueMac":{"type":"Buffer","data":"mrxqJL2vLCl2fqCNZQ/SyhJQDjxQ1y+KO7lHNpjLsjU="}},"WGpX4lnvFiVBtqlf5RKJMw/7nFXLCxBgwAoNB/yi6DI=":{"valueMac":{"type":"Buffer","data":"Qs2trOT6SDdRQ1FN+CJpqW2M0kPsDtKIrPbdvNXjYVY="}},"DVjEMrFu/T9ifMpxvPDVhFTD5EtZRmDVVJVi11qFlAk=":{"valueMac":{"type":"Buffer","data":"HC7rpwsOGuMb5rmB6bXJi2vGe2rnm5zIZu8PCF2fc6k="}},"d1WN3yUKUjUoJXRB1lSlsND/hv209+9++IcnbQareuk=":{"valueMac":{"type":"Buffer","data":"8FojcE/VRXaBs4+S7i4WHu73Z97rR4NcfcF7whpEUR4="}},"1Sko4da1QccMReNMKIEPfzWSzoTz40ZRKwOuohGEBLQ=":{"valueMac":{"type":"Buffer","data":"XiCspKEyAd5axfk2vnCAz+bObwNHlCrlW2131E460/4="}},"72gN/JaQbNLA38y6CCSvcWAceSsKBmPf9D7PlXwTGNg=":{"valueMac":{"type":"Buffer","data":"A6wZTmkbI8klg/PAS/AQI98RBWE6GgJujWaThN1Sg9Q="}},"AKEx3IhWlqZC6duTwQe8AN0SxvvtoO1KtPeRHEBXQDA=":{"valueMac":{"type":"Buffer","data":"SY2Nix+4q1RUwQ+zY3GgxjGpeTwhjO+M/FZJ3Uo+tlY="}},"tyhzLEeDl7xqvVbmIwCNggDQo0ZOLxc005HT48Rpfzk=":{"valueMac":{"type":"Buffer","data":"UpWbkKHhZaP/cU5nytxFpe9q9mUqbAiJsos+V+QpioA="}},"FbgUMyjNncI1KIpfcU5wd5bwjE+DSEJrx04iKbn0T/E=":{"valueMac":{"type":"Buffer","data":"UHkdDwhFoC95CHjBvLqz2P+g0HjKfyL5Sc2Wvmbdccs="}},"IS1SLVgrJlfQ28ercy3mS60UhIaBXa7n1uDOTdjvJuc=":{"valueMac":{"type":"Buffer","data":"NZC0oOsqaWJlU5lbxx1VxFSOOBldCiQZCl3uyTFwMWE="}},"U/px1y37u1Q4AMta2HrUzFeMU8bCi5DOfWPs3abAsdE=":{"valueMac":{"type":"Buffer","data":"+a+3vS+UW/LRpeFiR6Vo3fkgxRCriHCzlQinJfwz46M="}},"SOiD9L8n0lOyudXShU5HMfS9K+ZuKJS+A5bgdv4vGLI=":{"valueMac":{"type":"Buffer","data":"SruB2imB09+U4nJVpb/Z1VnBz4KMPNwoP1VSCbdXEpM="}},"ihwZjpn07zvW26ZKeP0SHXiD/DCEHiGkfENX25V8mDg=":{"valueMac":{"type":"Buffer","data":"XaPIv5rW5FrlEqvFEh0kqcX5qg3b74mdjwiOe0KgwnI="}},"MmqNMvwiZJcTgwX0DacWo6AlGXL4L8CoiA1i85PNuP4=":{"valueMac":{"type":"Buffer","data":"w1mEpiVrUC9OmvBaOCNcRpJyhXelc7DyOkWjUuz0xlE="}},"uFlihuU1LZ9DfyHRrEP0w0513Jruf+VIMPZSGt4am6k=":{"valueMac":{"type":"Buffer","data":"MQJPAtCHedV0+JMRWqr8zMAjCG3i8ZReSp0P1q9/rMI="}},"i4Kx+0jrs2n4fG3GBs+f9Yy8ym2T2aiLy45T7E6/wxo=":{"valueMac":{"type":"Buffer","data":"FRTmmYP212LZmm/NQBDyp9wlhEsPfvFlzP/3oPJ7brw="}},"vxqV5tEM2dD6wVaqIHnw3UkJbkSqdUKc78YKlAo5TEA=":{"valueMac":{"type":"Buffer","data":"I4QRlUpyzGs3ZK0/6WmjyN2PRkQYz7FFKlqxjeKAZNw="}},"Z15YutCQ0OY/PIg6IrgCfe+tz3vUi8Fsuu7FPjm1Vbk=":{"valueMac":{"type":"Buffer","data":"bF/EFK98+fxbMnUWpcDtBufYUHbv3dhEgu5vWwO8xWI="}},"PbbFgKgfvlzS43RQtQE/yAaI9C8DDD+/vr0TAGuaRXU=":{"valueMac":{"type":"Buffer","data":"gQ5bJB5i5sBSURxkp5mKOmp1DVuZLPl7fgDBgoSrpEQ="}},"jqGiBA9obbtua7qfdRP96VA4wkwRx6lJ6jFrc4dLWsk=":{"valueMac":{"type":"Buffer","data":"1Bogh4UjtEM82DFkcHe9njPDKXJSgJuWmtVHklU1ExE="}},"46qcVGqPBKlNqDiBFjNYxkdTPzT1w1vuevhz888sWCM=":{"valueMac":{"type":"Buffer","data":"U+9zMJrnbvihVZ21f5LyY4prqx/+Njqz93PQUBYKmqo="}},"D5WDTV+Iwe0bDR1Rxszedslnzk16mokERckmHvlJtvY=":{"valueMac":{"type":"Buffer","data":"X+Cu91UPNVXQkJeJUr7ziAubd6vPvaEy9q5/ybSqDBw="}},"D0n+MYk0L7Xr5sYqlq+Eq4LVZ8zGUbZjiU6kpCGN97I=":{"valueMac":{"type":"Buffer","data":"JZ+6eZgI6TDx8rSg09f0xxc7wZTPuxXDUZbVpsCjJbU="}},"H4HXkTD/reMMQxe4oiV9qnh/MvzNMKgJ4AAc62AuNKw=":{"valueMac":{"type":"Buffer","data":"SciK7FyZ7pakv0KsezACRBNUZ9jQZUN9WlUSHgHgB6w="}},"ckfjZmnnio3qlSnpOFXlUAEvcdribU8HJlSvKNWu0io=":{"valueMac":{"type":"Buffer","data":"1kZW2S0gWnzOn6lMRlYHHRYoYOryjXtZtkZmQ/2KFUU="}},"mbE6Eungn/NJ5BGAoQ6ZW49+/BoYKpQtFKEudy0tpec=":{"valueMac":{"type":"Buffer","data":"TFC7Ov0X2bNEWljKsowf19Sx1ACF3GB+5BIYGN63p9E="}},"3/mw6gVlTdu4NEWTLmvyPXmOTsS2ibKbmDi+LsSU1Vg=":{"valueMac":{"type":"Buffer","data":"igeR7NA1ovtr4RqZ63zCm3kqNC3pSfN7RmMqy6OcT3Q="}},"/UPUEcM6gRO4ieFXxzeoZBHV4tgOWt45Pb78kfEJNwo=":{"valueMac":{"type":"Buffer","data":"bvt4X2CQyKXoGW2jNaRkkRywcX1PB5GwYDn5LJmeHFI="}},"MSKkydUvbe5rHRxlpSLAtZ5wIcGfbUZy0vpXRlz+TwY=":{"valueMac":{"type":"Buffer","data":"sh+8aP0DPc+TsyM2UiZjnrnfM0IH41erAST4pGCCNNU="}},"AYfFVcltVbGK7wBqAJos1n3IHzrhS0lEGzh0/rIS+jc=":{"valueMac":{"type":"Buffer","data":"FpEZhKklUKDa5Ae/91H7Sv43fnnaQPZ53MoP35di32o="}},"MpisyyOL23u8aZo1qvKk4l3fmlDmJ2Yh+A1wQAmO5pI=":{"valueMac":{"type":"Buffer","data":"dNARsC/6U/9S2Lt48lNpFxkSASt2z2ToiCJao0XWrDQ="}},"X6lOZV6RfToQNR9gJFYYlxWju6t3ABmbXs3ygr72l+M=":{"valueMac":{"type":"Buffer","data":"6WkcuKKYOsjdmWFYAGGnM11OeuUnsnINfUI7A8QmQoY="}},"CbHZwEZ81XJD6bG1LI/mf8Z4LPEqApUfwyAl9ZRJ5go=":{"valueMac":{"type":"Buffer","data":"xWu4ZqwKWmFFX55wUnEJFrDvhrbhDQ3Z2iZEp+xKdQ4="}},"92OUWIa2CAxLX5FOyLEgjVaX2yM8ixfTiC+94Q+uVC0=":{"valueMac":{"type":"Buffer","data":"Jt8j9q+B73baoi6POagdyToNhs+SJRRIj7tw4wuJsGg="}},"/GahNmhg2V7Uyu3R0XJ4R9ewUQZ+EF1P8CHUMNBbpb0=":{"valueMac":{"type":"Buffer","data":"clQdfRYnT8MCtNKskgp6vfrsztBvNXE8tYbXa6QKqxA="}},"1ykLOVVr55/PoksS6wxNt0Y5VAaES8t0ZkkLVASBNFM=":{"valueMac":{"type":"Buffer","data":"ZWJ/pGY05LTeBLYpxXPrdifquPc+8/0hV39EXyTauxY="}},"D1YH5A0MiTDvWJONikNefuau+CAoWBzSA2Zm/eCD8Wg=":{"valueMac":{"type":"Buffer","data":"lngHyun2tIc0Q0knixNwsm/Ljku49LfffN/602qe3tQ="}},"2ubf05nIc6q5hhmzvWL15cl+TKC4j/RiYXGsEieUlak=":{"valueMac":{"type":"Buffer","data":"I3nKr6GccXpHwIMbNA4cTSuyrNn4LaAfMz8a/Lubngk="}},"EoxyDFLN8i5lgD5YK8M/Wd+iIO5MG9X2+KQQpkIjo34=":{"valueMac":{"type":"Buffer","data":"xYKGXvEhrjeUvZ32ujnWaCl+4VgOpAWU2WPLpoB+bwM="}},"eIuM6/cKNuK4fLdOfgThjxY+NM/ct3P3IqgFih81w9A=":{"valueMac":{"type":"Buffer","data":"t9hNm/TGC3sp0dSY+i0w+bg87cTTpGIXV0hdgzt15b4="}},"tzdnXHgRSUS/lX6obx05T5C0DU7q0aytqtKaj/lfufI=":{"valueMac":{"type":"Buffer","data":"8zLJxgWVESDzH7FbIqFjDuFl6/JrMr7uaUWAPu+zGM4="}},"3meu85hNJ5caHgScEBHZc3DT0/PHcFaOG7XmLgjE/rs=":{"valueMac":{"type":"Buffer","data":"myvZJXmVQBJKus6VmQ31pYrPsefXfzNnHe3jDxDMHdU="}},"WIJMXvX8kf7JHThvs7yC9Wcin0gsxon/HJvZaVD275I=":{"valueMac":{"type":"Buffer","data":"ZNOh2Md7xGqmFXBtwBCnXhDkrau2qNfFMGQmgoXF0BY="}},"mw6kxKUjZeklkMKzC7YuyMHLqUEwRTXPjdasGaOqViw=":{"valueMac":{"type":"Buffer","data":"k6uG4wXi/FkbpcwhQA8Y2aI4SZdvAkvmey8sRnMYz28="}},"wZnYNfLjNck/PIBh6zaj2yUsuNiPRRy1ktIqfSgWMM4=":{"valueMac":{"type":"Buffer","data":"v/JnNksL+XgBmgqRhglp2PLxlTsFFAcY4NEaSiZu6B8="}},"T6V0s6ZkdMZdziSATQkakMKb6CcxyWibriBBhqmXJKs=":{"valueMac":{"type":"Buffer","data":"XiAajVhKIH9wKx2SMYgpFWWLViHA3EA8UZuSdJbUVk4="}},"eNpCc7nJ4kEdwX9XzI2RBWI/Qgr8pnCyW978UreUrOM=":{"valueMac":{"type":"Buffer","data":"AL1IcjwGfX03TkjDQ//Sv/PQicuE/QrZEcC66eDSQvc="}},"WqbVRQ7t3TAZ0MZ5mmTdv4i9EYfYKZy23jujlyZdMT4=":{"valueMac":{"type":"Buffer","data":"79OtN7U8266w5Mhu2vMX+/lNPnDrJhvXMHxew1woJFU="}},"29iS4o7iegPTHIhIBBun+Y3aypkiepYMH9QCBvz/15c=":{"valueMac":{"type":"Buffer","data":"mWBEVQNC+LUoGqaZ7eFB+3FXnNRT75uAerLyX/wWEPY="}},"xWMdsp9Bf9cCmsps5zmFzKCuoiCqKj+yWg9XzLVHzT0=":{"valueMac":{"type":"Buffer","data":"F5okXf20CNqnigZpMRWnh6Jl6YSy7M+xq9irtLUASuY="}},"jDEbH+u4VoBPVdo74N5eWNrxBoe3vZg4rG6BwN8t86o=":{"valueMac":{"type":"Buffer","data":"tOggtoRFsgArsZOgsmtRbObXOUX2kHCV1hS9UcA1CQQ="}},"wi2GtQ03a4sbhcdJ8lhQF2+woKmNFXKlKe8pkykT/mc=":{"valueMac":{"type":"Buffer","data":"vK4PRWdwbZevV3B2ZPjQxiGhBOMfxAxvlWvG10pvkNA="}},"WWvWUSio+YZPKvHJo2aBFqhJ9lCpb6g7OSon05UmkcY=":{"valueMac":{"type":"Buffer","data":"6z8Gu7Ykje/HJ6kfXbEh5WmOZKl8Gg2aKwQRN23jQHs="}},"2V81Ygq8698alkbMZlMQV0ll3c8akR93KnLnD1oJsaA=":{"valueMac":{"type":"Buffer","data":"5yL02ctaLxtlOj8vOcPVqHuWM5RFXJkrF7kLe8kU27s="}},"HZaDd2clFK30lrncKh0p2OEgCYkc8ART9GHXJErfitc=":{"valueMac":{"type":"Buffer","data":"VVXL63MOk8EIp98Zmr0s9Vw6UgtnN3S53fUHQltCSPI="}},"b/ZZa8SPot4pNPvp1oHIxCCR/QIBMn5WaEJ5bwgpUq8=":{"valueMac":{"type":"Buffer","data":"neh/ScEdRpuGE0z4OEnek7mwdwqcSnCrU3aMWOP/Zog="}},"Ju1ARsRyq2LNyr/Ov3qfdqj7vFCTcB0KCFuVnYyYBJk=":{"valueMac":{"type":"Buffer","data":"XC4X3UhC0i23z5C4TXVJKK1YnpZrvg7QDylv2RbhH9U="}},"7rDxHGpfiGWZHeP3ap4pQ/Fivi63C2WHPHuJHpbw83Y=":{"valueMac":{"type":"Buffer","data":"5IQmcXDYNWzKTTAKW6KvSScoNUlBtCFuWy8Cv5Mc4r4="}},"CwDbUmlHw/dBfey/AuZ18BGMiioiF4gxZhxfSwyNRUs=":{"valueMac":{"type":"Buffer","data":"RA0O+IgppenPJdI4I7pQeSFqEyBbH9p/uK6YwlXxpPQ="}},"252TmwOnczHou/czGKvTsT6tsRFU8F1pjkFifbF4Rc4=":{"valueMac":{"type":"Buffer","data":"I/x6ZkS0hPEvs9rGwEjgVUMJAYK8AFZ/AMq0kE5Gr4A="}},"yWH7m/whsmVCgQpJcbTt+UX/mJxNUOJLj79VTZxiDDQ=":{"valueMac":{"type":"Buffer","data":"tyey5v79ZYJtw+oL0zYkVTixehAZgcWMKIg8VsjYS4E="}},"Ple/gi/ot09l8KvodYQ/zVnavfFDvLp6rF/wjXozvxg=":{"valueMac":{"type":"Buffer","data":"sZn9T13Jzl/Fcy6Vdt2tk7f9+6CpYoA64gIaJAdIh0o="}},"/LvZyaSf4AvOxcibH0qQIEN2z6rnXDd9XRsNtKOhsYs=":{"valueMac":{"type":"Buffer","data":"s/a4DLOVYTNDTIArV1ssWg0xWfFmWY0qSqpeMPWhIf8="}},"NseMsJ3cUy2vPxa/2KMEYvZ+BW1lcpjB1krmnCI4rnc=":{"valueMac":{"type":"Buffer","data":"gbs1sFV7lvTod/Gv4tR+gAT9S28DacKG46QLUOPj6F8="}},"k/dqx0uihosPWa8Nf1cNxaucQUXfUHQLc6JKMuBszw0=":{"valueMac":{"type":"Buffer","data":"EGVY+oVPZPU3rdDVzoNVIRd2IMsC5Eky5kDy0JX1EHU="}},"ULIq/es+cw9KdkS9a6yViJz9nIZFzJFgqMptg4ztbXI=":{"valueMac":{"type":"Buffer","data":"UcRWz7EkevYehCwNH34oRcvoe9mTdz9Xq1w+VYbc9AY="}},"TvSm50MpyM5jUhu3nHipDEY+EPUdnWj3HNnP9fk15Dk=":{"valueMac":{"type":"Buffer","data":"z6ndBD3tXHzCXZLc1+QET3F+ACNLGGh7OZWPPhO+VT8="}},"PNIVFaybIwBHkhQse7mlc74/z5P7JTuHTGcA6zDncDo=":{"valueMac":{"type":"Buffer","data":"zkM8OFhQ5hjBPXastUl2v3AjTvGOx/qhc2gWlBz5Mao="}},"7lYVPuC6+FesTWJ5REyvL4O06iw9lBU0U5wxKiqR/G4=":{"valueMac":{"type":"Buffer","data":"qkMKmKJ4LNb7sbivI8OrSOUKBkNwopD1QZsOfD53Naw="}},"rvkz6p/xVD+IBjpipbDoXBgo2l+7J5cstCxkOdLe/jI=":{"valueMac":{"type":"Buffer","data":"oLgIHfJSnO6th0zKhLxDIR+LIjBlxhfFrI35Xlg+GUY="}},"dLYnUPJcDLzE/5NXd6u/e/tt8qyXHev39XJsh4wWWy0=":{"valueMac":{"type":"Buffer","data":"vwpdeveg5l2r9kXBX1GO6VPpHZKRKA9y8BYZSch7soc="}},"BDC0EYtbjEWQPZ3lrftFFTEKxX2yGrwPa1qd7rCUiKY=":{"valueMac":{"type":"Buffer","data":"mfJmG/XTU+HTBfgyrbkCb++xNTkAvU2cisGjjW4HRU0="}},"h9NkhzaHdvy/BYkt3Ka0SE2b5fd/dNWLILUlskp1UbM=":{"valueMac":{"type":"Buffer","data":"0FfmZ/twfF1AHBwQjFrldmGnv3I3Mk6xhzuvUtBiw5g="}},"ZZBTabA/r0jE87niaEy6KtDbp9mqLveU1SC96M4yx7k=":{"valueMac":{"type":"Buffer","data":"45kvosjQGX7GFmQ+jjI9q0XEpgvk1/GmSrDEpnhgbxA="}},"Y2vqSUWtzhQDlKPsAGDcbrjIu92/haNkvNC3Un1owTI=":{"valueMac":{"type":"Buffer","data":"6RSdvgO/+MEqVXzYpAOLSVreO45Vwcaw25Q2cD5OsKc="}},"Ln7CddneSkgC8un1PdxXuUIMM60G2PU0aeEK5ph402s=":{"valueMac":{"type":"Buffer","data":"yiHgnPxSyDtuNKEhzv4h8CRU3e82e4VIa7FGOwDRdtc="}},"M/JaYrRYSD6/Jz3Lr2Lm30slpBZOCguVXSNhrq8nU9w=":{"valueMac":{"type":"Buffer","data":"/oZswRem0uWpNhYLzUz7G9ohryc3q09BesvNLznlsTo="}},"WlJp/z8a4rC2Kbg/UrOZvkVRWMcCuX5Mem1TlqL7wl4=":{"valueMac":{"type":"Buffer","data":"DbU524p59XvAIrbeR/p5j/3UFx10JWnUVT00oJ+sfxI="}},"zqA6OGKF3xDg+uH4MXltwIt8U06w4VKXiQlQPEyaIgw=":{"valueMac":{"type":"Buffer","data":"tTOCtcrchoJLLRcPi13CnwwxNYiGvrMGjLrXz6PaFmM="}},"Q0DFUam6u/1kdPuHLErgj4P3jjWIrLcxftKU6NMmMS0=":{"valueMac":{"type":"Buffer","data":"HNYCcL/nW1djcyF8+G0RXYLRyz+PP9XFGTXyZW2mPlI="}},"eIBoLdnlIMejbOqBeZLnxrumM1H4i+w1aQkTomIQV24=":{"valueMac":{"type":"Buffer","data":"9MVOSzwPJU5tU/GuLbsgTuuCGtXLeXhb4EqGa86DS2c="}},"BMbl//JQxFmxmwqmKUoZ6XQ5kEgHCaFwUHoR+jkHaVM=":{"valueMac":{"type":"Buffer","data":"Be2hgT3TfsRPzytAK6mbO/n5sJyrE2eVuiE3oftaxXo="}},"I1rx2hzynpSwbTPq0TZM3uAJJzVkszwYT+1Bcg3RuKI=":{"valueMac":{"type":"Buffer","data":"dhygvfIjLhV7zR6YEJt+alSuhfr03VxjnWvPi73XZZ8="}},"cVcHDLC9dut79nDDlMqByI1ki6mAz2xc1cRcwvnMHzE=":{"valueMac":{"type":"Buffer","data":"2m2abqCMqEkHqwnrcKHUgkqecaF0H9B2Nm9IBjDV8Qw="}},"03JZkEPp5KCD3vK+2o4U0FLES5jJgWaGM4NrSDHoq2w=":{"valueMac":{"type":"Buffer","data":"8dm0FuJ5GAzG1qae/3byqvJZ/MBklyhVsJnCaqTR174="}},"ZMLYGpwjg0ReSwbsEwoupRllZs0DHgFgGOXBamUegWo=":{"valueMac":{"type":"Buffer","data":"M5+PUHYPc1eRYMqgCR8Cpasqhtp1LYOy9LQRmWNCLcM="}},"axTkaG3C4QCMVHxvL3OMpO1sDjZb28CJ7w5wdFakLTU=":{"valueMac":{"type":"Buffer","data":"xYRdM5s/woq5Q1As/bMFAr8WnaxZ+YDSVxbeMHQJ264="}},"g+pF5OgWCXvu/OX9GKn2cQEbvdUYoQe9K/98hI4ZgYA=":{"valueMac":{"type":"Buffer","data":"quSaP+PSjPfxLFOKOcSI6Meq1DGy2DkvciRG2K93xpo="}},"2/dYSrO7DXEtkShqOZKRG68pf9sYi4A9RsAL8oTw114=":{"valueMac":{"type":"Buffer","data":"ZwPzXk/XMrpbv5mFZtFYsIfrrJoXPyw0zjTAawOms80="}},"Z/zLy2vTv7NHRTgBVOI5lhzi1uqT7p/k3+x652A9fnY=":{"valueMac":{"type":"Buffer","data":"VgOVC+HUd2gVkPbFvuH9Hb+3y0J10ZWn8zZdaT2QcGk="}},"7uqbsQdzSvzf3L7aLMhsxmhrKKNPmtvtay16NL9ObCs=":{"valueMac":{"type":"Buffer","data":"mxgt+lzn8GT6cLomZ35MbFvBpCYH4cquyGoEznCpNfs="}},"1erw0Li17MQ/Dlj1tfg5KcjtA9vsYV/fq362kD4wEug=":{"valueMac":{"type":"Buffer","data":"YNcWyHI23FPYtB5rSv3dRdSFXDye7hpvg3WE63YpCPM="}},"tTKvnFK8+cU5FE2sUbY/KYiLK9ERukyg7CS31GD0RXc=":{"valueMac":{"type":"Buffer","data":"rS9YQkYpDXWBB++fwzV1uoAli+CSypzjGl1nqhv1D8M="}},"DVId2yE9B0vymKyvtVBSjLmhKeiK00Bl2iaokV4Dz2c=":{"valueMac":{"type":"Buffer","data":"Y4Pe2uSVO0sZrXE5R9prF9CqbkVMORjOil/MhdJdSkc="}},"g1X+fj0dwi7QPoWe1/hHWcjLROXXg/Ka3gaoa4nIM6g=":{"valueMac":{"type":"Buffer","data":"I/6H86JGxopOFAY1doWBFnGoD0ven+m2FfUepqFHh4c="}},"HGZY0fGu9IQGMq5cJjH4RqB8yiNvtBz2L+V33jT6WHg=":{"valueMac":{"type":"Buffer","data":"7Px1TRx2yxX99IxGM+QgbDyR9VVwGxDmAzmlA5LClDo="}},"SWWrC5gjmBT1vhCNoAN6zPSK+MnYq3NFK5nXvQw8nI0=":{"valueMac":{"type":"Buffer","data":"Ei0LE286ATZsDqPiqT8I1gb4H8XrRtnQ+fA9qvmsT0E="}},"PlSY98Mh6tXUqHSKQcB3OLfcItvk3qaO0wqq4XwvXkk=":{"valueMac":{"type":"Buffer","data":"ehMTLNaG7QwK5E3Rh1O5x+QVtxQS3o5eN32FYJ1MaeQ="}},"Gx/kW+S30jqFfjJ7xJb+Jn0qWO4S0P0o7f5jxIQzFMs=":{"valueMac":{"type":"Buffer","data":"IHMWOHoSKBh+Gzozwje//8ksJU5eUJaojI/peCNAvPE="}},"XlwxzUWvLrG1CEwzR0OdFaPnXEExglYwdCzcCff1EVg=":{"valueMac":{"type":"Buffer","data":"0+KKX8+sHNve6+toI0qymM9wcY19rhpV06TefORsu2Y="}},"VexAhonDUAOg1zoLlnVRJcSDlcmJuyO4YfDNoUrART4=":{"valueMac":{"type":"Buffer","data":"JiwZxHDqTREOmBNte2/ljW60r8/KZPgz3ErlosXTtmQ="}},"5oD+KrUw5VGA4nAS31RsKgSFaDPM6NYHwc6lhqtk+20=":{"valueMac":{"type":"Buffer","data":"xcJYa6nJ3R7403baIJ5d+l5MopMhmUoGbQD4TKwmUAI="}},"2+aYWuOtg0dz4lunc26l3gZIO6Ps9LUUBXtZ1uL+DmU=":{"valueMac":{"type":"Buffer","data":"wGeXM48UU4POSooSw55tull59wMlFWan8V1kqUC0Lt8="}},"xiJGP+1ea+iXGjMhiO89JtetO/zfdjPwu1o8gjTLd8g=":{"valueMac":{"type":"Buffer","data":"VXnwX830tp6u8jCMKNvdFoWJCTpFMNxYiaDjHA3r8F0="}},"TzUvj2XhJ2SsvbHRv5HtPsw85cpm945FBSm3+k+StUw=":{"valueMac":{"type":"Buffer","data":"oxZJE45TfrbMBKsHPCbZ66fQyOJEin0wrXGAz97mpXg="}},"FmS5vRla44X7SSQ5rpYiOlMMR/IXeqwq/gpEg3Tieok=":{"valueMac":{"type":"Buffer","data":"sv+ClyXPD3F+5OivJVz6vIEhO7ARFFAD4vQGWKnSC7c="}},"gDju+IPrMSUxeabq1GSc7+cTS3t7nDJve5HsaYHc0J4=":{"valueMac":{"type":"Buffer","data":"tcxYzZfP3AAmdSC/QXp2eljmhqKJQ3Few1L0mmAywNE="}},"Sx3sfEvC7HXI3Q1Tmap8UF4T6uQkg4wDVGcU38gEdz4=":{"valueMac":{"type":"Buffer","data":"SXJJeH9TmDAjFo3pxWtniVX+kYSBzrzsLbT+n/F/C+E="}},"NFT/ewdrgBAY4xveW8jxWLDIl6L0gi2QMf8tSkzYFr8=":{"valueMac":{"type":"Buffer","data":"9my5S74gOG/6YPCNwzPDuR8HvWp2yrKVmCtQbgRwOwA="}},"pmkmrTO5wAFSiLtVchC1vBc6lL2x0XeeuAhmlkaAlNo=":{"valueMac":{"type":"Buffer","data":"i+zoZHODEX83Dkh2TEeB+YUS7QWHppR//Da5pmd7Uss="}},"kVzk2OjKfWKu84MtoQpqOxbVZH2VVByMM1Uhqwkh9Qo=":{"valueMac":{"type":"Buffer","data":"7EoINZ3bbV23jz7OPkKHLiO83T36J4R1Hkdm3DE3PLM="}},"McIRXBPc8gnRnQ/XmdYQ+XTFm0piL0ZQJG5L2NYf41M=":{"valueMac":{"type":"Buffer","data":"zJwg1bd7bT0skxohDAcXh86n/LZgAA5821rjtOfqHpQ="}},"1lO1pg8XTJxSFCbQRqthOA2bycGw0miv9K3AlLog3bY=":{"valueMac":{"type":"Buffer","data":"4fo01zSWmr4dfcj0owStuuKxgWcvLsDst1IQZeJ5Ggk="}},"Ik+9o4iTmWN/FrWxzouayayFfYcsgDS5WknurIHfmkk=":{"valueMac":{"type":"Buffer","data":"k6145rtJvT1nLvFDFqB2laWqwogRJ0sIFJ9nbWUb/X0="}},"7BmZkS60X6ewyrpS2qbGKaT/04mkT+iRUR3pG7bBmJQ=":{"valueMac":{"type":"Buffer","data":"tWJWQTQ1+1JFY5Hc9YNbsDkCkYj2pGWoHxA69FiF1GU="}},"LTfM56fGDT37/ClqBf7k1QhhkMV0VO6MmQgfE1tFb2E=":{"valueMac":{"type":"Buffer","data":"FcM4s2gWvac2zw50mze53wbHD2WOSSYcCGEecEyDo24="}},"/pWWgzITHyQVh4O1Eeg8XB/RLJXNW9cU2348eGhrAV8=":{"valueMac":{"type":"Buffer","data":"KZyMrbO1maUcX2Gyder60EBW3KqlrtBVpkp1xVgY+R4="}},"uTmy4unb71lL7D4xJB4rp1NbGKG1xyIi/6wOZbILQ50=":{"valueMac":{"type":"Buffer","data":"6rGUcoswh7hWG7d9IiKYkUeOpsmkemtPTbcIF2V5i3w="}},"q/nfHHUwUJpeFavAdZBFHuzPNsdJQIVkf3ZdR6rV/tU=":{"valueMac":{"type":"Buffer","data":"QcViLY65kT7CI8Sg/SKV3Bk0/GwGgZnxAM/ZKphwLYg="}},"+wi8/YF/GVJDzkBYC215J6ZdEHj5sv7LNfkXAhlu6FE=":{"valueMac":{"type":"Buffer","data":"I000+kdnfbS91tFED7klt3zh9AFBi12KlTRf7zYDUDA="}},"LyzG+GTlOgs8sF+VQpMcmaYHALkB7LsxBTLcKwjVcBI=":{"valueMac":{"type":"Buffer","data":"5xQq9NFczZe6zTsSz7JW2BtQY03wYQhS4Tkz0forCJU="}},"hkBLA1k0MSQ4DUEPvjiMWN1Jt+5oLy9NEnJ5apJ3bYM=":{"valueMac":{"type":"Buffer","data":"nkGCxPYPCtr6clTgSCPhvdjIw7aeBSHYu0sChMot9qg="}},"XMxr3IDQ1ZQM81YiguYlDVF+1KbP6yk3w4Fxmn/dKAc=":{"valueMac":{"type":"Buffer","data":"NmeF2T8lmsDz0UK0T1aV5y8XaF8sAhStOa9LuVuX3AI="}},"JWRHlE8X+G+HGtMXXujKmfedb7e/NV0qZLpbpCC9uuc=":{"valueMac":{"type":"Buffer","data":"+ZKCpy9YagQ9822YwRC5OXZHeClBEcVxHcCaLkm6NfA="}},"MqW8BIWZYke+lGSgYLejSQ38FLb6OpK/fLEKGe2YqWs=":{"valueMac":{"type":"Buffer","data":"GKA4hg9UfFs1e3SLYsQRI4uz/Locgm7cvLezFWLNScM="}},"7GHH5QEEswosu4AnogMA15qsQfK8vedU4o7bkNwwNXU=":{"valueMac":{"type":"Buffer","data":"m/5arW9X2q/Axb2aFuFH+yPBWc7vcPZ+UjEye9KSWMo="}},"6kMUgFPrcYSYsw+A3tmA2pVgMdljmMwJpKqqVy+kp88=":{"valueMac":{"type":"Buffer","data":"oGPMjkHoESir2lS3uUDezbJMXI4Q/D3y/EZxqoLmJXU="}},"jHpQkZ9jnFTx4aGIE87lg5HiX43xP+2pdste5RdQxHA=":{"valueMac":{"type":"Buffer","data":"tLsQZwlI/sOXgzQ2XMHjsR4QGems3yDGrr0oXrIk4GE="}},"fIIuICyG5Od1yhx6LJOFbk7Ir+JTu81KZHfcX49uHXs=":{"valueMac":{"type":"Buffer","data":"CIRkodtxLns7UlCOqFYt97YFYHgTHee2eK/0C9TTq+Q="}},"XEaETALCyIuXzABxt+PGYQxC+e85H2ZUEA6p74mp4z8=":{"valueMac":{"type":"Buffer","data":"8rJX2nAJhRECFRbvGDJ8FhS0DJwWEzRThKtSohXdfOw="}},"uXZwxpeOKZmOWuK5CQefJU76Y5eyK+zG0Gy7BZMUQwc=":{"valueMac":{"type":"Buffer","data":"YhdT8y6bs58RvhYrH0pl/9qig16LTHkiSLtTEeT324g="}},"3YLUE2g/ZQp25xNxqmcmLEGo/iJ1m8YQD8YM4hkoRBI=":{"valueMac":{"type":"Buffer","data":"L2dv/OV3mJudDK5SNOSZKTAD3a2L9ivuClFahXP9SpU="}},"CCUEe6qM3ix+d3r6Fa1+mpTfrMW0Pa/y4IUBdz61JNk=":{"valueMac":{"type":"Buffer","data":"AemdelfBteGKCjmmWo9QZ8khW1TM35caeVh6GK/haGQ="}},"TFj3kOcFLka15F23RXrJtIEi2DUPtmp8QOuZBEJQ3sI=":{"valueMac":{"type":"Buffer","data":"6xcgTXjFR2Cm2v+MedYIycLPdGI/HN39/mgrVlmutNs="}},"YnH6NPrv3euecHza4f6tBQlElQBelUNT0ErrchMwHdA=":{"valueMac":{"type":"Buffer","data":"Pn/RLA8tQuW38Rfi77oQ+q620t46+jpRw7U1ULomd6A="}},"HltXjHtBxh9JD6JOnVKRXaxjtmVtHMmSxsJcGLMgZm0=":{"valueMac":{"type":"Buffer","data":"V9WCelzSMH3Zc+o3Uc5fIdfwgXvDUWVWeDIbiDfMTls="}},"e/DIjarQXELv5TGNc7n+yMf5l04eIT+Z52zBRH6QYSc=":{"valueMac":{"type":"Buffer","data":"Kw0LCWmBq2I/zI8U7T0L+cfj+hpb0w7Y4Adn7i1KGe0="}},"kO7A5w/ONzvWmhJ1MeldGq5gTuVzxATePf7mT4O1jRM=":{"valueMac":{"type":"Buffer","data":"GDwZlKR0E0pFDeQ/aQqnuEvNVcs74KczbggaZZ+XxA8="}},"Pvzmndyob59Sc1gymRQ0xTTgxe0wF4nhOW7ltB9wwQ0=":{"valueMac":{"type":"Buffer","data":"8cvly1n1QlOqD5GB48heavxgZWsTcUAUAK+cWB87tHk="}},"ijcEcuC4sFWHiyw9xDRAEfrZK55hyIeZFqFwdypjZiU=":{"valueMac":{"type":"Buffer","data":"271YEfPjO77Bf9g94Q2aFgPOOE4EBUszKNnTKGw7F6I="}},"PcHc09ESyt9A5UXRcDr+qwNiNPKN3/bfABevtXGW2jQ=":{"valueMac":{"type":"Buffer","data":"dLr7Ol4zWFbNAcSb6SQvwexEbmo9xXwl4gITkYuwV7M="}},"XDPQJSSuNXlLWfa1dBDrkAmwQdJsGFR6rXAD47JpLAI=":{"valueMac":{"type":"Buffer","data":"E3M3cdH7U/7g/n1478n6nVSKQMyNM4p2W0XN9Iu20cw="}},"+IWre9eS2ph5U20kQjCFiK354dOKeGK3YimrJ6eIMlU=":{"valueMac":{"type":"Buffer","data":"FxN+NzpjvOLJt/ur9vPl4BpmwIiUVKxiAYDeuFV2DEI="}},"x4DbTdwaB8pVX0j5uOCJiLKBbXwiroG+1DjCrp17xMw=":{"valueMac":{"type":"Buffer","data":"IwbV1WiD34fKbVDCvYIkhKHEl476ywYgmju6PFDw4ik="}},"S7TFAvjBVFEQd6q74DKfh4knGtmSPy0VTZ8xSix0/QE=":{"valueMac":{"type":"Buffer","data":"EX3kYdtIcRA79wnaQRR4e3cJQw+wfWNgNwg/DIZ+8SE="}},"D6woWMCLtaQY3FGIckw5PPA2Af7Qs80jXWqH1l4gEzw=":{"valueMac":{"type":"Buffer","data":"SqPpGl8CWdS/ZxujqYDYPBMqqAHi697NBgyoYyNir3w="}},"VnOT1Q65Dc8rd0ZxBrsMEi/0RsIP6drk9b0JL9zkA0M=":{"valueMac":{"type":"Buffer","data":"qAGjWiwmCeNjHu3DC9qvkMuZZz71GJ/x2MKud3ZT2JE="}},"VbdJbzqm3zAQ7qReaXj4rLUj0479RGaHIteL/i0pO48=":{"valueMac":{"type":"Buffer","data":"GAnMEItKKekGR/8o9YO7kmqA7bYrZ/k/QVnuQHUAdaA="}},"DOGYiMMLn0PSjKumpnRloXf07+/EfHTLPqvNe6/RTZI=":{"valueMac":{"type":"Buffer","data":"yWunNjwL0X0AN9dl2Pki/6Xa52Y0vACGAunLrY7Rswk="}},"ibO5lTm9ekPtKpdMcihHYfS5afyhOYUU0n2Xiwb0j0k=":{"valueMac":{"type":"Buffer","data":"56Wqp3n6JT5uxxauErcHfS+A1m1/QwhKYLTCT0kDZSk="}},"jFPkbAIvaNRz4F3Y2miTKPXO/Xplj+9DhxxWkfL7Nks=":{"valueMac":{"type":"Buffer","data":"CbSkROb06XDVh3utKe71QiLItiCQwynXz3s2jRRRqeA="}},"OPQsh9Izj31NDQsDW7VwlIhHlD5bA61IkUtewq2Xi2g=":{"valueMac":{"type":"Buffer","data":"gBN++/Lctofa/p8ziu+NinUKSUj83Tg2b2Tz4rSRQzE="}},"QmWEB3Oxd3XPJmCPZxsqaMCXEeIM3Q2dme1caI1tcoA=":{"valueMac":{"type":"Buffer","data":"d+Aboyvtx9cyWuz0OcF5L8d6Oat6EzwGi57hCOflkM0="}},"Q8ftxswVOfQs5Ca90e4bPcfjfmIy3UhvFg3/EM3XL6I=":{"valueMac":{"type":"Buffer","data":"RzY2UjEJfAJrqG4QRvJU1NsxO1q3X2F0lYLtaFY72jI="}},"ajZnhUaI1jROWQTcWJKssnXGE0wLPl9WKUZo6SNN3hU=":{"valueMac":{"type":"Buffer","data":"282e4c8dO+j0bcBrI4fQO4trcnP896MgruiA6We0MMI="}},"4QGQ14wywp6dDB2VtpEACe6DIUCUKiabD9wt8og/9Rk=":{"valueMac":{"type":"Buffer","data":"wBLqlzTDCmaaSG10NjjfSY5jq2dW/RWLtZT0FJUwfYU="}},"O/0LGeCPoC4FHbMF84BTC1uHaYEsXQGkHO8BegWvHXI=":{"valueMac":{"type":"Buffer","data":"70fxHBSNQ3FmOWKNU/zE4MCdAKs7i5sPc/f2t+VT4wI="}},"CLzm+gF1ZUZMjUlL6TJ/QdWFqAVsuA2+LTnkYpaFxUM=":{"valueMac":{"type":"Buffer","data":"wuvWxuRQujGrudtNz09An+g087KW00vwCZwr+nvcfUA="}},"zx7Afr5zPpXZC37P7+PYQmiqXEgD8vIs/oa7elvfPGw=":{"valueMac":{"type":"Buffer","data":"trUOm5PyxySWSK8U+Rn2YcFxPsyjeNB5uLti3fosYqE="}},"rzbAZP7ZXmPV3JpHYpVxtqtK4tH6+l9yRBvW2Jj0tRk=":{"valueMac":{"type":"Buffer","data":"P+GTe4SAXtbqyE16D4voeGodaL/AO9CBa76oOkz/t4k="}},"/cGwauNmB2IKmvTdidunaBHiYr//4IpFRI5uNA9wBL8=":{"valueMac":{"type":"Buffer","data":"Vd0o46fFRCuuFfAJscFyDqfMbc+cS8vZP3LgBo3n66o="}},"AUH35/Xf7OarbIVced2md+T/tyXLbj6j0q1OK0TiuTk=":{"valueMac":{"type":"Buffer","data":"pJABS/rwVn94C6epxFlMqgOp4pKVXDtRX3BL51R+vgI="}},"MJT2+l87T7vG4qirFjfOkKeDjHW2YjhKPb1GYUkk6ss=":{"valueMac":{"type":"Buffer","data":"xk+T2zshsCXQgc9WIJuTMggDMnZTfK7AV2cQESiTLK8="}},"Z46PvitCn4XVUagJTwm6c7AcsVPw01erMiaU+msZ51A=":{"valueMac":{"type":"Buffer","data":"dRYhHE6/6lj8WT18ZMoZ2n6siycYYDh0D4vFbs6CB+E="}},"Zybc8er0cvFqXoz7vQ//XJiBVqIE3+bJDMoRPiW07mA=":{"valueMac":{"type":"Buffer","data":"AwwXgVGqoSB4WZi+PyUWm7vuaWJpfLQhhzKKOVkVXCc="}},"4TGEjcdHWftQDEgb0N2r7XMY6bbbEmWifwjVpq9uiqQ=":{"valueMac":{"type":"Buffer","data":"G/OpQeEkG+dMJ3BS2Pamvro8NQ2c78Jtkj/q0qFjmtY="}},"NtBpCYECgmjePx6xkQsRHcM0Q56xspt4nyBpis8StH8=":{"valueMac":{"type":"Buffer","data":"AsY/sbb8BynEXTyWUOBVnEJs8DCTbPoIpxoEqMZusNk="}},"MV3Mte3oL6A0gX/ENCxv7VLnwfEbADlGrK748KRGWy4=":{"valueMac":{"type":"Buffer","data":"pr7So5OBqMiE0cs4NqT3rPpuUE96LG3+WQVY3u8l7JA="}},"+TGO8g2AbQJjPCdeWMBhUlr9jI9/BoAmNG9FD/HfqbA=":{"valueMac":{"type":"Buffer","data":"9ANIdNznBk4ce/1wIfRuScpMZeW/CzKz5vJh4ipSQ9w="}},"EpLfizHAfCLLSH2mW/+sOLqb1mJQ5bW2a+TZ+Emb/+g=":{"valueMac":{"type":"Buffer","data":"Qom5bgMW0UimtXU9HkuStpN9iDr029vxK2vbTY5AaoA="}},"W2V/MRWvIKuUTBUbHswbViyJCunQFaO8BirO40gbLNU=":{"valueMac":{"type":"Buffer","data":"JWpEbU6VBKD0KV26w/l65m/otXjAuSXErFHVyLLC10o="}},"SE+cthqv+TMUMZxxMQskctQQ4Kodc7ytudArKn2aMc8=":{"valueMac":{"type":"Buffer","data":"MwII+qnuSFJrD1E43HF0tZ8KNmuDYum4ec7o3TkGSS0="}},"kW8CxUqlawoVLB4uTMHJs0tmzWtQ3XKkf8H1nibv68Q=":{"valueMac":{"type":"Buffer","data":"UMQTag9sgvL3+vuiwa0GwbPL5DeJQcPUVfTAXoAzrUw="}},"ZJQ4H9GYkLa0W7fK6wQ9b8O39QmUguBPJEl+l4GKIj8=":{"valueMac":{"type":"Buffer","data":"N4fJ5rchlSZsIgxPpsSsoJb/M0BvehqUc57lC6R0I6M="}},"iyQVdYEe8dGasa2Q39JuXHak9WylAP4UPYAKXKfuK5Y=":{"valueMac":{"type":"Buffer","data":"7cHcmBc5amVhBDLLEP+l0+4aoS21I8FR9Jm2U8DbGe4="}},"8vrjNt0KmaCQi0DDTQlAhI3jzYVPcRi8PXJznRNhBZI=":{"valueMac":{"type":"Buffer","data":"k8fBCe1JGrNVWKhnlXrZWOwb0VeAvAnIt+6F6H2WX4g="}},"4lurO/h5xhWYLg0I72rLQkqnlR7WWRDrCECPyiL+Lic=":{"valueMac":{"type":"Buffer","data":"Oyc+VocGDjY0vUCg1GizxcPuco9ZiTYGx1WRzpGcGEk="}},"LsEwmUgIfVGvOxWdm+JVNn7y3OTZBBvck/8iCuvag40=":{"valueMac":{"type":"Buffer","data":"wa5lF/0bSGBf6a8l50XEZXPh8lawvMf/0s8hhIs8fLo="}},"bsP0sHu3VCtwefCskCxLi+I7RRPX5gHsYSKf4o+VJeA=":{"valueMac":{"type":"Buffer","data":"qiOFO7X+/9mahJobSUIw/6kyaAtohJaULZw3ZOJyeuo="}},"FvalQWTrUItVsJVr1n3tRG4hcP1kUjr9k2/sLfUBCSo=":{"valueMac":{"type":"Buffer","data":"NG4GYTS3URXuaPSosbUKmQEJAXIneWSYu347vNb2iCc="}},"yTvBEuZqKde4scByZHZDxWCwQi3JM8k4l+Fus8FxQfo=":{"valueMac":{"type":"Buffer","data":"HexbN7l4LAkczBPvxOtq4KnbJtwrcQEzv5Ysb4wgl9E="}},"vnDXtCacEySBOxcZe0dd++SgqwCttG9t6HibL2suywM=":{"valueMac":{"type":"Buffer","data":"RMJXVJD2pubX4uJZ0YN1lUurg/mSSIaXDXEdtAFX2Z4="}},"ASXbJuhS9bsQ/p7cr8ZHPZzaLdwAptzhCVMbeJAT9Nw=":{"valueMac":{"type":"Buffer","data":"9eAFFhqkCVHz8KMv35Na6hmy7YGdjrYM9zWQjGD17NI="}},"B199fC7GJ+fS99RFiZNY7OhXdVMh5CgPm2BfSbusyXQ=":{"valueMac":{"type":"Buffer","data":"3uhbFNwIJhXQw7JnkfgHG1UEfA3yefGUAzQTiXtQHjM="}},"2ctvSlaPBXJwa3KaxAm/I+AFaxYc/JGOghIVOPz46Dw=":{"valueMac":{"type":"Buffer","data":"x2mHOYb3v0dVF6aJgIBFKr/gQw1KySw4mR4PZUQCyhQ="}},"na4nwYhAEHGB6BZa6ifPHampCOSekw6hfgJJuidpNko=":{"valueMac":{"type":"Buffer","data":"J/VR+iGZZoyuy/1QDAqlCHu8eDJrxh46w59oCfOXYaE="}},"TnmVXCmOUUWo5OMzng5VCa4cpDLHTq+L48yTq3asqf4=":{"valueMac":{"type":"Buffer","data":"J5FjA8xu/g0EiDOaXEDtE2C6CPP9ZpvxA3nyjKTH3Xw="}},"OWfPGI1tImWR8bGparRMmfKfxLk4jeW+MSakELaqG+A=":{"valueMac":{"type":"Buffer","data":"hNZwMgpJU7Z8GSRKeLgRT+SYz407bI9HO8YpZB51WzY="}},"RR+c9XjmqrXVUPJJW8B0/pqL9Sc9r0s7Zgq7Q+qW2WA=":{"valueMac":{"type":"Buffer","data":"I20UbMcZJhc0dbKn1p8VPQcfM5JsonS6/RF4jHfJhsc="}},"QXtGhT8rHGUoeVdwC9VEF7U9kwlW4ECqkPeE39QrbHc=":{"valueMac":{"type":"Buffer","data":"mFhX4lcOzG92DiVHWsuPcXeg+cWT8ZnfS0WpT5BWAL4="}},"YRr7CV9ek8vEaH+SxKg1bBg5zxCJ2qpo3jxMqV0Ys+A=":{"valueMac":{"type":"Buffer","data":"gpgb0jo1NtQ8/W+3BNpcRtk8krZz1ktpmSu2KXnZzTg="}},"xB7g6HHZeW0e1W0fPFKtVwBXHP7SryyG3nzl5pDwb+E=":{"valueMac":{"type":"Buffer","data":"xAK/VqEvozQf9qd7d8BnQGhPT0lyWO3p/8KGZenyN8k="}},"F0+f0yZE5+3EFtBA5ikfeW8ibrJfdDJDQM6gU8R/ADo=":{"valueMac":{"type":"Buffer","data":"At0CrxCd4Y6LrgiwEjBVS53KQT4NY8ho+/rFvN2ON0w="}},"HZXRYDJxUM58ZnFhxi+NLKNm77q5u6KjywHSwMjtFXI=":{"valueMac":{"type":"Buffer","data":"JlcPwnVZ37Qh/UluduXMh08srKK+m4A8Tf5/jWguy+k="}},"makm/pb/t/vDRpybWKcqitFIwvNNIw4U4Rtf/yBx4mU=":{"valueMac":{"type":"Buffer","data":"cK3d/gGELmRzx7wzvhGQBRaRE1+P1gyJgkOX+EvzBd4="}},"HjFxk8t0ku6hq7QA3CDXhz/c3nrvUo+87gsWyUYO03g=":{"valueMac":{"type":"Buffer","data":"Jl54sDsXTvfLbJjTV8gV28Ib4GQ/dwDX/csGjpm++tE="}},"8XmORntsZrMRopJqecY3XQSG7HNkF+jxqsx2UzcqlO8=":{"valueMac":{"type":"Buffer","data":"ddhJ84uH5EsFTF5hvTHOys1vbVKEThPZwdRtlBA7B/I="}},"OSXGSXh9xKhlZsCKJt9eg3pzD/FdwjrMK+zL7YnZlqU=":{"valueMac":{"type":"Buffer","data":"BQDtj2oOfVRIva63k4ZrIBbbaq4tYdlA3cYYbyuh8Zs="}},"YFnl/NP6LfT5b6rHEFWBwBt8SEX4p1P2qIeTeJW1GtI=":{"valueMac":{"type":"Buffer","data":"BqqYyZd/yEh4sGXocUzC3DkBHWx2jaFO1fnWHtElqr0="}},"lkmuHzDU74ouWWvsxQzGAftda2l7d9ABk+tTuOAg8LY=":{"valueMac":{"type":"Buffer","data":"JdIinEjE2yO/1Rh8p8tscfuxZwTdyGKLSu85aBJsV7I="}},"6twGzgXcU/hZ0kfnIQIBwSaW2m9BYyy7sqVVkeuNKJM=":{"valueMac":{"type":"Buffer","data":"aFHowTvtSc7h/lP2BYcqA0F/hv9MPGvMG/1R6u+dN5w="}},"l2oVz/NT6+bVPWRKmxHoP+E/N/F4iWMCqP84eJoSn9A=":{"valueMac":{"type":"Buffer","data":"DIcBVft2ZZxdsaSc7t+rpKIPsiad+zVHTLgi1+LJ0M4="}},"eBVzpURk7Ag7VRGSzcfXpeLEHWDLYk0vBpAUcE7BQlM=":{"valueMac":{"type":"Buffer","data":"dpcUJI6EplS5aiMV+jX0Tgbg7t963FVNOGv+mZ3ckow="}},"gNWL7RkKDvdOZ/Gvnv3pHFRyI1pmR3Ry9WzCbmm3Tig=":{"valueMac":{"type":"Buffer","data":"ZFk5Ox3Q7IOtbP2kyERFTw0Zyb4mtzzwLGGg9FDOVMo="}},"2b9ZQ1hCA2V7a1qnItZ0/fKEGMzcS+xwyQGwhoe/a/8=":{"valueMac":{"type":"Buffer","data":"5skEjTjvSajaaCTCnEec057/D5Ttt2EToomV8wFWzRg="}},"2Vk8xurcJzxGCDqN+8tfxBtuSQ/IDjhqLcP6ZttsQjg=":{"valueMac":{"type":"Buffer","data":"+r/zLHjYSIu/YGWbAmz+2e8HNsXtAC2COQg3gk87wIk="}},"BHX5XL5cemvsr92+lp+mMWsMukRZHxOzfbhSAXdoarY=":{"valueMac":{"type":"Buffer","data":"kIhLkgo0N0xYMowTEZlzjmE/XpS+rWiLyBLMzsKErxU="}},"OTmjAfot1nqhPxeHJ0cfvsRWY+XYwfQU0hmiDxfkEVk=":{"valueMac":{"type":"Buffer","data":"kX6YNzkgLJzsRVifCXp+Qu56IQfAQkS1yh4Ho0XT+YQ="}},"4HswjgSZm0Ns9P6oZEw7kOKWRcUEOVAdixal4ScwQZY=":{"valueMac":{"type":"Buffer","data":"2j73nWJiSxjZGi2k4X/RvzkgO95Ss3AsEskS1XLYmgI="}},"LQl7mDMpktag34iaO02Qxh7uPQ+AvIjzX4Agz9V5aQg=":{"valueMac":{"type":"Buffer","data":"Kax9s7VDrmMd6qGDdvp2xEi+g5azcxLjq/0Cec4MPGw="}},"j4LkQGkcrbYeJnx9rehrOvJH78/IaYLHg5xovbzp6ps=":{"valueMac":{"type":"Buffer","data":"JELEDUQm1GeVxhqW0KF7LFT4k3V8XvAIAlF3H2QdpDA="}},"eQkRejmW5Hh4hlbCpA9VcGLhiiqRWCB04bvLQyRuphY=":{"valueMac":{"type":"Buffer","data":"fYJqIxEFQp5mL9qE3z+VLs3Kr4hJDH3aHawf/KLaAms="}},"H194T+FyJTByFHzL4GYPCvrVG3KtCL5X+liOh/lCo4s=":{"valueMac":{"type":"Buffer","data":"AhLqqbvxO+cDjh3OWiX2zZXIfyHBa6TKCUrXn5rzArU="}},"1q4TieevZN+rDTfQu8IBm8uskxor7MFWaGO2eqjSZdc=":{"valueMac":{"type":"Buffer","data":"GaQ0Lo1QcvnRV+hfEh1tWCqsNNdI3VPX8W++F9lhzBk="}},"r9sX7DlYXUYs3Ly5wVySDFb/u2BM8LpKzFSocsnzP4U=":{"valueMac":{"type":"Buffer","data":"FzkuRUzPijA19rEOCMFFXTAG0D0nQWQ44GIS7CxhoiQ="}},"Fr2oq51gpivTL1GBldhiVMLKuzL1NYhQSHGBKIm/Kic=":{"valueMac":{"type":"Buffer","data":"Qdksd3qCNfnTUkktJuLg3nLFqUmEYu98hz1VbHHKtkM="}},"NxE5MmRO0OldexPDP93wffmFJpEYqyD8/ZfKFu8TM2o=":{"valueMac":{"type":"Buffer","data":"g+NFcSfjaw3qT0P5AYNxoDxbJ//CUsMEhKGlNoSSWtk="}},"8CE9ZUYmp1pn8nURS8Y6gmY3307aMowgqAxbbIq5h1E=":{"valueMac":{"type":"Buffer","data":"OQhexo6MU/z4/8MNkARzSwGU8c1WwFjsBUjyj+H0WzU="}},"I3qrzUY4FVTDWOmBmzfICWCVQX0mi76Z8sczpUFLOvU=":{"valueMac":{"type":"Buffer","data":"e7eenZZMX+BOS921DnOeI1mNTYQcIA2vv6QAlmRKP8E="}},"/WITFHBBbzedrw6n41BbRjDwaW0sxOXIaMNMgOUJNzo=":{"valueMac":{"type":"Buffer","data":"UCMKv6FtQX84IlYWSjotOYXihOY3G1jgGBmzghcLNBs="}},"RN7ESa7NpQw+rblh6saXbGKLUFf2j7iqR8sHLMDKD0o=":{"valueMac":{"type":"Buffer","data":"JDdeb2jzox2B6K4/hvf8NMfCExo/8lm+nJNLSTlA98g="}},"Ds1RSMM3pLsVI3nu0J+2yi8yWnBTCdaKn2G4UltBSqs=":{"valueMac":{"type":"Buffer","data":"J15XSARn5sQB6PzaTars6q5t5QgtG6CZuc8Wlo8LmJE="}},"ygxHoqLTeT8x+Af82atEDJdkSIq95iAWIXpFSrscjP8=":{"valueMac":{"type":"Buffer","data":"pnBaxW0oqj/pOFzjgfmLIp4FhEzkyIHv2ro62/lmeqo="}},"5uqg1iBesAlSijq9ibmupSoakwEMeio8/vDU8XmgTZI=":{"valueMac":{"type":"Buffer","data":"8DSVVArJSdCmSWnP6U9vauZSIZtYBk4ujgx567EfK/4="}},"14eIHOaSBsSCn8Hy+1C/RdXsd8azQD64bp1kTLMKtQM=":{"valueMac":{"type":"Buffer","data":"r+68rKDPPAKqs1WmLIv6M3Ww+j/B+j9rEdjcMPMA6FA="}},"Cj7hLw+xxYpRbRayLEsRS3+3nd0wxOpWjij9iScwdAk=":{"valueMac":{"type":"Buffer","data":"uCHJoaqtie9Dc1y9qyfiBpVN1VdBj9QYW7ntKS+TnyE="}},"T/pTGmoDOBweIz61+vjExsLkmVp6n/mee8LiYg/TfVA=":{"valueMac":{"type":"Buffer","data":"PpNFk/j482790pG5osT7blJMzKWbegjFi0YOUEJCH9E="}},"UKWr0EqvSMK/XiqBuWT7Kub6cI56bUl+oVInB/+3Bj8=":{"valueMac":{"type":"Buffer","data":"tfqzlHHpnZcu3vQMdl/29HnO/+O57Df0MLI8DmD0XMo="}},"C1uZknBJg2/gdPpJoUBP/MZ044kHBOKnDMWyf6RWjiE=":{"valueMac":{"type":"Buffer","data":"RBI6DntFue39iKAOUksx+qqT91GMI9aGlfLmo9rIGos="}},"DuStiKDfaqgAGNuCdDK/lg6E7O5ExRjbanytNRm4FFs=":{"valueMac":{"type":"Buffer","data":"fe03MLTivwUtKCL9KWwzatnXJvZsSMUi6gTX5bV3NqE="}},"voq/8hBTyhe/jFPLZzjJC2BhhWYDvSpZhZC8lDUKZEM=":{"valueMac":{"type":"Buffer","data":"dJ7gjGJokiNQa+rgj5en24wxlvxTPhs+ecbQ1g+IV4o="}},"6wWBJqOYSS+wi+3/bxFb54IpS4tU13pu6QttwBC8OU4=":{"valueMac":{"type":"Buffer","data":"2JPXTyk5WDAUCzFNoEua7/95MT3l3tbRPYkly2DTAvc="}},"1tFOUEV98eI9VeaxLImApGFBwly07RqN3SGB8WLxEIc=":{"valueMac":{"type":"Buffer","data":"UjmfdLuRSuXOw98fBJtzwnC5JQzdPr1dK/lV7fzLfco="}},"djsDTtUjzOXuLVmxZXZFZeJKxDhWVdymOKatAVhjVTA=":{"valueMac":{"type":"Buffer","data":"2J83yJ5kqMAQ2vz1z6DECY9vNVG/FqvuhCNzJEL++/A="}},"XE+vuOg+Dud76L50tfogsAtE+T5tAMfp8mCvOTm9r/8=":{"valueMac":{"type":"Buffer","data":"8KmkiB79crxYlIuhI4F2V4SUUdwz44jxV0ninKZfJ9g="}},"WORWJFWC5yIa4G9Pi2NKvY6UOXHGR6b1uLuG+l0OGZ0=":{"valueMac":{"type":"Buffer","data":"DLkqoddi7g3oWGgwuRl7nXt7nT3WfF8tcNf8Zxh58U0="}},"kmvGpTDmbTLr5vSCE+mSAaLkTAwwizq2Zv8z0iiWPzM=":{"valueMac":{"type":"Buffer","data":"zPp8ZDmWP6LxCdjjNTO0uFb/I0kr+ViPj34+wLAZedI="}},"OTIBNM2m85hV/766n8FSZ0QTLPEZMzO5jmCoMSUcKhw=":{"valueMac":{"type":"Buffer","data":"s7jLC0TiYuyqI/oB8mxP73vj8E/4cWEA/fsZ6sKAUqQ="}},"rx611ZfSPUcR4rs83b/NA1SKuVHFIJ2omCDwu/sXR7g=":{"valueMac":{"type":"Buffer","data":"IBqj9PzoVjn8qEFQEksvnFHdoes4q0lpEU/KNqcRtPw="}},"AR1iKIBUk+wDkpgVVbfQc0SWxjX4t/IrnrasPAuKlE4=":{"valueMac":{"type":"Buffer","data":"zc2Gaaa2Jp8CcoIni+T5MU/x8Hlnx4+ZR9EryFD3Hfc="}},"UuplYBtyv61BTNFhQkkc+yWGXJiCwoj3U0TStE5bheY=":{"valueMac":{"type":"Buffer","data":"BAbqIhOcBDZn22O5LdXnYvaiUluiV3GBSjNv2AnfCeQ="}},"DCIR53frqldbuWNRrzHZSaGTzbd4o+jBgTr4SwYDLiw=":{"valueMac":{"type":"Buffer","data":"6/+IGD97mc+wFOiqpjj25RlBdifHJ7k8ashhsIwQC18="}},"bXTWeL4Wp4eEOSgHzc+gHs/Zok1bI3oZCMsbV2Vn//8=":{"valueMac":{"type":"Buffer","data":"6P/uSSF9gdm0jdwjyYRvqd3bc0idI0SOhHsaERm0qq0="}},"ehNCud6OTbksDIlG27HAz6FMNhbGrvbZ/h5M8sRFV08=":{"valueMac":{"type":"Buffer","data":"AeX8Ok/n62faC4j6OBKQQdDdBRM6Mtve5/0s0DAjtus="}},"cX+UcZhvW6EvkUxfXDVJqVAWt+1JN5tOXRcl0pqUjN8=":{"valueMac":{"type":"Buffer","data":"6Z32TLC0VlrAxcO+WwSWaqbfXcVGRT04xtUuMkcbH2M="}},"luPtZqYTKS0yx0tw6iIMtPGC7WBoLDd9xlKzX0z7A7w=":{"valueMac":{"type":"Buffer","data":"/XEIzKZ7ImD0FA3HKCQLkgVg7rApnLTVol4WZDYXVP0="}},"mNKqnQs5TLLyKf+3AvRKl06/3OGPwudIdEAoSUm9+W0=":{"valueMac":{"type":"Buffer","data":"V3i2Qb1cS8/as+4P9vGgo7/Hi7XuoAL2kLDBFXRZYWU="}},"KtW4lyiQ3l22irqsg4QchA1WqAy5Bjnb9cktkZ4O//k=":{"valueMac":{"type":"Buffer","data":"z4nD/lcHy+yOba0ub4sDfLXwYOq7JE6FejMw1b0zjVo="}},"nGxDrN8/3T0Uava+e2n5wB9N/IgdrATryC4oQOq+fDo=":{"valueMac":{"type":"Buffer","data":"bJi30BscnmVzzi1fi4+X8xkkjIsZBiSXFw1K5m5d2A0="}},"ifBHKXyTowt2sTLf7Tr4BlP3LHIvykqJ1xwZr2MWpXg=":{"valueMac":{"type":"Buffer","data":"DS0EeCwhO+VMQGe+W5T3DR+X7UA+fLEchAMSU+N+Q/o="}},"UIVhkJ8/EBUiGIUU+zUDGDizMOKzXzXuoxzrDCPVkmQ=":{"valueMac":{"type":"Buffer","data":"PNygUaoc30Vl6ZD7LADaOjZyAVjVke5IzN+lhHT9b68="}},"2mPowIO02bOFgbFr4VRVjPG53Zx8o5mxJ4kCXc077HY=":{"valueMac":{"type":"Buffer","data":"QrjLeQOFa6lTGP7kqDcIqzbdKjUvOlDZhBL6EM4Mkzw="}},"Dhmyxs8CplWC7I/fNApNXZWxc1L033qcvSoS0neViS8=":{"valueMac":{"type":"Buffer","data":"1AK8dLbRt04EpGg3nocYeTiNpKbukQihjgOEFP95abs="}},"Aserg6oczag9Fohscl8jUBJcOpbc4dEJlzzx3oATfqM=":{"valueMac":{"type":"Buffer","data":"xwo+y8vgD/tteMhq9zMiruCpzLKMBjZIh8WzcK8Nrys="}},"HppQOdbcZAWjsvJRfHWrxwmD5pLO3O+bWlzWYdOxPLc=":{"valueMac":{"type":"Buffer","data":"NI+wlWSqmwiU24v5V+30eyZSSYmE13bzHbIb6m0PQbA="}},"KqHwFSY9rvyfDEV8w0XsZGo1tbVshugS3gQZdIzI0a4=":{"valueMac":{"type":"Buffer","data":"grQ0+Er12rotGI2r1ThFrZVuXMxpz5BvpHsPODNfahY="}},"vNq/eh8F8f5KLrGtxsAYTeNjVokkiLWngwe61qkMW5Y=":{"valueMac":{"type":"Buffer","data":"v7PW6d9/GSHedsC6S9SdjK1prIUfVT4NIlAfQVvf8RQ="}},"I8fg6JbqoHhHfOad5SNdrmo+20fXxnbI63Q3+BjILy8=":{"valueMac":{"type":"Buffer","data":"sT0Q1oxu5gLa8n0lEG828hF5sBklGO655QZP+9MJQ04="}},"q/V6tLPiyKnRp7dJHCk5YFMkefCqYNMbKL//6XP7jzE=":{"valueMac":{"type":"Buffer","data":"yLi+XNZw62nj2Ox8xf7/lg6gbUVPJfZa1inUYP5+1hw="}},"3kLJBnGFGi/crDU862siN4Gq9eTpYCZ4UgpYAPpKTmM=":{"valueMac":{"type":"Buffer","data":"x+ixPugu4zflcT4YqscvkZhVjhPs81lZJqrTHFX24Vw="}},"BgLUNxyz/z+KhtDL9PBLF42IK7K3sUtiJuSbGnQiWo8=":{"valueMac":{"type":"Buffer","data":"ZdG03ba7V+x+6ciNpSEfo87brPEMRAjk8IAv2MG7+Ts="}},"CEtuJRS2HsnyDR+PeAOZDTaF/EDTMfO45hGjeJMBpbo=":{"valueMac":{"type":"Buffer","data":"kXcpfcUAmX4WzDhKFy36c1Ey4mfXqJtqlBQzkYWXUY8="}},"6M2jmrE81MZdGUyYiPV0jCb4LKj48MD0LnzbfBySQ9o=":{"valueMac":{"type":"Buffer","data":"Y4eA1MQS6DolVe/uJz4BGZ2Gx+H+PJLcKEmwIQhatWU="}},"BWftLP5BhuUtRZnslwByHJCR0Q5VYXW+01oH1Z/S9aY=":{"valueMac":{"type":"Buffer","data":"g4eKnDq7Hun/gNQHWiqt9NlSW+SFisiywqFGrWavPwo="}},"pa11XEnTPlM7DMT8tyAaQRcUfX6WgJWBPZd/DgNGD9s=":{"valueMac":{"type":"Buffer","data":"E9/494ErGadtCZqIA9SX2I2LH7N8e0/LxQzBDGRekqc="}},"9o8G8qI+JYf92g/H8tIQHAOdL1mSRw+LAJaSkZyX3Fs=":{"valueMac":{"type":"Buffer","data":"JQB0ttJbl/qBq3CRbyk1rfy00wdkwg9ZSAgC+dXuQWc="}},"q/meJx3NftuvXQPWjsohAGsLcbMkPR1GAMLI4gFYsPg=":{"valueMac":{"type":"Buffer","data":"WfvHJjipLMom/BNJOnMKvSg1YLQWWkkl4uo6Hf7/AEA="}},"RyzvR9xPW9Yf9xoWGbhioptHpoVP/UJdXR3f006Jiso=":{"valueMac":{"type":"Buffer","data":"Vzk8/cJWpwHjRMcxDaEgYHG+Jr1iOMUSX9sH39ysnBc="}},"SK/izq9MDZFUnJWdeijuXmCUlo0FNlcoK2vrGIuVh9E=":{"valueMac":{"type":"Buffer","data":"vP1xfgCVurLeuRGk0U8FmepfEy4EW/Cg/E/NsL0dHaU="}},"x4kWqg8e7OVN5fjWi9wO9Nvh9Cx0EOtmUqJ1i9Ocjs0=":{"valueMac":{"type":"Buffer","data":"3PA2C29pIGZB8noFBo5svj1hzpDLoEZpJmviWH7KkjQ="}},"Pnwwaywi7cpQHrek8za3N2nBSTHsYLj6Yx38NtDFw04=":{"valueMac":{"type":"Buffer","data":"VuFdY4sxqUfAgvy0x9OFfIcp/jm/WnxGx8CsDJW3uAo="}},"p3QhSLN0hCutp+ayyDmpuBrWricpkB47bQ2cGbc8ZzU=":{"valueMac":{"type":"Buffer","data":"SW0L/ccUhr2qmfoE216TlByLwXFiIBsDAWaouMX3fcs="}},"uyDQmIu+CrPL+iErMEme3KJXNe1WlZ6sm60RHL/8jb8=":{"valueMac":{"type":"Buffer","data":"Vxv/h3Rs1fw6BD9XX6O2wcIIKb8EDjZmNrh4UFHcEJE="}},"UpQuaRJuGvqTZowF2T4y/0MPy10CMQyvSJgKPQF2BCI=":{"valueMac":{"type":"Buffer","data":"o4J26JXbhlRE9ENWjPjduUWilDmoEBizXyP3GWutLpM="}},"2C77soLQShkUyr5kHm45WLBM142eXzGyQCdg6E/8Sw8=":{"valueMac":{"type":"Buffer","data":"+u+AMTIYjUUk9fQijDhNyAn2bgA67GqTM+QGiuuyQPg="}},"WNNWtcu7n1nI5X+VkV4EyCXiS/EFGd4awRcyRUT++S8=":{"valueMac":{"type":"Buffer","data":"DsYZ9jA8Dl5+cZEFZjyx42uAVOENvhvYxWzzjTh2CpY="}},"5X4cxWW0hWrhqWdFwm06HDfjCyjB9dHbzLfn1+4C3Co=":{"valueMac":{"type":"Buffer","data":"2b0WOMqg6uEOuxpqkggmv4dOmg91K08kwWM70LYzKkE="}},"ZdiP4fnk1f/aHJK+F43oMXus5eAj4N2Ojx5tct7edpw=":{"valueMac":{"type":"Buffer","data":"J8wn+8ry2cG3R3QJ0SmB57mdYWAu+g6BNgYymqpZq+E="}},"TL1OB34akshJt65fv0JWTxN2FLkH39ZVOsy+PND5WC4=":{"valueMac":{"type":"Buffer","data":"1wyZTzAtuySYwbbkpQtiWysDfkySvZC1o4S7JV0GsiY="}},"VY01Mez4MTxxU7sBQFvGjn6eD0oVkpa+h4Mnt6Fy7Xk=":{"valueMac":{"type":"Buffer","data":"9fjmd3YmOKkRSFkvv/x+D2ez+r75zeJizgXwuE7MPeI="}},"08h3MnuFLJ+4DrI0M8GxXRNfoom1qJW5VuW1TU+FdOY=":{"valueMac":{"type":"Buffer","data":"Ou7PTEMyItYCGDR1mmoj5RuWgQagfCTSQNIPh46NTOA="}},"276R2zqURnFO3dcMm3t+1ng47MWZn9PMjdiUmTYdZd8=":{"valueMac":{"type":"Buffer","data":"Z+rxiDt6LGBXvLgcuP7I8Vjm8wMcC3gdULToe7fFWM8="}},"eBtU+GiSxN49Fg8GsDpH9li+KfBVgFegtTo3NYyRvuM=":{"valueMac":{"type":"Buffer","data":"nGTYdb0m8WyEPV20erdHl1TXnAD/AgZcXed5vKQ1ECM="}},"pCSSv2q2lZdtPfO5EMIzbjtYkeMGfB3B9Qqagu/swKc=":{"valueMac":{"type":"Buffer","data":"1U+FIe+nuD2qpcV+11nbiUDRR6ePribPdZcSZZOGmUE="}},"K8j3qlDeiL6erJ2N7uDECYMP0RzQBcWtBXBDaZdCkVs=":{"valueMac":{"type":"Buffer","data":"ntDnykLIQidUStnAdEK81pb9poaxNnjWgwORm0PfBF8="}}}}