{"noiseKey":{"private":{"type":"Buffer","data":"uBPiD1L+QNmTb4ehFhl9u8KxsIcC019Tp+0BByHps0I="},"public":{"type":"Buffer","data":"eYA6pScfqSQRcjHMcqqPh+664LN3IM/6bd4Z0QVaXU4="}},"pairingEphemeralKeyPair":{"private":{"type":"Buffer","data":"KNvAkG8V3gfEmzB14Yk/5bq9rDO457assb+zFZvw220="},"public":{"type":"Buffer","data":"yJ1sy3IghCYWE/ljhgd0UbFCs7f0FPxRwW4PDNDJo34="}},"signedIdentityKey":{"private":{"type":"Buffer","data":"iHySWvwhHXXXxrAzzxMHUUUx7MLyy5Eo+W1HGPNei2Y="},"public":{"type":"Buffer","data":"roPY5hnS/JWKR5HLW77lOEsnICCaFlUvUKStA4qfPjw="}},"signedPreKey":{"keyPair":{"private":{"type":"Buffer","data":"CDTEOFCxdlqt3sC1HXOGn9Iil45tilQ08YdHV+5TmEY="},"public":{"type":"Buffer","data":"akKpdelO0bCeUUqdaYq4mSumcoFDjvKL5MfRS/KzqD4="}},"signature":{"type":"Buffer","data":"/K2xla5LqcJhJBlZbgeasXGaaJqej7QEgTETvJ2vAxytvVJRzfppNM8tHT7iAqW+i+qut99excrjh3UsWdoDgQ=="},"keyId":1},"registrationId":227,"advSecretKey":"fY1tmu74RbLDD1qCeo0YYRL/qV8bWN8k3qp7vTMeJQ0=","processedHistoryMessages":[{"key":{"remoteJid":"6285723701289@s.whatsapp.net","fromMe":true,"id":"43D097FE210868BE1A612A0CD8B6AB81"},"messageTimestamp":1716074269},{"key":{"remoteJid":"6285723701289@s.whatsapp.net","fromMe":true,"id":"3DDAA9BE34D9C2971936B96F69D66B11"},"messageTimestamp":1716074269},{"key":{"remoteJid":"6285723701289@s.whatsapp.net","fromMe":true,"id":"BAD2F60CB771082297DF9EF35CC98A9E"},"messageTimestamp":1716074274},{"key":{"remoteJid":"6285723701289@s.whatsapp.net","fromMe":true,"id":"489967A34A74497F5F0214035F1E93D4"},"messageTimestamp":1716074274}],"nextPreKeyId":31,"firstUnuploadedPreKeyId":31,"accountSyncCounter":1,"accountSettings":{"unarchiveChats":false},"deviceId":"QcXmOdAdRTuCXZT5o3hO6w","phoneId":"25ce5c90-8abb-486d-b06c-f5fe9a487813","identityId":{"type":"Buffer","data":"E29yZzumW4M2RQOQhBW1GQ9xNlQ="},"registered":true,"backupToken":{"type":"Buffer","data":"Jhv+KErVSbcRNkGlux7VmHemLOw="},"registration":{},"pairingCode":"FA8DFF3M","lastPropHash":"1zkqRC","me":{"id":"6285723701289:74@s.whatsapp.net","name":"Artificial Intellegence","jid":"6285723701289@s.whatsapp.net","lid":"203139521228960:74@lid"},"account":{"details":"CL6u38sCEJfupLIGGAEgACgA","accountSignatureKey":"gUDeR9kcc3O4iw+AJ2RgQRkgf3UsFfVt6yaFYZp1m1E=","accountSignature":"w707S0y0p1cZPshyLfzWS55kQCmO85xgxOsgDSVUy1QTZSfXm8hjzLDnGfKatQHtlO1W/MiffN3DpkPOo5UqAw==","deviceSignature":"+T2sKMeojdwPpUgqbT7jVJkB0peoSTs40Knr6F0F1T38uCA7YldLSSif823mGaqJ2L9SZUN0ud6ZgAFsTchejw=="},"signalIdentities":[{"identifier":{"name":"6285723701289:74@s.whatsapp.net","deviceId":0},"identifierKey":{"type":"Buffer","data":"BYFA3kfZHHNzuIsPgCdkYEEZIH91LBX1besmhWGadZtR"}}],"platform":"android","lastAccountSyncTimestamp":1716074266,"myAppStateKeyId":"AAAAAArK"}