{"noiseKey":{"private":{"type":"Buffer","data":"uE9Q1UQ0NihYzXsS7jmMMlFVWelztO8JEPPLt/9IglA="},"public":{"type":"Buffer","data":"m5HzPl1t7VUtU8Xl7qsRCdDVegNLda30VGjU4PIBlX0="}},"pairingEphemeralKeyPair":{"private":{"type":"Buffer","data":"yKMCAxKEvUJPpF+2+Z7qSVcDMreWAsaWpuqbzvIxwnY="},"public":{"type":"Buffer","data":"1kvh+0Ks6gAAvSWo+fmJSuqef6FFgSc1PrGlMdDCqzc="}},"signedIdentityKey":{"private":{"type":"Buffer","data":"ONS/YyC5Jz0h4ECmGIgH5dMnA2DeFT9MKOiHp1QYOFM="},"public":{"type":"Buffer","data":"PnQbHhF/UGBne7N5d0spAldAbSiKSG+MV8wRwBxtvVw="}},"signedPreKey":{"keyPair":{"private":{"type":"Buffer","data":"4Dy8c7SlGwtkgumoKLRQmlvzMJPDYS1TfBRaJycCw14="},"public":{"type":"Buffer","data":"qoMHoNTF2Aa5citxTw7LHE6gxcHUHiHj2Vxtn4Um+AI="}},"signature":{"type":"Buffer","data":"XEuIpwywZQRU73eHP42vxqsa+SHfi9qKhuH6pQH0q6QJEfkrtOWf+Bk9PXCA6Vql1Zs7Rm/1hWRW3ESuh3CnAg=="},"keyId":1},"registrationId":64,"advSecretKey":"/4v7Kbb+Uh2uD0J7PE8RCp4ICaS6wwhLEwlkkT1gA84=","processedHistoryMessages":[{"key":{"remoteJid":"6285721670655@s.whatsapp.net","fromMe":true,"id":"7A670A4636A4FF57BF0CBA4EDE8419FB"},"messageTimestamp":1716084997},{"key":{"remoteJid":"6285721670655@s.whatsapp.net","fromMe":true,"id":"07E4A1ACCCFCB42D687EB8EEA6228D00"},"messageTimestamp":1716084997},{"key":{"remoteJid":"6285721670655@s.whatsapp.net","fromMe":true,"id":"780DCC3E8EE739E03B6394E723561A58"},"messageTimestamp":1716085001},{"key":{"remoteJid":"6285721670655@s.whatsapp.net","fromMe":true,"id":"248D21F402775E2165261CE8AA6F308E"},"messageTimestamp":1716085001}],"nextPreKeyId":31,"firstUnuploadedPreKeyId":31,"accountSyncCounter":1,"accountSettings":{"unarchiveChats":false},"deviceId":"ZugjW5SHS0WModP4TRBcbg","phoneId":"ff69f862-6d81-434d-9024-fa8fe972a986","identityId":{"type":"Buffer","data":"iXkmmZ3/knqoUHOLt9h7tKA7m4Y="},"registered":true,"backupToken":{"type":"Buffer","data":"ExQWyjtNfn5ba6yosrbobyMiAs4="},"registration":{},"pairingCode":"QRM5X21T","lastPropHash":"3H9ELF","me":{"id":"6285721670655:1@s.whatsapp.net","name":"Artificial Intellegence","jid":"6285721670655@s.whatsapp.net","lid":"76725732032695:1@lid"},"account":{"details":"CLfR7+4FEIDCpbIGGAEgACgA","accountSignatureKey":"0KZl1q+qAoQb7w5XcU8kQZutjftLxbS758X98k1GDkU=","accountSignature":"33/frGwMKsMbkCCq3HRsGmuaqgFJ8PXNvbp/ILzlK1ll5Bu+RG9bYi7a/E+oV7LhV+nsFaIRhZdu9s1e/j5uCQ==","deviceSignature":"mGRq+iY4YtrL8VIIn8lCqlumMx1l6cvffkrmlsYN5gRRaMq/eRZSMacKQgFXtSNmvroPPeyJQ+gNiWKfJKpABQ=="},"signalIdentities":[{"identifier":{"name":"6285721670655:1@s.whatsapp.net","deviceId":0},"identifierKey":{"type":"Buffer","data":"BdCmZdavqgKEG+8OV3FPJEGbrY37S8W0u+fF/fJNRg5F"}}],"platform":"smba","lastAccountSyncTimestamp":1716084995,"myAppStateKeyId":"AAAAADHA"}