{"noiseKey":{"private":{"type":"Buffer","data":"eK6APQ/pFT+5kYgfDO1cJNir+T4spVGww9Oxqrm3dm0="},"public":{"type":"Buffer","data":"TJVJOc0BWzL4lRH46xgjniBmAo7kzFKXz+/0j9XUdDQ="}},"pairingEphemeralKeyPair":{"private":{"type":"Buffer","data":"eEmJfp/eOSTzZyJRleOHpRINpPqqVJ2qwxgpGOOBmmA="},"public":{"type":"Buffer","data":"FDCRPz29mCjzD1eN9wvXH5ExjfKah64VDsaEH/+iCxY="}},"signedIdentityKey":{"private":{"type":"Buffer","data":"uIx2IxP3VCYglBfD6iD7wYqIi+u6tQtyArOkvuGlYFI="},"public":{"type":"Buffer","data":"nUV+6oziL+fjdA1Szg4ceo1uLMBxYvUb4sBdogd9RQg="}},"signedPreKey":{"keyPair":{"private":{"type":"Buffer","data":"8NB+1gpD2Rx28a0O6Z4I5MQdpEKz6Durh/NSTCYpVns="},"public":{"type":"Buffer","data":"LaTGImswJl8Q/sC7g0O9BX1U8S1gwng933LmSSpRSWE="}},"signature":{"type":"Buffer","data":"MRmVOtd+ta8t3snTTRnrEhA4RTNJxJ4VYrOAzRFlc0RBd445Xj6ei4JI4FNBVzv65TXXOm9+bqFSS/GxDMTUBQ=="},"keyId":1},"registrationId":188,"advSecretKey":"A5ebyXoSw8YDtjZZGQREOyw7T2DUrXa+a/hQ3nHFPlI=","processedHistoryMessages":[{"key":{"remoteJid":"6285723701289@s.whatsapp.net","fromMe":true,"id":"DAB1FBB17B65F8AF63AFF07FEC918904"},"messageTimestamp":1716035333},{"key":{"remoteJid":"6285723701289@s.whatsapp.net","fromMe":true,"id":"8941651EAFB38F0D74716B16098A7D1F"},"messageTimestamp":1716035334},{"key":{"remoteJid":"6285723701289@s.whatsapp.net","fromMe":true,"id":"A456A1847539A1452B348964F539CB49"},"messageTimestamp":1716035343},{"key":{"remoteJid":"6285723701289@s.whatsapp.net","fromMe":true,"id":"42334AAB32C19B43C3E12BB1DFFAF4D0"},"messageTimestamp":1716035344}],"nextPreKeyId":31,"firstUnuploadedPreKeyId":31,"accountSyncCounter":1,"accountSettings":{"unarchiveChats":false},"deviceId":"55_W5VhNRG6dYkeGjh_aEQ","phoneId":"1c7c6f6d-0d02-4073-9d42-7a57ad11ad7e","identityId":{"type":"Buffer","data":"VhLzuCMd6MHh32NJTW4/i1yM0R4="},"registered":true,"backupToken":{"type":"Buffer","data":"j6jMi2hc5WYIh5g4UNPNey3Liis="},"registration":{},"pairingCode":"F34YH31V","lastPropHash":"1zkqRC","me":{"id":"6285723701289:73@s.whatsapp.net","name":"ELAINA|V6.0.0","jid":"6285723701289@s.whatsapp.net","lid":"203139521228960:73@lid"},"account":{"details":"CK6U99oGEP+9orIGGAEgACgA","accountSignatureKey":"Qk45FLmy+yrKt2o8SImKCEGnv5ltZBnRqCrUqWSZz1U=","accountSignature":"mvnLxIxhbArABau9uDqNjpJYH8SSxKTyOmSIF1vEMfwHjr/rhVDKk25PsazmiiS7gHVtQ3zZm6Z2t5jpdgLcCw==","deviceSignature":"31uDlbPnuuYflhvwJJ82Nmcn1Nu6sGtqu5EkbhTDEROZCktOZ4pdvDzwGj04dG+WVj9jgI+gbtx1qsiwb11mAw=="},"signalIdentities":[{"identifier":{"name":"6285723701289:73@s.whatsapp.net","deviceId":0},"identifierKey":{"type":"Buffer","data":"BUJOORS5svsqyrdqPEiJighBp7+ZbWQZ0agq1Klkmc9V"}}],"platform":"smba","lastAccountSyncTimestamp":1716035331,"myAppStateKeyId":"AAAAAKio"}