{"_sessions":{"BXpqWxR5oXcZFo4sbvcFMmyCDi3oUoEPCJCOt6wf9TVj":{"registrationId":545289065,"currentRatchet":{"ephemeralKeyPair":{"pubKey":"BZLWSUQZDPWbeHPIP5gspcRDnu/ov3FpLglWTE2L3k4Z","privKey":"WCs++GqhZD+uc67krTma0sya11MqzakoZ4VN2rECa2U="},"lastRemoteEphemeralKey":"BSEzpiX8jccb7d4z+ZlyT5/YFpUlQWwQOo9yeTqcoHYh","previousCounter":0,"rootKey":"CRJgpX9SYQ8tUz3Pd31ngYAqzsBf+baoZvOnDNxBDXk="},"indexInfo":{"baseKey":"BXpqWxR5oXcZFo4sbvcFMmyCDi3oUoEPCJCOt6wf9TVj","baseKeyType":1,"closed":-1,"used":1716074382355,"created":1716074382355,"remoteIdentityKey":"BatRHaGnLgX8StPf556lW8MML2YN3m69EyIax2evGNMp"},"_chains":{"BZLWSUQZDPWbeHPIP5gspcRDnu/ov3FpLglWTE2L3k4Z":{"chainKey":{"counter":0,"key":"7kJnW9AH6qsx5idcoKqDkZzz2+8YBrYUZwnCL+jhhKk="},"chainType":1,"messageKeys":{}}},"pendingPreKey":{"signedKeyId":1,"baseKey":"BXpqWxR5oXcZFo4sbvcFMmyCDi3oUoEPCJCOt6wf9TVj","preKeyId":10793372}}},"version":"v1"}