{"_sessions":{"BWcNRHMc1k/v7gLDq9r4IIpSVXZw//oBMo3HMDbOJd8W":{"registrationId":1810526468,"currentRatchet":{"ephemeralKeyPair":{"pubKey":"BdwxubJNHtz4IL9VYCTaQxnorp7Drb1oKTFV8Pvp38dJ","privKey":"6GVdA8mBDZcO8z9b0LPvEPsJw/IVblvz8ANwrutyzUs="},"lastRemoteEphemeralKey":"BaLCwn2KmQ2RnhCN6vTh/F0ahZmgCPwnflJpGfu9nRYa","previousCounter":0,"rootKey":"+VYfm2DMv4Ln1KDXTH7+egX/RkPu/dwjMpdgZm3l/Cg="},"indexInfo":{"baseKey":"BWcNRHMc1k/v7gLDq9r4IIpSVXZw//oBMo3HMDbOJd8W","baseKeyType":1,"closed":-1,"used":1716074382834,"created":1716074382834,"remoteIdentityKey":"BUYRR47303ZFZE5zlkvngTckLu8Uk/CEN+YomS4YXhMT"},"_chains":{"BdwxubJNHtz4IL9VYCTaQxnorp7Drb1oKTFV8Pvp38dJ":{"chainKey":{"counter":0,"key":"YMIubLuV6N6ezsvodUY0OTps7KznxVzr+tMBSsXOF9w="},"chainType":1,"messageKeys":{}}},"pendingPreKey":{"signedKeyId":3,"baseKey":"BWcNRHMc1k/v7gLDq9r4IIpSVXZw//oBMo3HMDbOJd8W","preKeyId":10604766}}},"version":"v1"}