{"_sessions":{"BSTDdiBBgyeRAe3pile8SkZ5xB8WY65gLdIFzaFz5wpE":{"registrationId":14523,"currentRatchet":{"ephemeralKeyPair":{"pubKey":"BYcjSYvV5njoK2Pl4T1V9UAHEAkhFFWd/vaPnzJNyH5P","privKey":"wNdtGPOCUv76GP/Kufexl7Zu1oIyoRNLrWuTuPS6d0I="},"lastRemoteEphemeralKey":"BdVi1iFoPA91rc7LCYeZXuAx1SenPVILzZCI2xlgf8Yt","previousCounter":0,"rootKey":"G+aT093e4B+TDfzyImM9WssFtqR//nOCoDvnfNRn/kc="},"indexInfo":{"baseKey":"BSTDdiBBgyeRAe3pile8SkZ5xB8WY65gLdIFzaFz5wpE","baseKeyType":1,"closed":-1,"used":1716074382138,"created":1716074382138,"remoteIdentityKey":"BTX2+3rE+AMcISdZDpMdlRJ4NT5ioyLcbTd7vmBZHjkY"},"_chains":{"BYcjSYvV5njoK2Pl4T1V9UAHEAkhFFWd/vaPnzJNyH5P":{"chainKey":{"counter":0,"key":"YQ7PhMVPvowOx6YsNeaPkvaPZB8Ynj0Cale6QYszy3w="},"chainType":1,"messageKeys":{}}},"pendingPreKey":{"signedKeyId":1,"baseKey":"BSTDdiBBgyeRAe3pile8SkZ5xB8WY65gLdIFzaFz5wpE"}}},"version":"v1"}