{"_sessions":{"BYAz4zuI3uWLSXwRfYxMzTca3toU+Xjo32n/gbhLVIUG":{"registrationId":927921093,"currentRatchet":{"ephemeralKeyPair":{"pubKey":"BVRfHstM1Ne7wCryoJm5P626H6cugSuUBqdl6rLgO+E6","privKey":"ALShe8e7GhTKFbCsR4EKQcYJ6hVhKrdk0jzydXSunlQ="},"lastRemoteEphemeralKey":"Bb1hzf+0jFSjc2CEcariVtd1WW3uO63ePFAsVYMmUvY1","previousCounter":0,"rootKey":"W8VTg405rrZ7bcm7VcflP7d7Y9Z1dc5fPIocUh+hhPQ="},"indexInfo":{"baseKey":"BYAz4zuI3uWLSXwRfYxMzTca3toU+Xjo32n/gbhLVIUG","baseKeyType":1,"closed":-1,"used":1716074382269,"created":1716074382269,"remoteIdentityKey":"BfSb6YTkEFolEtsX6KhUiMiRCZBVgs8jVxe3bAwaORYy"},"_chains":{"BVRfHstM1Ne7wCryoJm5P626H6cugSuUBqdl6rLgO+E6":{"chainKey":{"counter":0,"key":"o8LKEyHRcgJc4OOLNgzaFn0CTSmotXzPWu1G1NVcTsY="},"chainType":1,"messageKeys":{}}},"pendingPreKey":{"signedKeyId":2,"baseKey":"BYAz4zuI3uWLSXwRfYxMzTca3toU+Xjo32n/gbhLVIUG","preKeyId":8011933}}},"version":"v1"}