{"_sessions":{"Bdp5WHZAXDwyJUkHrJ9Icpq/IzHYKgEIF/LNrF80189A":{"registrationId":695738868,"currentRatchet":{"ephemeralKeyPair":{"pubKey":"BdyOMzrfC17rSZHtAa14JxnJ6hrtRqudDZelIBbKRXNN","privKey":"oEepkYVXisq8kOie+055D1YY1BrpKbSEIapDExDP22k="},"lastRemoteEphemeralKey":"BXdo8xAFR/sAy7M1ff5al3wUQLrL6VhvSh6DVSx3SAkU","previousCounter":0,"rootKey":"JNloo8VLpzM+f/VF+miywrPOk2irlVkLqgeJ7kSQRz0="},"indexInfo":{"baseKey":"Bdp5WHZAXDwyJUkHrJ9Icpq/IzHYKgEIF/LNrF80189A","baseKeyType":1,"closed":-1,"used":1716074382528,"created":1716074382528,"remoteIdentityKey":"BfzWYhSXhDD+dDMBCh9KsTp6HunEXBRrGJBPJEJcAm5G"},"_chains":{"BdyOMzrfC17rSZHtAa14JxnJ6hrtRqudDZelIBbKRXNN":{"chainKey":{"counter":0,"key":"1S6WGvpxQTnqCHGDPlNlHF676QjiJ9Kxoj15hTUhc8k="},"chainType":1,"messageKeys":{}}},"pendingPreKey":{"signedKeyId":3,"baseKey":"Bdp5WHZAXDwyJUkHrJ9Icpq/IzHYKgEIF/LNrF80189A","preKeyId":15160481}}},"version":"v1"}