{"_sessions":{"BUP9SzhOsxhJCXkjs2e4jIfj6cNibBY3tMWd0Riu6/sU":{"registrationId":220,"currentRatchet":{"ephemeralKeyPair":{"pubKey":"BbuNbtbMgEWV+8/1UNyTP5AiOxHvqQuBF9LM2O7pIJVu","privKey":"wNIK7iF81PjRNVVS6HNzRmKz5pJfpmdIi3kV2H6nNUM="},"lastRemoteEphemeralKey":"BZwtH/RCkAe0ofp3vEqtkWG5Gnje1m5+aJ8biighHBZ/","previousCounter":0,"rootKey":"VniPms5bxq6Bi6vuU87abesNbpYMTNASsUIMS8l28Co="},"indexInfo":{"baseKey":"BUP9SzhOsxhJCXkjs2e4jIfj6cNibBY3tMWd0Riu6/sU","baseKeyType":1,"closed":-1,"used":1716074381846,"created":1716074381846,"remoteIdentityKey":"BQNIf+G9vam9F87gyEJOthRM0ovtqQyBn629kUz/oLRW"},"_chains":{"BbuNbtbMgEWV+8/1UNyTP5AiOxHvqQuBF9LM2O7pIJVu":{"chainKey":{"counter":0,"key":"sDI03gqj9VAlNv9qWE4pD+MPus3miqdgcW0Ulg0xNJs="},"chainType":1,"messageKeys":{}}},"pendingPreKey":{"signedKeyId":1,"baseKey":"BUP9SzhOsxhJCXkjs2e4jIfj6cNibBY3tMWd0Riu6/sU"}}},"version":"v1"}