{"_sessions":{"BdB8qnDKlDGej3vC/1pj6JAJIYXwOHi016UT/y5HbcIc":{"registrationId":9209,"currentRatchet":{"ephemeralKeyPair":{"pubKey":"Baa1STvtQKsPVb81V8txuLpGqcTszfHRn87OVLfXaI0c","privKey":"AJJ4+q583LUpfpdMzLtCbKtC9+bzxGriIHXLt58Yn0A="},"lastRemoteEphemeralKey":"Ba45q7yNMDHnfuvhEQQrNGz6Ht2U42LCnuD+QTmkn80g","previousCounter":0,"rootKey":"K90OuXvly4ij9fw7wKin2Eb3KfV1P/JAEcyEri9xd54="},"indexInfo":{"baseKey":"BdB8qnDKlDGej3vC/1pj6JAJIYXwOHi016UT/y5HbcIc","baseKeyType":1,"closed":-1,"used":1716074381640,"created":1716074381640,"remoteIdentityKey":"BTlB4aWcJtobJGTd0GyFRTknrpsX1JIa14Yn3Q/tBn8w"},"_chains":{"Baa1STvtQKsPVb81V8txuLpGqcTszfHRn87OVLfXaI0c":{"chainKey":{"counter":0,"key":"X5HuVn9Hx42BqH5Oc5Uqj7bcQ6+yAKvLiuE/pQnV1Sc="},"chainType":1,"messageKeys":{}}},"pendingPreKey":{"signedKeyId":1,"baseKey":"BdB8qnDKlDGej3vC/1pj6JAJIYXwOHi016UT/y5HbcIc"}}},"version":"v1"}