{"_sessions":{"BU8RY3lzX5QsJ3+pABanRPHuezLtmsGYpD6FAuvnI/Z7":{"registrationId":877168296,"currentRatchet":{"ephemeralKeyPair":{"pubKey":"BZnqKKMToWnvVnw0s18fijj12QzrYOhXggaxnO2AAEsc","privKey":"sI7U4MXlJ8LXC/494pSfLa7eAz6pCOsNnAhSrTk3hWU="},"lastRemoteEphemeralKey":"BTL6gnnjD1HQJUl4O1Mz5aFQv8QQZDaulTaYOfz5iFtD","previousCounter":0,"rootKey":"pLbuQJgoaHZKlgqQ3/yRHyHlHmeONrtR0hOEnVNQk9c="},"indexInfo":{"baseKey":"BU8RY3lzX5QsJ3+pABanRPHuezLtmsGYpD6FAuvnI/Z7","baseKeyType":1,"closed":-1,"used":1716074382379,"created":1716074382379,"remoteIdentityKey":"BYmhqDmlP//JuMD2wf7GyyyfgV6ect5sR65hFzV3k2sN"},"_chains":{"BZnqKKMToWnvVnw0s18fijj12QzrYOhXggaxnO2AAEsc":{"chainKey":{"counter":0,"key":"TsZv7apYPIKkUPJlIGxFePxlqoswmOM7BjeIvwbe9EU="},"chainType":1,"messageKeys":{}}},"pendingPreKey":{"signedKeyId":0,"baseKey":"BU8RY3lzX5QsJ3+pABanRPHuezLtmsGYpD6FAuvnI/Z7","preKeyId":1778745}}},"version":"v1"}