{"_sessions":{"Bekxhq8GCOtlHPz5S1vuz500LHiA3dIKiWe0rQtlke4R":{"registrationId":1995277115,"currentRatchet":{"ephemeralKeyPair":{"pubKey":"BQKI6iremCOvFK92fAoUlT+v++9cIch+I0w7iX4a6YVZ","privKey":"QIObCcmBidnCXwAT+rk34VaQ/DoxBC9/46pbiYduiUA="},"lastRemoteEphemeralKey":"BdIGReNaH8hyoQrMZcSKJSI1rqyuYxIgP0ETu4UIsWAv","previousCounter":0,"rootKey":"wBYsHJPNz6PxmFlRn64Xhm89xlKFyNeOF8Fl3Ah2hi4="},"indexInfo":{"baseKey":"Bekxhq8GCOtlHPz5S1vuz500LHiA3dIKiWe0rQtlke4R","baseKeyType":1,"closed":-1,"used":1716074382657,"created":1716074382657,"remoteIdentityKey":"BczYRFwRFKEoSOX0fxYPvd6CTgNy8rFpJ7pvj0UFG8c6"},"_chains":{"BQKI6iremCOvFK92fAoUlT+v++9cIch+I0w7iX4a6YVZ":{"chainKey":{"counter":0,"key":"knd/PZ2QTfVAB2vrZLLoCUdPVJfNW71l/g5UeLb1D40="},"chainType":1,"messageKeys":{}}},"pendingPreKey":{"signedKeyId":2,"baseKey":"Bekxhq8GCOtlHPz5S1vuz500LHiA3dIKiWe0rQtlke4R","preKeyId":4261270}}},"version":"v1"}