{"_sessions":{"BemaC0BHy4JeufmExJtRBJbUiKSEMYBK8JPuZJUKKP11":{"registrationId":117,"currentRatchet":{"ephemeralKeyPair":{"pubKey":"BcojjbdDB/wVzTUmik5yEkfWAekv7L5TXq1NiXY8fXZG","privKey":"mPeVyCXKHzhj0Ja+3j6hLbzX+sWsv5l1ozUQS7bOB1g="},"lastRemoteEphemeralKey":"BfwAItQkDV7t2lVTYC/D/m4o/ltNyIBEly8A+oFkKldx","previousCounter":0,"rootKey":"2HF/U0saT7V6XqhwTgk+xVzhYyRx6p2xxtpE9BIYxp4="},"indexInfo":{"baseKey":"BemaC0BHy4JeufmExJtRBJbUiKSEMYBK8JPuZJUKKP11","baseKeyType":1,"closed":-1,"used":1713913834180,"created":1713913834180,"remoteIdentityKey":"BbxahK9j+HMEy6ZP5riYA5fGp+D5BYiolv744eC2ZHMu"},"_chains":{"BcojjbdDB/wVzTUmik5yEkfWAekv7L5TXq1NiXY8fXZG":{"chainKey":{"counter":0,"key":"rfHYzvw4IpwRuZav09QrZg7hDrHIw2AVuPsN3QcdWFA="},"chainType":1,"messageKeys":{}}},"pendingPreKey":{"signedKeyId":1,"baseKey":"BemaC0BHy4JeufmExJtRBJbUiKSEMYBK8JPuZJUKKP11"}}},"version":"v1"}