{"_sessions":{"Bfwz+RgRHOq4bDHsCDkNIp2EhztKyenfe/CJ5fNe7hMZ":{"registrationId":571889947,"currentRatchet":{"ephemeralKeyPair":{"pubKey":"Ba90jtMy84u1BUdIn+caYn88xtiQe7yI71Xz4uaqNLx7","privKey":"4CccDMBec3FmdgK3CMV1+wNMUAvS4P8k9LGdTYHe7mU="},"lastRemoteEphemeralKey":"BXv2LhpHPRmSOeHt1X5maBmcdblKYfGVqxCwT2dhS6wy","previousCounter":0,"rootKey":"0PdRVfTn8Xsed3B6qKoTEt8HDlVk4xnLfwaAwozzSWk="},"indexInfo":{"baseKey":"Bfwz+RgRHOq4bDHsCDkNIp2EhztKyenfe/CJ5fNe7hMZ","baseKeyType":1,"closed":-1,"used":1716074381964,"created":1716074381964,"remoteIdentityKey":"BbJldQGU+eTYyt/Nh5xMKONEmBIZy9uLl1U+X1MvYAsr"},"_chains":{"Ba90jtMy84u1BUdIn+caYn88xtiQe7yI71Xz4uaqNLx7":{"chainKey":{"counter":0,"key":"Kdv6Zq4QZu7mx34wA2dVJnEswSJ4662jMHtjrEmI9ac="},"chainType":1,"messageKeys":{}}},"pendingPreKey":{"signedKeyId":1,"baseKey":"Bfwz+RgRHOq4bDHsCDkNIp2EhztKyenfe/CJ5fNe7hMZ"}}},"version":"v1"}