{"_sessions":{"BXmxwq6Jlnfh5P8TC4SPHXyhBjlAjoIfHVZ4HlJH3AgT":{"registrationId":13521,"currentRatchet":{"ephemeralKeyPair":{"pubKey":"BZuszC8v4RVJB0cm5ymZQgDnkPXE3Bxjvq0Gyc34YqU6","privKey":"kJrzjhYVGo4nLw+bVFFZ5bL0GKbaKtZUlWxOL6rP4UQ="},"lastRemoteEphemeralKey":"BcNO2GdGm3cF/V6zhsLOOeQ66c0NYsqJCNgW007LWsAH","previousCounter":0,"rootKey":"dpqcl19Wxl5zi79xFnlT9HTX0Ky8fQ4e/jGl9fSjrEg="},"indexInfo":{"baseKey":"BXmxwq6Jlnfh5P8TC4SPHXyhBjlAjoIfHVZ4HlJH3AgT","baseKeyType":1,"closed":-1,"used":1716074382047,"created":1716074382047,"remoteIdentityKey":"BSd4bMvYF/fpsDTjdGmr1Xw8oW6qVjzNgezPHChN+dwT"},"_chains":{"BZuszC8v4RVJB0cm5ymZQgDnkPXE3Bxjvq0Gyc34YqU6":{"chainKey":{"counter":0,"key":"D9CoZ3EroPQqO2ixO9eaaqaXF2RN7loGWKUN32ZBd9Y="},"chainType":1,"messageKeys":{}}},"pendingPreKey":{"signedKeyId":2,"baseKey":"BXmxwq6Jlnfh5P8TC4SPHXyhBjlAjoIfHVZ4HlJH3AgT"}}},"version":"v1"}