{"_sessions":{"BToA/3stB2njn35ezDz358wFNnEDoZaZv3ZqIZBokLor":{"registrationId":58249733,"currentRatchet":{"ephemeralKeyPair":{"pubKey":"Bczpdo1i2zoX/8MeNN0/xThbbO3xO9KExgYOedWLAS8Y","privKey":"mLyHGsNA3XRBNQEoJPyreza3DG+74bF/mFRSILIkYm8="},"lastRemoteEphemeralKey":"BZrvBFgr/y9l107y+Ql3zx+hgNx8UJJYpF8MeYikL3c5","previousCounter":0,"rootKey":"y/vLkh3JLomq5xM44qXlOJHW08xr1MjJZQcF5ATuGss="},"indexInfo":{"baseKey":"BToA/3stB2njn35ezDz358wFNnEDoZaZv3ZqIZBokLor","baseKeyType":1,"closed":-1,"used":1716074382473,"created":1716074382473,"remoteIdentityKey":"BbqKbovpz7HY55MacVwQy97gRl5cRsHGgInSf+XqivR5"},"_chains":{"Bczpdo1i2zoX/8MeNN0/xThbbO3xO9KExgYOedWLAS8Y":{"chainKey":{"counter":0,"key":"vhhVuI/1gEsuQqU58vSSmb5fguTNkMup/OdOlafJjqc="},"chainType":1,"messageKeys":{}}},"pendingPreKey":{"signedKeyId":11,"baseKey":"BToA/3stB2njn35ezDz358wFNnEDoZaZv3ZqIZBokLor","preKeyId":10188760}}},"version":"v1"}