{"_sessions":{"BSKY9evz5pwUunik4kIBZ479gjY9IS8jM4zFhwA1L85g":{"registrationId":1894606276,"currentRatchet":{"ephemeralKeyPair":{"pubKey":"BSZr7xeug7AACZsu8KD1hwFN1ORrEnVZRh88ayTAof5m","privKey":"eLFMvpekHlE5Zk7EQun9+ZBmOHlqzWZtCCQzrqqdVkk="},"lastRemoteEphemeralKey":"BcLJkZ3PiBJY/oP4KZjaGbkfiYplpFSd2IXBg/1bLD51","previousCounter":0,"rootKey":"vPU2GwzN7SUjJClWhR/ISxBBtApPsS6QzOItPOmk22U="},"indexInfo":{"baseKey":"BSKY9evz5pwUunik4kIBZ479gjY9IS8jM4zFhwA1L85g","baseKeyType":1,"closed":-1,"used":1716074382648,"created":1716074382648,"remoteIdentityKey":"BZe/jnKePED3cqSISZcyU275IFInoVcY2jZtGyQ5URAB"},"_chains":{"BSZr7xeug7AACZsu8KD1hwFN1ORrEnVZRh88ayTAof5m":{"chainKey":{"counter":0,"key":"ZAzRNLd34fmmw6On2LPLoghQ1GMGOvUuaYPPXuJibkM="},"chainType":1,"messageKeys":{}}},"pendingPreKey":{"signedKeyId":1,"baseKey":"BSKY9evz5pwUunik4kIBZ479gjY9IS8jM4zFhwA1L85g","preKeyId":3945550}}},"version":"v1"}