{"_sessions":{"BRAFtDeZIXLChyCt11FxS7yoAD9791ULDYlvIuYxrTMb":{"registrationId":974788967,"currentRatchet":{"ephemeralKeyPair":{"pubKey":"BbbxcD6b0Z0LtmvJJoutPkLB+RLpe8J+gSRWgsLZVMgY","privKey":"oHCOzNZy86bV+oVL26o2PAjU49O1hLYom8VVWeWqem4="},"lastRemoteEphemeralKey":"BRDHGgjh4LOvzVDpfdbq7l393MvduiKpE0xNtIcp0Qd4","previousCounter":0,"rootKey":"5K+DYXwGoC40mB0VeAqDyR3+gplFofD920CDKYAttxY="},"indexInfo":{"baseKey":"BRAFtDeZIXLChyCt11FxS7yoAD9791ULDYlvIuYxrTMb","baseKeyType":1,"closed":-1,"used":1716074382512,"created":1716074382512,"remoteIdentityKey":"BXzb6f2yBedsl338CdsEXgv7lgS7skARFz6qbHrjvE8j"},"_chains":{"BbbxcD6b0Z0LtmvJJoutPkLB+RLpe8J+gSRWgsLZVMgY":{"chainKey":{"counter":0,"key":"vXHo3g7IWhZBNsdMGWlF3malBiwMJ5cDnzbbUytRaWI="},"chainType":1,"messageKeys":{}}},"pendingPreKey":{"signedKeyId":2,"baseKey":"BRAFtDeZIXLChyCt11FxS7yoAD9791ULDYlvIuYxrTMb","preKeyId":7060533}}},"version":"v1"}