{"_sessions":{"Bb4mgxatXWYXgFlkO+uSgMcmIY5troUEsnUpkbriI2JP":{"registrationId":1651316018,"currentRatchet":{"ephemeralKeyPair":{"pubKey":"BRuB8uFyqWoNbGYd/SadG6CNLSPwczWNzEXCaHI8Ipoj","privKey":"UK6UlBv1hIF81LkMhryogxu4JDoZLmeN6r1QU1yHc1w="},"lastRemoteEphemeralKey":"BV9vI3R7c4bzX9VFthS1houMLs1lfOzqiOfVhU8e6CxN","previousCounter":0,"rootKey":"wgneL+RJWWc8tCmgCLD8m5Pw1SVhw5qdM75llUazQzo="},"indexInfo":{"baseKey":"Bb4mgxatXWYXgFlkO+uSgMcmIY5troUEsnUpkbriI2JP","baseKeyType":1,"closed":-1,"used":1716074382224,"created":1716074382224,"remoteIdentityKey":"BebNVoFW/t+HYgeqvR9zHTG8VJu/afDOxErCI/tO0lRl"},"_chains":{"BRuB8uFyqWoNbGYd/SadG6CNLSPwczWNzEXCaHI8Ipoj":{"chainKey":{"counter":0,"key":"MYngZEKZ4FVh5WNZGKbyilu5eacJ0IMiWnc+WhQF6S4="},"chainType":1,"messageKeys":{}}},"pendingPreKey":{"signedKeyId":53,"baseKey":"Bb4mgxatXWYXgFlkO+uSgMcmIY5troUEsnUpkbriI2JP","preKeyId":384440}}},"version":"v1"}