{"_sessions":{"BR+PukH3xbrcD3JMq4AkyxxSzmW3OV4aRhMulmJrysE4":{"registrationId":1673923432,"currentRatchet":{"ephemeralKeyPair":{"pubKey":"BYAchpZn0d2cDx30JRL8Z0YHVK7348zcjtERBu7eRANf","privKey":"GNWp7pEuRDiSzJakvX7dDoXK2kZ68YTAzI3yOIcOdWM="},"lastRemoteEphemeralKey":"BfIawBty9qia8sC9aOJGzlDnmk+Ubf/CttrhNySRw1tE","previousCounter":0,"rootKey":"CH3cfoLPhRjYksa4FTgzqHF2XjalTYQLwe9Lu3LCrvs="},"indexInfo":{"baseKey":"BR+PukH3xbrcD3JMq4AkyxxSzmW3OV4aRhMulmJrysE4","baseKeyType":1,"closed":-1,"used":1716074382731,"created":1716074382731,"remoteIdentityKey":"BW04iJtZ+8nRwQNQrFLMeXwWK57SWViUd9Ae5EkqbBB0"},"_chains":{"BYAchpZn0d2cDx30JRL8Z0YHVK7348zcjtERBu7eRANf":{"chainKey":{"counter":0,"key":"avxsFkSgmbSGxvmA1N+eggbxvWKGZQ+0a3Tbh5erMMk="},"chainType":1,"messageKeys":{}}},"pendingPreKey":{"signedKeyId":2,"baseKey":"BR+PukH3xbrcD3JMq4AkyxxSzmW3OV4aRhMulmJrysE4","preKeyId":10163098}}},"version":"v1"}