{"_sessions":{"BRINGW6zvqaLOdTdOHqWeZNP+6x3uNKYM43ZsD+SdXt5":{"registrationId":247562069,"currentRatchet":{"ephemeralKeyPair":{"pubKey":"BfsGmkUNQTPTwr8L9DaE7N1pUNaX2yQMKEX1etfu4iQf","privKey":"AII2JubWb5Qk8vuRZLUZrCQ+gRtVpmTN3pdTvUwJNn4="},"lastRemoteEphemeralKey":"BQQOIZlscjh65o0w+UNDy5743LZYkLYIRqjthrSvlVV/","previousCounter":0,"rootKey":"OuxQXIvszRY8Oc33sdoOUUVm9IiL1DOEpSc07UsL2FA="},"indexInfo":{"baseKey":"BRINGW6zvqaLOdTdOHqWeZNP+6x3uNKYM43ZsD+SdXt5","baseKeyType":1,"closed":-1,"used":1716074382562,"created":1716074382562,"remoteIdentityKey":"Bae1KhH488YpLgAzlWKR29W3QKbsPl2DGCpyUhsUfV4b"},"_chains":{"BfsGmkUNQTPTwr8L9DaE7N1pUNaX2yQMKEX1etfu4iQf":{"chainKey":{"counter":0,"key":"Y/7ltPPs8nN2QQybDSIqpImXoZXz3uo5jow+bvbMq0M="},"chainType":1,"messageKeys":{}}},"pendingPreKey":{"signedKeyId":1,"baseKey":"BRINGW6zvqaLOdTdOHqWeZNP+6x3uNKYM43ZsD+SdXt5","preKeyId":1954179}}},"version":"v1"}