{"_sessions":{"BX5X6+Y7ODcM1dyem07kx7bwoBcOrXJDBgsAyg8ILsc5":{"registrationId":1347153328,"currentRatchet":{"ephemeralKeyPair":{"pubKey":"Bddea0ZruaEXcDiGXVRcXU0OGM8yL1jWt0OhhkyP64kZ","privKey":"kFIurI4OdyAqXEgj3A6egIoa0/Uxz8KpDJD6xFxeU2k="},"lastRemoteEphemeralKey":"BZsL8EP2ZCd5cLX3hd2UkC0NG+7QzC0Nrb3JUnI2ur9a","previousCounter":0,"rootKey":"ce1y3mWgC9u7FFjCYfcvZz1UeoSuPP7wBM3dMgjoC+Y="},"indexInfo":{"baseKey":"BX5X6+Y7ODcM1dyem07kx7bwoBcOrXJDBgsAyg8ILsc5","baseKeyType":1,"closed":-1,"used":1716074382517,"created":1716074382517,"remoteIdentityKey":"BXHW+BoRXNoJA/O/s5OWEm3lsCl1k/RfOKT/DnNh2gVZ"},"_chains":{"Bddea0ZruaEXcDiGXVRcXU0OGM8yL1jWt0OhhkyP64kZ":{"chainKey":{"counter":0,"key":"YBYwh45DH/ecPNiFgqTy/e5YchYwQaRcLBkiQxhqcig="},"chainType":1,"messageKeys":{}}},"pendingPreKey":{"signedKeyId":40,"baseKey":"BX5X6+Y7ODcM1dyem07kx7bwoBcOrXJDBgsAyg8ILsc5","preKeyId":6670681}}},"version":"v1"}