{"_sessions":{"BSmTZQxLhfD2pEptO9cx2WwOacDG8MsU4kGB3L1pOMEt":{"registrationId":494996024,"currentRatchet":{"ephemeralKeyPair":{"pubKey":"BabrrDEvDKIWFsRhexYF/xfIfduYkBPpo7LJxWZYy6FV","privKey":"4HfB9GNJi4Royd4T08+v+QbDZb4tiMskXADX2bILv34="},"lastRemoteEphemeralKey":"BXuudmTj/Bi+9oRVVOzBlHCiYOWhQ3OtXlX0idRNScYx","previousCounter":0,"rootKey":"9j3G9Q+gwNcLpenU1rU+Yo2ht4frtGJV465QZfjAxRU="},"indexInfo":{"baseKey":"BSmTZQxLhfD2pEptO9cx2WwOacDG8MsU4kGB3L1pOMEt","baseKeyType":1,"closed":-1,"used":1716074382788,"created":1716074382788,"remoteIdentityKey":"BTjUXAdltKA5/le3Xg5ndzWHFkhUS1xgBZkZv06soJUT"},"_chains":{"BabrrDEvDKIWFsRhexYF/xfIfduYkBPpo7LJxWZYy6FV":{"chainKey":{"counter":0,"key":"IqgEdfe2bPqfHko1TLLOQE3rg1iylHT0C3AHNmxmScU="},"chainType":1,"messageKeys":{}}},"pendingPreKey":{"signedKeyId":1,"baseKey":"BSmTZQxLhfD2pEptO9cx2WwOacDG8MsU4kGB3L1pOMEt","preKeyId":10744802}}},"version":"v1"}