{"_sessions":{"BdFrR+/2hMBrA4HlUVBciLOhK9PfI2dZT5eb3VbGYCRT":{"registrationId":1530610667,"currentRatchet":{"ephemeralKeyPair":{"pubKey":"BeLXTybKNajzXgBXqOyItNs7jYac6KGA9RuI+7W/Bexz","privKey":"EFPoMJ9RJMllDnDfrJZW6ymMBBee+Tag0NONuuwaZlI="},"lastRemoteEphemeralKey":"BZINqY+Zu6f8d8SRxhfO8a1vvqfwHMj5XJ9hKp+5tQVc","previousCounter":0,"rootKey":"iUUYsAweMTRAHxJkCKv2BUHDZiLAoaSXjwoyYz0B9s8="},"indexInfo":{"baseKey":"BdFrR+/2hMBrA4HlUVBciLOhK9PfI2dZT5eb3VbGYCRT","baseKeyType":1,"closed":-1,"used":1716074382454,"created":1716074382454,"remoteIdentityKey":"BccZjeGl3bBPUOioztGUOtIFHoVcCNxcMFwYhtDey+IK"},"_chains":{"BeLXTybKNajzXgBXqOyItNs7jYac6KGA9RuI+7W/Bexz":{"chainKey":{"counter":0,"key":"+xTUqH+LnT8hSxclBPNIBwVnvTaY7jakckr7n/aW0lw="},"chainType":1,"messageKeys":{}}},"pendingPreKey":{"signedKeyId":4,"baseKey":"BdFrR+/2hMBrA4HlUVBciLOhK9PfI2dZT5eb3VbGYCRT","preKeyId":15995184}}},"version":"v1"}