{"_sessions":{"BTPJ7HO+ZtclBfqhxlVIk8OaAU575BJ+97b10owPGF4k":{"registrationId":1129336587,"currentRatchet":{"ephemeralKeyPair":{"pubKey":"BV1Z+aPammFcs0rW/a7fQopClX3j7khEYD9FP6s2ShFz","privKey":"iLctjXH0HqafcEkceHoH9n+lng/vJ5zr2UppKAiGfkY="},"lastRemoteEphemeralKey":"BdE9ToMjBb5/HqD6ivM8fxEQ1S6MCoD7wnFjbR2FIJhA","previousCounter":0,"rootKey":"yy2SLfvgnXfepHUoI7rFqVd/cTjvmmkPQGZ5uHwu66c="},"indexInfo":{"baseKey":"BTPJ7HO+ZtclBfqhxlVIk8OaAU575BJ+97b10owPGF4k","baseKeyType":1,"closed":-1,"used":1716074382161,"created":1716074382161,"remoteIdentityKey":"BTBcplUXAyi1FWVGxBDNZ68QQT9nFqd26tw3VETqJsNn"},"_chains":{"BV1Z+aPammFcs0rW/a7fQopClX3j7khEYD9FP6s2ShFz":{"chainKey":{"counter":0,"key":"yRnLpa5/1blvRoTMNXWXSI5UTzp6vaf+DxOqYBr7sfE="},"chainType":1,"messageKeys":{}}},"pendingPreKey":{"signedKeyId":5,"baseKey":"BTPJ7HO+ZtclBfqhxlVIk8OaAU575BJ+97b10owPGF4k","preKeyId":3581186}}},"version":"v1"}