{"_sessions":{"BUNsUSFCZbp8gYWSvDV7VrmLvainer+FPvnJGPyq7J5Y":{"registrationId":702429874,"currentRatchet":{"ephemeralKeyPair":{"pubKey":"Bf6vyVf2ibdt00PCns0ZrVvmb03WFz0KKLjOkKdawVw0","privKey":"cIPbersqyVeBxhc3q56Xk8rZpMDMtfZs4HeSNWoHbVo="},"lastRemoteEphemeralKey":"BbbYaaRsfanlxtnB7V7j8PIJMAmv6vqLC6yn6uV+zy5n","previousCounter":0,"rootKey":"pz17hycZ0dA0yJiz8UFgx/WkGsOBrMTDpbS29a7D75s="},"indexInfo":{"baseKey":"BUNsUSFCZbp8gYWSvDV7VrmLvainer+FPvnJGPyq7J5Y","baseKeyType":1,"closed":-1,"used":1716074382729,"created":1716074382729,"remoteIdentityKey":"BUQ4gYjkvGvNk9TSax7hmR10w2/3YbCdjdzty/zSmfxJ"},"_chains":{"Bf6vyVf2ibdt00PCns0ZrVvmb03WFz0KKLjOkKdawVw0":{"chainKey":{"counter":0,"key":"fQyMSEvNoiTW9QWF4iF7nl2TotkiL7UvXPsObl34X8E="},"chainType":1,"messageKeys":{}}},"pendingPreKey":{"signedKeyId":3,"baseKey":"BUNsUSFCZbp8gYWSvDV7VrmLvainer+FPvnJGPyq7J5Y","preKeyId":3738006}}},"version":"v1"}