{"_sessions":{"BVh5r3pRF6KEhz1vTYhXMq6+fZWLtuTeNQdIDt3h8z8H":{"registrationId":1182661447,"currentRatchet":{"ephemeralKeyPair":{"pubKey":"BQVUBYOBcDTJ36VqqKXwXVkwYRzz7oHKH3bhj7pa0f4t","privKey":"AMXUuorVS//oUvVZeDyqeUbvnsgqcr79YQaHVEhYpVU="},"lastRemoteEphemeralKey":"BVG4Cxx2+jxhHCTfOCHKichhE+2+UEela1JjpGGVOWUT","previousCounter":0,"rootKey":"JH0yjz0d+XnBwSiIkOjTC3QHHTDP9akxHups//hyKmk="},"indexInfo":{"baseKey":"BVh5r3pRF6KEhz1vTYhXMq6+fZWLtuTeNQdIDt3h8z8H","baseKeyType":1,"closed":-1,"used":1716074382044,"created":1716074382044,"remoteIdentityKey":"Bf/anFMoFcvDKQeiG0UK4VRmgJs8guUayKIAVspIFNE3"},"_chains":{"BQVUBYOBcDTJ36VqqKXwXVkwYRzz7oHKH3bhj7pa0f4t":{"chainKey":{"counter":0,"key":"19JhKhTodR0GcIVB3Ni/U8KaRUFQzSbMC/NfSifcbY8="},"chainType":1,"messageKeys":{}}},"pendingPreKey":{"signedKeyId":14,"baseKey":"BVh5r3pRF6KEhz1vTYhXMq6+fZWLtuTeNQdIDt3h8z8H","preKeyId":5832120}}},"version":"v1"}