{"_sessions":{"BQod5n6zOIdhkkBA2tcGkKeJGdM+4sAO+LGTQvxBYKIH":{"registrationId":1420609970,"currentRatchet":{"ephemeralKeyPair":{"pubKey":"BTU5LFivecrH5a3gRLv/iHi7CX3ck7lJSKOsueuC3hB1","privKey":"kBZUt0E6X2SLVgVGCdNRbZinmM4BNPk/aU8s+YNz22Q="},"lastRemoteEphemeralKey":"BdDLrDfouIAoFw2yjwa6CNyRdKGZsI0L4T62AEYMCUln","previousCounter":0,"rootKey":"w3fQNijCrZZS2QWAmO2323QEEReUKJg+D2WE4HzrPD4="},"indexInfo":{"baseKey":"BQod5n6zOIdhkkBA2tcGkKeJGdM+4sAO+LGTQvxBYKIH","baseKeyType":1,"closed":-1,"used":1716074382654,"created":1716074382654,"remoteIdentityKey":"BV6AS41ae/Cq++s4RGxcGmlclJkgq+EcNH8RDnHLmlhX"},"_chains":{"BTU5LFivecrH5a3gRLv/iHi7CX3ck7lJSKOsueuC3hB1":{"chainKey":{"counter":0,"key":"i+MBZFMcnFZ5dOKNyNxDznkKXSmNXeNDWzwpNdeeLMI="},"chainType":1,"messageKeys":{}}},"pendingPreKey":{"signedKeyId":6,"baseKey":"BQod5n6zOIdhkkBA2tcGkKeJGdM+4sAO+LGTQvxBYKIH","preKeyId":681614}}},"version":"v1"}