{"_sessions":{"BVFn2Ij8ILDb5Kaevx1rvq1P596wy3QTygSu+8FVYNYw":{"registrationId":1570189783,"currentRatchet":{"ephemeralKeyPair":{"pubKey":"BYEPc9gcSaSKYoIwk+SThxTjpUxipzUURwGpeC4bS2QS","privKey":"GKoGjvxFuvYErLxRyqALHWzpF/jteyVaKy1c3U02mGY="},"lastRemoteEphemeralKey":"BWjX8BRPLCxsqrkawzj8lUya3zf7srmDoD9Mh5W/nsgW","previousCounter":0,"rootKey":"F4HnGnwu4XOghyE5bLs65rnS3mhtQEDTCJNYdbSthD8="},"indexInfo":{"baseKey":"BVFn2Ij8ILDb5Kaevx1rvq1P596wy3QTygSu+8FVYNYw","baseKeyType":1,"closed":-1,"used":1716074382366,"created":1716074382366,"remoteIdentityKey":"BbSFJg5+l5RBi0D3gAMcYcB6fsEmEJ35/bZW3lbMU8Rk"},"_chains":{"BYEPc9gcSaSKYoIwk+SThxTjpUxipzUURwGpeC4bS2QS":{"chainKey":{"counter":0,"key":"f0+uyz7+wM4IyGsnbJAIKYVi/2noX5qR97Q7GmstBks="},"chainType":1,"messageKeys":{}}},"pendingPreKey":{"signedKeyId":9,"baseKey":"BVFn2Ij8ILDb5Kaevx1rvq1P596wy3QTygSu+8FVYNYw","preKeyId":1749734}}},"version":"v1"}