{"_sessions":{"BW+LjiPn0ySSglUqbO2/IT8JpDMGCbzHgPVcOWfWITpW":{"registrationId":1375950776,"currentRatchet":{"ephemeralKeyPair":{"pubKey":"BXYx44eUCN7FAp8hjDZ/KlF+3B3WcoT+57LHvfekC1xv","privKey":"YEGKiuuPVddFcQhrIMTNrB/Ka42qF5dClxE0YKANqHY="},"lastRemoteEphemeralKey":"BcZa9317f/3n5wdTG/S5gBFHZ7KNZR2vSGc6gatOmKQa","previousCounter":0,"rootKey":"dsyGVIKE5ufdndQyUoWjJnVw0J7dQuqoIvo9iSrdsHg="},"indexInfo":{"baseKey":"BW+LjiPn0ySSglUqbO2/IT8JpDMGCbzHgPVcOWfWITpW","baseKeyType":1,"closed":-1,"used":1716074382050,"created":1716074382050,"remoteIdentityKey":"BajogUTULFzW4uWPtioKrEjDiGLm9VCG1Oo9SfxGYDN0"},"_chains":{"BXYx44eUCN7FAp8hjDZ/KlF+3B3WcoT+57LHvfekC1xv":{"chainKey":{"counter":0,"key":"0vWxwwQxTymWr7+SrYIgOwURbpbBkFg49q7v+A1X6Ew="},"chainType":1,"messageKeys":{}}},"pendingPreKey":{"signedKeyId":1,"baseKey":"BW+LjiPn0ySSglUqbO2/IT8JpDMGCbzHgPVcOWfWITpW","preKeyId":1502}}},"version":"v1"}