{"_sessions":{"BSNEAZbuEi1l3DGGF4MkvWZk7Y5N6A3QWCPjg17Gogdw":{"registrationId":1417033633,"currentRatchet":{"ephemeralKeyPair":{"pubKey":"BV1u0i4FgHs89y4PM39H8QALHMgy6V3OBpTD1Sb9Rj5e","privKey":"YEM4bIfvh93o+Ba5sKNrJcAQEESLEWoVQ7x7wXPV6V8="},"lastRemoteEphemeralKey":"BdMsf0IGv1yoa8kym9f7HgA59l9OFQwq9EEI4v4fZWwA","previousCounter":0,"rootKey":"dmu0x/E6J3x2T4F4600NcznqbGcTPF704PKrm48IAh4="},"indexInfo":{"baseKey":"BSNEAZbuEi1l3DGGF4MkvWZk7Y5N6A3QWCPjg17Gogdw","baseKeyType":1,"closed":-1,"used":1716074382146,"created":1716074382146,"remoteIdentityKey":"BXTK5h0gm7S5PklKIUcKovtANMBEZ7HMXvIENE7wAhIw"},"_chains":{"BV1u0i4FgHs89y4PM39H8QALHMgy6V3OBpTD1Sb9Rj5e":{"chainKey":{"counter":0,"key":"B2fYFPdS+8vNIsTWOjoF/nUSAtXmnfvXtqONNk3OS/k="},"chainType":1,"messageKeys":{}}},"pendingPreKey":{"signedKeyId":24,"baseKey":"BSNEAZbuEi1l3DGGF4MkvWZk7Y5N6A3QWCPjg17Gogdw","preKeyId":7153095}}},"version":"v1"}