{"_sessions":{"BYB+4Qoj5/4qUmXaCkbZDUbakOIUMFRqZHASc9m0DWoO":{"registrationId":2017877843,"currentRatchet":{"ephemeralKeyPair":{"pubKey":"BU9FKixYyvMSyGp+uS9jFPjO/r+sLqSn+Y8x9PSmuUId","privKey":"kFsNVur94b9pIVaW61FnyV97Z2OpDIGeDj38M8000WU="},"lastRemoteEphemeralKey":"BRDCbU9qO1EscAFOMQGZ0M0ItF987wf5Q2NUZPiJYcZm","previousCounter":0,"rootKey":"PYbnQNCmKZXVG3+wyKR99v1RFZ1lk6e2Vn2BBbX70bM="},"indexInfo":{"baseKey":"BYB+4Qoj5/4qUmXaCkbZDUbakOIUMFRqZHASc9m0DWoO","baseKeyType":1,"closed":-1,"used":1716074381666,"created":1716074381666,"remoteIdentityKey":"BVw9u+9I5BfnoAYKp63EfY84HS3slh6CWrHaSqjzb3lM"},"_chains":{"BU9FKixYyvMSyGp+uS9jFPjO/r+sLqSn+Y8x9PSmuUId":{"chainKey":{"counter":0,"key":"JZwJNp56XPugcBFwN0YSqTrL74BWOt7XjIsbhiugTBE="},"chainType":1,"messageKeys":{}}},"pendingPreKey":{"signedKeyId":1,"baseKey":"BYB+4Qoj5/4qUmXaCkbZDUbakOIUMFRqZHASc9m0DWoO","preKeyId":1361}}},"version":"v1"}