{"_sessions":{"Beuqq3n8ipS0V+kVx8nVMk4Biktfzr4OQOPNSGJBPgZR":{"registrationId":1054412400,"currentRatchet":{"ephemeralKeyPair":{"pubKey":"BWmZ9erCAx57k5oaoe8x1E875UG/aWTNZf16AVUR1gsW","privKey":"wGWXVBHsh/h6Wvw2Pv0sN0iVQ1ikyO0xt+Ay71zS5WA="},"lastRemoteEphemeralKey":"BcgWGIO4irxlZKmZ8/2t9wLpBN+ndHdmaGVuNxQjPI1I","previousCounter":0,"rootKey":"LNvL5mXeJCuFOr0dIAbeqbfizzrfC/fGGUcTFNNZTe0="},"indexInfo":{"baseKey":"Beuqq3n8ipS0V+kVx8nVMk4Biktfzr4OQOPNSGJBPgZR","baseKeyType":1,"closed":-1,"used":1716074382557,"created":1716074382557,"remoteIdentityKey":"BaNfGShux5MLgcgKuwTnu6+QzFWobdAKbm1WPsFKdltT"},"_chains":{"BWmZ9erCAx57k5oaoe8x1E875UG/aWTNZf16AVUR1gsW":{"chainKey":{"counter":0,"key":"UGaL6cjuubtoqkdzpS2tJOwLihUXRQol2g6AvU+HV3Q="},"chainType":1,"messageKeys":{}}},"pendingPreKey":{"signedKeyId":13,"baseKey":"Beuqq3n8ipS0V+kVx8nVMk4Biktfzr4OQOPNSGJBPgZR","preKeyId":3996975}}},"version":"v1"}