{"_sessions":{"BXcwuUt2son18jv4miH3HXThS1hYD6Q8ZZ8IUMjouqp6":{"registrationId":1464072110,"currentRatchet":{"ephemeralKeyPair":{"pubKey":"BRDFNokNhnYQN3SmFPKFY59ePbVZv8bbyb2rIhcx1+hw","privKey":"WNOZjkgDm/xa+8wLlf1HyvcxLZikG5kZXzSOnjTZVkA="},"lastRemoteEphemeralKey":"Bdd5psrRo5h8j920N8+J1MfGMzqJmqEyyiLgcIEfmu9r","previousCounter":0,"rootKey":"P1HTsc9707Il9crGuJmbH8sLH5qbtegfqqrAL/LW/xs="},"indexInfo":{"baseKey":"BXcwuUt2son18jv4miH3HXThS1hYD6Q8ZZ8IUMjouqp6","baseKeyType":1,"closed":-1,"used":1716074383019,"created":1716074383019,"remoteIdentityKey":"BTBpB/w+FX8a0+POepSWLIdIA0+p3yHuLrst0DRxYXlW"},"_chains":{"BRDFNokNhnYQN3SmFPKFY59ePbVZv8bbyb2rIhcx1+hw":{"chainKey":{"counter":0,"key":"2B3Roqny4jRbfz0auNLJp5ieHOzAUJQO64lXY9wINgI="},"chainType":1,"messageKeys":{}}},"pendingPreKey":{"signedKeyId":6,"baseKey":"BXcwuUt2son18jv4miH3HXThS1hYD6Q8ZZ8IUMjouqp6","preKeyId":14099502}}},"version":"v1"}