{"_sessions":{"BcKFsdih+cmb/H7qrTKJucqXQWEeNJJeIyIEH2hbuP8/":{"registrationId":185369957,"currentRatchet":{"ephemeralKeyPair":{"pubKey":"BcA3q8ubfUu4xoFIF/u0KI/jy9+saSE3S2zesRc0glY2","privKey":"EDZhszD4tJcyKAMkKyTzFtDk8M+fEMLZ/5jK/oSht28="},"lastRemoteEphemeralKey":"BUbuDEQXDffx3Crdov6eJ9Ons1fR2yA2i4ibVu1omVEX","previousCounter":0,"rootKey":"zxeuBrOBLVZCi82+dyaRh8zeZWHQ3vk2N1Ws2VD9xf4="},"indexInfo":{"baseKey":"BcKFsdih+cmb/H7qrTKJucqXQWEeNJJeIyIEH2hbuP8/","baseKeyType":1,"closed":-1,"used":1716074382297,"created":1716074382297,"remoteIdentityKey":"BTOfi3vTY7xRH/x9RWR3gzoSuTM/osjq8QXn5h7ReUFZ"},"_chains":{"BcA3q8ubfUu4xoFIF/u0KI/jy9+saSE3S2zesRc0glY2":{"chainKey":{"counter":0,"key":"90v3ww/sqxQn9sV+rR/R5RARLCphuIOSmFVTEUU83Mg="},"chainType":1,"messageKeys":{}}},"pendingPreKey":{"signedKeyId":6,"baseKey":"BcKFsdih+cmb/H7qrTKJucqXQWEeNJJeIyIEH2hbuP8/","preKeyId":9719374}}},"version":"v1"}