{"_sessions":{"BR2Vz62tFLSY5lYjeK1+uG+C3Mml8/6iYT0no6/O5tEA":{"registrationId":612798491,"currentRatchet":{"ephemeralKeyPair":{"pubKey":"BfI9o9A2U4pLJWDTkLh8Mmt5vz5IZYlJSQ9uc/qgv/13","privKey":"MDXcwJXYkwvzVHT18FvDmOPweQKofVsr888e9Hc13l4="},"lastRemoteEphemeralKey":"BWmCZBmKuSq3wzUp1rfvChgL90Zm0Y7GhrPnY9mfXrZt","previousCounter":0,"rootKey":"2SrJ6RQfRiMH5iF7mXn22MQ9iVpy7lnq/n6+cFA2/hY="},"indexInfo":{"baseKey":"BR2Vz62tFLSY5lYjeK1+uG+C3Mml8/6iYT0no6/O5tEA","baseKeyType":1,"closed":-1,"used":1716074382837,"created":1716074382837,"remoteIdentityKey":"BZxcvJpj3F4razfYXo6DxzFAKIL7yUzMZKmleHbk4ZBZ"},"_chains":{"BfI9o9A2U4pLJWDTkLh8Mmt5vz5IZYlJSQ9uc/qgv/13":{"chainKey":{"counter":0,"key":"WIqBHXG4QNluIasdZKF2eHpiarYs2cs/9lAYXUY6/nw="},"chainType":1,"messageKeys":{}}},"pendingPreKey":{"signedKeyId":0,"baseKey":"BR2Vz62tFLSY5lYjeK1+uG+C3Mml8/6iYT0no6/O5tEA","preKeyId":11450979}}},"version":"v1"}