{"_sessions":{"BdrpZJsgsj9FVzAuSAn+9FiaN7xkhB7iHeilGYbujBhM":{"registrationId":30624066,"currentRatchet":{"ephemeralKeyPair":{"pubKey":"BT2Ak7W1ciJbLej17UubX9bIA4TUObc0svOxiMsHyUhx","privKey":"qBGHGjPnBOWOTgBWqhn6nnzt7Jkiry4Tc03yZg32yl0="},"lastRemoteEphemeralKey":"BZz95C0SLwktDnp/jdwWJAQpQOes8u94EQzrXTrGBDZ2","previousCounter":0,"rootKey":"Cg0S6NVf4qivNxcZx6sUbdM3XnS1K4lSBOvAcVpYUcg="},"indexInfo":{"baseKey":"BdrpZJsgsj9FVzAuSAn+9FiaN7xkhB7iHeilGYbujBhM","baseKeyType":1,"closed":-1,"used":1716074382532,"created":1716074382532,"remoteIdentityKey":"BVx0FgqMHCYaM7LGxbFIZEjK0KK3f0it8qb7jsgtJa4q"},"_chains":{"BT2Ak7W1ciJbLej17UubX9bIA4TUObc0svOxiMsHyUhx":{"chainKey":{"counter":0,"key":"5wdhwvOOQSDCTBq15uF0AnVGfSImoOUXqGXfAr7SG7w="},"chainType":1,"messageKeys":{}}},"pendingPreKey":{"signedKeyId":5,"baseKey":"BdrpZJsgsj9FVzAuSAn+9FiaN7xkhB7iHeilGYbujBhM","preKeyId":3295373}}},"version":"v1"}