{"_sessions":{"BRGCJzuxaCGtGtvEniKLt4uKbhbqvA5tO4NijaF+agpD":{"registrationId":16129,"currentRatchet":{"ephemeralKeyPair":{"pubKey":"BTdnkLY+donlGInCEFW0+xaM1RNZmUotUOO17OVLq/c3","privKey":"EKfnnUIkMWhIV7T4m1waFKC67ozpKBoxEa0qH9X2iG8="},"lastRemoteEphemeralKey":"BYsLrU+To7P0l0dvKHrU5ELmoUw4A3SsLP4OMT4WMowM","previousCounter":0,"rootKey":"w+MVBI4j+OcgyvL5LKmRGtKXb914nqUuA6waMDC/sIw="},"indexInfo":{"baseKey":"BRGCJzuxaCGtGtvEniKLt4uKbhbqvA5tO4NijaF+agpD","baseKeyType":1,"closed":-1,"used":1716074381764,"created":1716074381764,"remoteIdentityKey":"BU8xZGLIjIW9owtE1BwkihKYHxy78XWrOLRJH2xnGUxz"},"_chains":{"BTdnkLY+donlGInCEFW0+xaM1RNZmUotUOO17OVLq/c3":{"chainKey":{"counter":0,"key":"BEjNPN3qW7b3l/cY4Uis+S4fZ+4nCthdiQvZbtdVvSw="},"chainType":1,"messageKeys":{}}},"pendingPreKey":{"signedKeyId":1,"baseKey":"BRGCJzuxaCGtGtvEniKLt4uKbhbqvA5tO4NijaF+agpD"}}},"version":"v1"}