{"_sessions":{"BRCA14Uwcoe1xWHzBbP7QTzHUyLbDYA0yW8tQ55L4HIv":{"registrationId":1291650893,"currentRatchet":{"ephemeralKeyPair":{"pubKey":"BRNjzexcp9naQ7ogQmpTJ/0H48FGJAqpsaWwhxHchrls","privKey":"uO0GBoxAvZ9zY8DkSw+husrwHXGx+H5BwRP5BIFj0FM="},"lastRemoteEphemeralKey":"BekdEqLjo+0l6TP5gCFIKyEsiqzmPRbfxcxBPUaH52Mn","previousCounter":0,"rootKey":"+4WGYW3dWDIyFqyMhdj9d9Nl/73cv2mYy849ykcbC9M="},"indexInfo":{"baseKey":"BRCA14Uwcoe1xWHzBbP7QTzHUyLbDYA0yW8tQ55L4HIv","baseKeyType":1,"closed":-1,"used":1716074382841,"created":1716074382841,"remoteIdentityKey":"BQ3X7IjWnY03/llE7pdOIZ0FAB9pJQ82Mqu6MruFMsYQ"},"_chains":{"BRNjzexcp9naQ7ogQmpTJ/0H48FGJAqpsaWwhxHchrls":{"chainKey":{"counter":0,"key":"SlPD3ixxav/1B2BRu1NaVu1F5QMHuFYgsv6H0dWZnUY="},"chainType":1,"messageKeys":{}}},"pendingPreKey":{"signedKeyId":4,"baseKey":"BRCA14Uwcoe1xWHzBbP7QTzHUyLbDYA0yW8tQ55L4HIv","preKeyId":13760522}}},"version":"v1"}