{"_sessions":{"Bc7LsEAP/6v8YNNOdx6OzDInVBUj9pfjUQZ+NzaPoW9o":{"registrationId":1021790185,"currentRatchet":{"ephemeralKeyPair":{"pubKey":"BQmaJYnmnfcaRxX+FtM5c3L5bpG3CIUN7s2PaLtXqoky","privKey":"QH2ehI8LAsQu9b1Tq7unectvVHCP6uW4QSGz+mbufnI="},"lastRemoteEphemeralKey":"BayIKftgVQNsg0EbOYssYFDx+SLGrdN6MbYRaaw1KMIP","previousCounter":0,"rootKey":"vEGGfpsiQ41iqJPFCLckBVkAj+KbG2pBd/pOgbNj2eY="},"indexInfo":{"baseKey":"Bc7LsEAP/6v8YNNOdx6OzDInVBUj9pfjUQZ+NzaPoW9o","baseKeyType":1,"closed":-1,"used":1716074382398,"created":1716074382398,"remoteIdentityKey":"BWDZCSDd+BLdy2o8nHo9cZWt9e5RNmEnj634bKWmsVpR"},"_chains":{"BQmaJYnmnfcaRxX+FtM5c3L5bpG3CIUN7s2PaLtXqoky":{"chainKey":{"counter":0,"key":"ihok16DAENYqfK6knuUKHqwZoEFRvrKdriqLOoD+jAc="},"chainType":1,"messageKeys":{}}},"pendingPreKey":{"signedKeyId":2,"baseKey":"Bc7LsEAP/6v8YNNOdx6OzDInVBUj9pfjUQZ+NzaPoW9o","preKeyId":1142841}}},"version":"v1"}