{"_sessions":{"BfU/Mp0RGyh5rlNoqenKLjFqp1sPPZ4VU4FsoRgkN/4a":{"registrationId":71831330,"currentRatchet":{"ephemeralKeyPair":{"pubKey":"BRAt1uGcd+drEule4ZXxJGoAU4nWGY09EI053hjzh7dg","privKey":"GMsdPzrW+7a6d5cctz8z06CZ7ZlN7JXCaVQ1hrNIH00="},"lastRemoteEphemeralKey":"BdfmM2vJng3uGmjcDGWtFfdFpONrYhrQ9xR16UI6l3QD","previousCounter":0,"rootKey":"1kl6vdoFQu5spivei65j83nMawxZouCHwu0pEcwiI0E="},"indexInfo":{"baseKey":"BfU/Mp0RGyh5rlNoqenKLjFqp1sPPZ4VU4FsoRgkN/4a","baseKeyType":1,"closed":-1,"used":1716074383021,"created":1716074383021,"remoteIdentityKey":"BcP06emGHNxxCeL6Xv/cLlVfkA2t6Vv0CbKjkU217pQk"},"_chains":{"BRAt1uGcd+drEule4ZXxJGoAU4nWGY09EI053hjzh7dg":{"chainKey":{"counter":0,"key":"2f78+jEU6RoG8leXj66copxhMhQi8crW9Kl9lRR2NSk="},"chainType":1,"messageKeys":{}}},"pendingPreKey":{"signedKeyId":0,"baseKey":"BfU/Mp0RGyh5rlNoqenKLjFqp1sPPZ4VU4FsoRgkN/4a","preKeyId":2113818}}},"version":"v1"}