{"_sessions":{"Bbzpx8QcquImVm3cRFTUAT94SnT3+9/vdbdefliIgVRl":{"registrationId":1025190161,"currentRatchet":{"ephemeralKeyPair":{"pubKey":"Bf+iYi+QInLVw2n88kj8GI07p9I67Y9NpkKh6YHPoFcv","privKey":"CCArnPMM4Lcu6bK8Ufgu40LScVhoqXNZ5R6d2BIYmXI="},"lastRemoteEphemeralKey":"BTEItZcbcgiE+ffJjR1PqA3SWgG4wskudAjgdkzKQVVK","previousCounter":0,"rootKey":"AQbJiHwtxggV59NsYVNNWM6qYlxlksPb7DkSZRo+5Es="},"indexInfo":{"baseKey":"Bbzpx8QcquImVm3cRFTUAT94SnT3+9/vdbdefliIgVRl","baseKeyType":1,"closed":-1,"used":1716074382260,"created":1716074382260,"remoteIdentityKey":"Ba1HgkxZ8m0ZnyqEYy3cfgQDbcKA2NzBuAU782bRL38F"},"_chains":{"Bf+iYi+QInLVw2n88kj8GI07p9I67Y9NpkKh6YHPoFcv":{"chainKey":{"counter":0,"key":"UUMZx0801pe2AVV+N9ElgnMnHmgC3B21Q8LFEnwZH2w="},"chainType":1,"messageKeys":{}}},"pendingPreKey":{"signedKeyId":0,"baseKey":"Bbzpx8QcquImVm3cRFTUAT94SnT3+9/vdbdefliIgVRl","preKeyId":2469790}}},"version":"v1"}