{"_sessions":{"Bem+03HrXSApA6JekPynkmAvboCfxBGiONcvGiPl7wEU":{"registrationId":251907020,"currentRatchet":{"ephemeralKeyPair":{"pubKey":"BU87xdwsqGLy9NAIBIv8yssimOpBTWJVwXxUuElvcb9g","privKey":"sCH2AlPJEJIK4n+elm2Q5fDavcYfeaACZNOASISCHEU="},"lastRemoteEphemeralKey":"BbL2Ui4Gclnw3383F+EJRMAWABztNRnvHHVNUOkQbtBn","previousCounter":0,"rootKey":"aMz2caV6ZQByiouIqdDgPeZ9ePndrN+T/yVHkNmNCxc="},"indexInfo":{"baseKey":"Bem+03HrXSApA6JekPynkmAvboCfxBGiONcvGiPl7wEU","baseKeyType":1,"closed":-1,"used":1716074382523,"created":1716074382523,"remoteIdentityKey":"BWePrmrJy9DHr5X/+uTGlYQUYpcbRtq3gCR4SJ/kEfMN"},"_chains":{"BU87xdwsqGLy9NAIBIv8yssimOpBTWJVwXxUuElvcb9g":{"chainKey":{"counter":0,"key":"zfZk43ycAnI3Mkiuj7cJ3eFURLcDCdTkHnMfCUt88ps="},"chainType":1,"messageKeys":{}}},"pendingPreKey":{"signedKeyId":17,"baseKey":"Bem+03HrXSApA6JekPynkmAvboCfxBGiONcvGiPl7wEU","preKeyId":16718908}}},"version":"v1"}