{"_sessions":{"Bd5vNIF+gjrC3C7ZFPmsu/Ap0WsWOKoE5Z52rr+deXwt":{"registrationId":837560410,"currentRatchet":{"ephemeralKeyPair":{"pubKey":"BXxjvBuYxWspchF7H2brcLUWWurdS7vhuJI1aIrFInxf","privKey":"iI5Ip1UZLoL2lVDPmG/HBFOXhDAXkhjUQQV0p8J6eng="},"lastRemoteEphemeralKey":"BdiScpnZCsoDhQ6QeFCCohrFhkdprIcZ5dqqGpWZXCVF","previousCounter":0,"rootKey":"SFi5KI5+KphiNzZyCCEZgKZZmY+x/BOj/cKadWlBRXQ="},"indexInfo":{"baseKey":"Bd5vNIF+gjrC3C7ZFPmsu/Ap0WsWOKoE5Z52rr+deXwt","baseKeyType":1,"closed":-1,"used":1716074382604,"created":1716074382604,"remoteIdentityKey":"BT/TYeGqDuDw7FFz9Y5/Fe82PXcIg9QHsnWKKUL37mRA"},"_chains":{"BXxjvBuYxWspchF7H2brcLUWWurdS7vhuJI1aIrFInxf":{"chainKey":{"counter":0,"key":"BpwIq5zoCg+do3xvWAJOtYE61tZcA//e1y7Odz6xdCc="},"chainType":1,"messageKeys":{}}},"pendingPreKey":{"signedKeyId":0,"baseKey":"Bd5vNIF+gjrC3C7ZFPmsu/Ap0WsWOKoE5Z52rr+deXwt"}}},"version":"v1"}