{"_sessions":{"BUmiLqmHTudVCxo6odq2MUKKAC3Uo4wF5zk/XaOYoScp":{"registrationId":1724091712,"currentRatchet":{"ephemeralKeyPair":{"pubKey":"BY4fsrS+f+i+RLhPvll6N1rYTT8IA4Yq7oFV9fUqq0ZL","privKey":"OFIRX89+q2uYjzYfRTZFuKCpuZ+9eqaeF9coKbZrrlU="},"lastRemoteEphemeralKey":"BUWnOX507GakugAPqisxf9ML+HQ6fY9cASuNDSzsNKxR","previousCounter":0,"rootKey":"Cxs6+JcuEfnnEWFS8e+KNSmOUriisG4VknyHAxX3u3w="},"indexInfo":{"baseKey":"BUmiLqmHTudVCxo6odq2MUKKAC3Uo4wF5zk/XaOYoScp","baseKeyType":1,"closed":-1,"used":1716074382274,"created":1716074382274,"remoteIdentityKey":"Bd9UKwXcglVFonuKMhVWxnSpcXAdJKdSCl6maPCWkXkK"},"_chains":{"BY4fsrS+f+i+RLhPvll6N1rYTT8IA4Yq7oFV9fUqq0ZL":{"chainKey":{"counter":0,"key":"FDNbCbadNYuHjR9WPvJDi02SQ72E8sjyiElYchfbQ8w="},"chainType":1,"messageKeys":{}}},"pendingPreKey":{"signedKeyId":3,"baseKey":"BUmiLqmHTudVCxo6odq2MUKKAC3Uo4wF5zk/XaOYoScp","preKeyId":194372}}},"version":"v1"}