{"_sessions":{"BfImXepvuQlpcHgKgrX96Bj0Gc5IVrVEX84Qg2vLYRFt":{"registrationId":1760953125,"currentRatchet":{"ephemeralKeyPair":{"pubKey":"BelRfyWqtxvUc20agB19AW0KSraBTC3u8qLnMUQpV2J+","privKey":"wFQ869iz4i0Zig8sd2wsO4Uwpf+8JKWaep596P8yZ0Y="},"lastRemoteEphemeralKey":"BbzQJxPASJAwEPT1tAOzD+6Dzuq41gYjPaj7Mqa/Dyt2","previousCounter":0,"rootKey":"R3A8HOAzBDi2S760BArEFcURvjmyAv5oPNVGAkhZE6o="},"indexInfo":{"baseKey":"BfImXepvuQlpcHgKgrX96Bj0Gc5IVrVEX84Qg2vLYRFt","baseKeyType":1,"closed":-1,"used":1716074382235,"created":1716074382235,"remoteIdentityKey":"BZOXmao1GERfVu/OUWCjPLb8WIEj9F5O21ImsQqXGW4L"},"_chains":{"BelRfyWqtxvUc20agB19AW0KSraBTC3u8qLnMUQpV2J+":{"chainKey":{"counter":0,"key":"dWaUkvVnc0DK80eAHThIM5TGVJpPOtAl3YIsVhUFdAA="},"chainType":1,"messageKeys":{}}},"pendingPreKey":{"signedKeyId":0,"baseKey":"BfImXepvuQlpcHgKgrX96Bj0Gc5IVrVEX84Qg2vLYRFt","preKeyId":10673151}}},"version":"v1"}