{"_sessions":{"Bb013M5jwDmzBKjCzAvMCAVKPG5SV0Z5bwYAReASHRRv":{"registrationId":49289907,"currentRatchet":{"ephemeralKeyPair":{"pubKey":"BXyK/QkklyPraA04QWWEWJzCMyHThfU/6NPNx1rqaM47","privKey":"EAeGEBnMuqOCYa4LUIrWi6QBRfRvBVrt2IpvRyXPIko="},"lastRemoteEphemeralKey":"BYruuqP85wAJcuRS7cIG22Y9BdFrElYGKXiRlodhHOtt","previousCounter":0,"rootKey":"Hl4pO1tO00gccGzwIIKO20r2w3fCx5MemIeE/9Q6GJI="},"indexInfo":{"baseKey":"Bb013M5jwDmzBKjCzAvMCAVKPG5SV0Z5bwYAReASHRRv","baseKeyType":1,"closed":-1,"used":1716074382899,"created":1716074382899,"remoteIdentityKey":"BagoQK8XpIR27IsSm3Zil6VQe9Wx3KZ2BmL9B+MVhe0B"},"_chains":{"BXyK/QkklyPraA04QWWEWJzCMyHThfU/6NPNx1rqaM47":{"chainKey":{"counter":0,"key":"DpZB2U1HP+uwPawe3k9Z6KyJoAY7o/5ZMmBH/3DbYaM="},"chainType":1,"messageKeys":{}}},"pendingPreKey":{"signedKeyId":2,"baseKey":"Bb013M5jwDmzBKjCzAvMCAVKPG5SV0Z5bwYAReASHRRv"}}},"version":"v1"}