{"_sessions":{"Bfh+5XFi8ZePjMUWtiNrM4k5Ss8qR3hZ47s6R0L1rwtk":{"registrationId":376886089,"currentRatchet":{"ephemeralKeyPair":{"pubKey":"BVcufK2GEMvNE6e0OAhsdt+F6o2E8a11Tc9/aa5JptAg","privKey":"+CuM2TibKj2ycT2ATxUWcIx1aVC6Kpf1jcopNnbgKnU="},"lastRemoteEphemeralKey":"BaXIypUljbPagVI+dfBjg5HyN0O4pC/uciGmuWPdtsYa","previousCounter":0,"rootKey":"d1pB8ZGMmxkDlX2UfYMuf/ZQWIogqlVUGFs9eUkpe4s="},"indexInfo":{"baseKey":"Bfh+5XFi8ZePjMUWtiNrM4k5Ss8qR3hZ47s6R0L1rwtk","baseKeyType":1,"closed":-1,"used":1716074382426,"created":1716074382426,"remoteIdentityKey":"BV6iDFjWJFjNvsS/QN43cmQqvnWBw/IvzF8DpxTc8qVa"},"_chains":{"BVcufK2GEMvNE6e0OAhsdt+F6o2E8a11Tc9/aa5JptAg":{"chainKey":{"counter":0,"key":"OtvPu+MFXh4y8eA4ZZqLCCLDvY6Jxzx/41KR0kn/XKQ="},"chainType":1,"messageKeys":{}}},"pendingPreKey":{"signedKeyId":3,"baseKey":"Bfh+5XFi8ZePjMUWtiNrM4k5Ss8qR3hZ47s6R0L1rwtk","preKeyId":13775576}}},"version":"v1"}