{"_sessions":{"BfNFswz8teSGZM2e6INjlHv9epHZ9EtwPdb/4z6XDFNI":{"registrationId":253724331,"currentRatchet":{"ephemeralKeyPair":{"pubKey":"BU/KbeaeL2XIXT7ATk1FGArm/UIS/UiToYy/14f2HO4k","privKey":"4IbVHwzdqquw9Z/gqdF5oYdf3arRsVYc+MXqspbUS0I="},"lastRemoteEphemeralKey":"BSTiXswtgbez6luaZTq+fJ7wPTRwEOJhbmVwYagogQRo","previousCounter":0,"rootKey":"6/HRDxfHKLMJxtq+C+1dicgUy5iX8rlnggOAKAqf0yI="},"indexInfo":{"baseKey":"BfNFswz8teSGZM2e6INjlHv9epHZ9EtwPdb/4z6XDFNI","baseKeyType":1,"closed":-1,"used":1716074382535,"created":1716074382535,"remoteIdentityKey":"BUuqFGsY/+/7U2E7LC1jFBGLyQsVobeEzaIUXGH5SM8j"},"_chains":{"BU/KbeaeL2XIXT7ATk1FGArm/UIS/UiToYy/14f2HO4k":{"chainKey":{"counter":0,"key":"uivnKnSloWEIYKqoAfitrtN3+mECMkvr5JrqyYMLBNc="},"chainType":1,"messageKeys":{}}},"pendingPreKey":{"signedKeyId":21,"baseKey":"BfNFswz8teSGZM2e6INjlHv9epHZ9EtwPdb/4z6XDFNI","preKeyId":4515444}}},"version":"v1"}