{"_sessions":{"BVFwjbMEQfSypcoxunE37DKA/C6c0SEK1dN3MIJQgncG":{"registrationId":116910487,"currentRatchet":{"ephemeralKeyPair":{"pubKey":"BQ/j8YCwV3dhopPVcAN8a4yzJGYRnSUtSTDoQg+kL6VM","privKey":"cBTPTgzZAb5id2LuGiIHlRiGVwAVqHdIvgPK6x2PjF8="},"lastRemoteEphemeralKey":"Bcb9tSCD8rGt0CfUQdt+Tn61+0tGqFhOftAetBECJTNC","previousCounter":0,"rootKey":"lDJ7yUemom9rqeyxcHMaaaLE7kqxLUeSi3Fo8hVI4o4="},"indexInfo":{"baseKey":"BVFwjbMEQfSypcoxunE37DKA/C6c0SEK1dN3MIJQgncG","baseKeyType":1,"closed":-1,"used":1716074382677,"created":1716074382677,"remoteIdentityKey":"BfbD6NNVWsCt+V+PwzfrWdfNtrzYtUAjDoYhrhMfs0Is"},"_chains":{"BQ/j8YCwV3dhopPVcAN8a4yzJGYRnSUtSTDoQg+kL6VM":{"chainKey":{"counter":0,"key":"W8rYJm3R5fBObuI0BpL0fn+vMI4jBswiwNvrYj5EGXY="},"chainType":1,"messageKeys":{}}},"pendingPreKey":{"signedKeyId":1,"baseKey":"BVFwjbMEQfSypcoxunE37DKA/C6c0SEK1dN3MIJQgncG","preKeyId":4973722}}},"version":"v1"}