{"_sessions":{"BQIW7KPsD+85gH5lYqwzzuljTyO/OQgbq9q7PQ50G2I6":{"registrationId":1784557224,"currentRatchet":{"ephemeralKeyPair":{"pubKey":"BUP3NLISB3mU0bqsP1QUKYGX5/u0SytSjLLI1xMWlhZm","privKey":"SB36yCkVrDDG2WOg/404G64OFcZZeiFKyPAYK6H9L3Q="},"lastRemoteEphemeralKey":"BfajvhEG8kDOs9UIew+dVwvZxy72rXZATLazVcvJqHxB","previousCounter":0,"rootKey":"7JlyuvaC4vsQ1qbSqJHDB8lU67eBpnOc3SZWrwevHB0="},"indexInfo":{"baseKey":"BQIW7KPsD+85gH5lYqwzzuljTyO/OQgbq9q7PQ50G2I6","baseKeyType":1,"closed":-1,"used":1716074382726,"created":1716074382726,"remoteIdentityKey":"BW8d/DbM9GyBoyGcO5Aa0/sorgZLAufcf4HD+2i2jCER"},"_chains":{"BUP3NLISB3mU0bqsP1QUKYGX5/u0SytSjLLI1xMWlhZm":{"chainKey":{"counter":0,"key":"83HwWc4xTfi2SGbbV3lY7qdH/xOoy1brThPNFGfrk+s="},"chainType":1,"messageKeys":{}}},"pendingPreKey":{"signedKeyId":1,"baseKey":"BQIW7KPsD+85gH5lYqwzzuljTyO/OQgbq9q7PQ50G2I6","preKeyId":7434708}}},"version":"v1"}