{"_sessions":{"BS5RznUHs48lY6mU1cgzmo0sw7BMOQGqUOKoeAlLAm9s":{"registrationId":370229940,"currentRatchet":{"ephemeralKeyPair":{"pubKey":"Bdr/K/5cGTe+Wgis0pXKBXUZS8FrC4GwBSPPy4VtZ8R8","privKey":"oP+ME3ut8XgLz0Ed2LBrBJI85DcCtExQMyQGuC6zcm4="},"lastRemoteEphemeralKey":"BZKXe4qzR9CmhL3/sVXySmOyAxwNGV9CQpKlwOD+ey8J","previousCounter":0,"rootKey":"dFXjQGbFQfW1e8iejg43kEpMV72wYKP97P0C04Sf21o="},"indexInfo":{"baseKey":"BS5RznUHs48lY6mU1cgzmo0sw7BMOQGqUOKoeAlLAm9s","baseKeyType":1,"closed":-1,"used":1716074383027,"created":1716074383027,"remoteIdentityKey":"BfyRJUJ0Awrg488F9GXRjwQ2/fT2wJ4IXfQ9kE8LhuVQ"},"_chains":{"Bdr/K/5cGTe+Wgis0pXKBXUZS8FrC4GwBSPPy4VtZ8R8":{"chainKey":{"counter":0,"key":"8KaEJi5EZCrGzhq9Hz+y0v1sItfeklR2jyxEFSmpwz4="},"chainType":1,"messageKeys":{}}},"pendingPreKey":{"signedKeyId":0,"baseKey":"BS5RznUHs48lY6mU1cgzmo0sw7BMOQGqUOKoeAlLAm9s","preKeyId":11841598}}},"version":"v1"}