{"_sessions":{"BSPBfLFaCSXnIKlLKKGWttbqVzVDSmHBABu22n7QW89X":{"registrationId":163750295,"currentRatchet":{"ephemeralKeyPair":{"pubKey":"Bbj+ANSS1gVwNGvSVsmTr865ku5/wkBc/LbcarwVvvtu","privKey":"gBUsaK0xw2wkwxNeY7LQM2sgR6eQ4Bu96y/mNXN4JFM="},"lastRemoteEphemeralKey":"BY9zaeTY9qyC8mJGhT869I8rDlGnb62sHjw116BtHbp7","previousCounter":0,"rootKey":"JIwouaU2xqTWPFv2iPH9L9a5Lkd+NFMV3+/NB2INS7U="},"indexInfo":{"baseKey":"BSPBfLFaCSXnIKlLKKGWttbqVzVDSmHBABu22n7QW89X","baseKeyType":1,"closed":-1,"used":1716074381739,"created":1716074381739,"remoteIdentityKey":"BaJn0axWuImejVx1YhVNcGDtJt4pTI1NOHwSXwtjqAVa"},"_chains":{"Bbj+ANSS1gVwNGvSVsmTr865ku5/wkBc/LbcarwVvvtu":{"chainKey":{"counter":0,"key":"ojJd4D1lwnrLioSegIZGRijsd9z3+bQ0ztdWLF5UR8k="},"chainType":1,"messageKeys":{}}},"pendingPreKey":{"signedKeyId":0,"baseKey":"BSPBfLFaCSXnIKlLKKGWttbqVzVDSmHBABu22n7QW89X"}}},"version":"v1"}