{"_sessions":{"BXt7qHBjcQ3xulkpsRZu81XT0kh2ezvQOnWCnGqccr50":{"registrationId":865043306,"currentRatchet":{"ephemeralKeyPair":{"pubKey":"BWlE1+Zg5bwX90KYbenuhzo7enEN/I0Rm7L9S9I0TX8t","privKey":"wNguAaAfqHxUTYByINbz4iqs0Jub4tRLyLwro/5kwnQ="},"lastRemoteEphemeralKey":"Bc7K1ClO1X+F40anrAAf74tH1NAxvZEVzS0MiZuLWw5A","previousCounter":0,"rootKey":"muDUyXJLsjJH7pf088Tqkh7t9q8iYuqw025ozTImhsM="},"indexInfo":{"baseKey":"BXt7qHBjcQ3xulkpsRZu81XT0kh2ezvQOnWCnGqccr50","baseKeyType":1,"closed":-1,"used":1716074382702,"created":1716074382702,"remoteIdentityKey":"BatEjwi3dkOufipv4n00Et25wGnLcJiKNsFlzpCyFBZ5"},"_chains":{"BWlE1+Zg5bwX90KYbenuhzo7enEN/I0Rm7L9S9I0TX8t":{"chainKey":{"counter":0,"key":"HvoEGtHXRIg/lZomXuWdbzsYYu+ERWkbuSiyE6FPudU="},"chainType":1,"messageKeys":{}}},"pendingPreKey":{"signedKeyId":0,"baseKey":"BXt7qHBjcQ3xulkpsRZu81XT0kh2ezvQOnWCnGqccr50","preKeyId":11115306}}},"version":"v1"}