{"_sessions":{"BSSVjNUdZcQtW2toYTecvXV0egby5NlZfC1mlTGy2vw5":{"registrationId":984669676,"currentRatchet":{"ephemeralKeyPair":{"pubKey":"BQ1yucmJ8alqLSiB7eqrKoX1/R+cbQ1SgfcEp74jSosm","privKey":"QOtq+IkSzpdIZIULoZMbsC9cb6yyG1/qCWB0zuKLa0k="},"lastRemoteEphemeralKey":"BZ105daxebNW0gT49FX/7PBD77xmwJa+GtAJ6p8aGoo3","previousCounter":0,"rootKey":"VIBEUjicPIeJ6kSTwPvDleiMpUW+MASjYMvo5coOWqs="},"indexInfo":{"baseKey":"BSSVjNUdZcQtW2toYTecvXV0egby5NlZfC1mlTGy2vw5","baseKeyType":1,"closed":-1,"used":1716074382666,"created":1716074382666,"remoteIdentityKey":"BWaBGhmRA/x8MNfi/rI0XqdiOEhZgUBi8S/7dqUJSEAz"},"_chains":{"BQ1yucmJ8alqLSiB7eqrKoX1/R+cbQ1SgfcEp74jSosm":{"chainKey":{"counter":0,"key":"iiJGSiti+ynG1Fnx0DUSy/NMRxfD4ucYGJw3y33dWNo="},"chainType":1,"messageKeys":{}}},"pendingPreKey":{"signedKeyId":2,"baseKey":"BSSVjNUdZcQtW2toYTecvXV0egby5NlZfC1mlTGy2vw5","preKeyId":6206350}}},"version":"v1"}