{"_sessions":{"BasmEy2U/9230v5LK0ZYkkA6r+dtKaMpMFSz4qBm1LpD":{"registrationId":131168585,"currentRatchet":{"ephemeralKeyPair":{"pubKey":"BerBYRSNPxXkqG3kiyzz4z1t27GhissL2EEd0vSSZC1o","privKey":"0I4E4zUKmch6k4Fw9MWl07KncOiGBIt7sWHVD8mLOnw="},"lastRemoteEphemeralKey":"BbxDHWjNtzMC+D6tKCzst4NkpOGhVHSzGprYgxtgDgJ0","previousCounter":0,"rootKey":"UgT42PLD8fPTzjv7vgN+tqB1S0Fnhq2Reg4abhM5dBc="},"indexInfo":{"baseKey":"BasmEy2U/9230v5LK0ZYkkA6r+dtKaMpMFSz4qBm1LpD","baseKeyType":1,"closed":-1,"used":1716074382491,"created":1716074382491,"remoteIdentityKey":"BZa5CxzJRAoX7fGXb5hxTmV1nnCA4jtENpdZn97LcVcv"},"_chains":{"BerBYRSNPxXkqG3kiyzz4z1t27GhissL2EEd0vSSZC1o":{"chainKey":{"counter":0,"key":"uO4/g0QXxyI//KkSJ/vy66IZLKiZEPOHVjQ2hh2GbbU="},"chainType":1,"messageKeys":{}}},"pendingPreKey":{"signedKeyId":0,"baseKey":"BasmEy2U/9230v5LK0ZYkkA6r+dtKaMpMFSz4qBm1LpD","preKeyId":5090344}}},"version":"v1"}