{"_sessions":{"Bfx1JNKxeeKS+yZkDjZIk6UR8V3WwVFyWUfIfq10Qe8h":{"registrationId":6753,"currentRatchet":{"ephemeralKeyPair":{"pubKey":"BamWGfEwhgOA5fnw/wm97ApWcgcrzfs8aLu4AWA/6Tl1","privKey":"6GgRzQRPXrBkWhlQSy73RzCJIDBRViN4pml/gL+XL0s="},"lastRemoteEphemeralKey":"Bc4L70CRBM0cK3vtC02f5DEBAtZU04ej/zdLNvIOR6Q8","previousCounter":0,"rootKey":"nYBKSXaSh7BDaYPa/I9rxmSWb6f6atPuj9pL6fOg3ug="},"indexInfo":{"baseKey":"Bfx1JNKxeeKS+yZkDjZIk6UR8V3WwVFyWUfIfq10Qe8h","baseKeyType":1,"closed":-1,"used":1716074381647,"created":1716074381647,"remoteIdentityKey":"Bdd+mRfrBAjPyju5Jj1DSIe1XM2QPzutyCXb8Yc7dJw6"},"_chains":{"BamWGfEwhgOA5fnw/wm97ApWcgcrzfs8aLu4AWA/6Tl1":{"chainKey":{"counter":0,"key":"L0+SXLPOx/V+DVHiw0/8/DcdORopFNdUm0GbK/TJe48="},"chainType":1,"messageKeys":{}}},"pendingPreKey":{"signedKeyId":1,"baseKey":"Bfx1JNKxeeKS+yZkDjZIk6UR8V3WwVFyWUfIfq10Qe8h","preKeyId":18}}},"version":"v1"}