{"_sessions":{"BfZAmOy1jUekuQYsBwej4JIdwUS5PbKHn3nsxXFvo9QB":{"registrationId":2019389663,"currentRatchet":{"ephemeralKeyPair":{"pubKey":"BYbzq/LnwBne2TRT02dowIChBW9uLB1DDYZJXKBEs18b","privKey":"gCJKz+t/hX5gPZI9JZR4xJFY6ii/AT0Kw/leONhlbFQ="},"lastRemoteEphemeralKey":"BXjJQYHRsAGis8OraEedoT4qI8Ji0yMKORhwJmAEm519","previousCounter":0,"rootKey":"w181IJz2j+L7v42qE1wO+oHafHVPev4Oi6DA/+fkODE="},"indexInfo":{"baseKey":"BfZAmOy1jUekuQYsBwej4JIdwUS5PbKHn3nsxXFvo9QB","baseKeyType":1,"closed":-1,"used":1716074382553,"created":1716074382553,"remoteIdentityKey":"Bb8P6uodxM1Z0ZkpkWSdFD/7VGQfaWWf9kWIZtIIi6oN"},"_chains":{"BYbzq/LnwBne2TRT02dowIChBW9uLB1DDYZJXKBEs18b":{"chainKey":{"counter":0,"key":"rM72vMZlmJ0egfRDcf1ESF7xkTzsGI+5QGmM+lCBZnc="},"chainType":1,"messageKeys":{}}},"pendingPreKey":{"signedKeyId":0,"baseKey":"BfZAmOy1jUekuQYsBwej4JIdwUS5PbKHn3nsxXFvo9QB","preKeyId":7779276}}},"version":"v1"}