{"_sessions":{"BYoFUYpj0vLYfNKcDQeKzZIiUO9jZpp8L+vm7ShX4Mdq":{"registrationId":1912670961,"currentRatchet":{"ephemeralKeyPair":{"pubKey":"BSdraDuKS/zc4hs2OAWWifQLR0enYoexgHX3uhF5t50Q","privKey":"kEDo+czrD+VbJ5rVBqRTs6ylf5exNX++oAAHFtcbmFk="},"lastRemoteEphemeralKey":"BRbtzK56HK3hi4LfxdzcmmOC8/bUepqL8mAHVcWGn7p9","previousCounter":0,"rootKey":"o1ltOR5JY/VoqdffcxXSdyjW55u8eMusUkWs+G7RKc8="},"indexInfo":{"baseKey":"BYoFUYpj0vLYfNKcDQeKzZIiUO9jZpp8L+vm7ShX4Mdq","baseKeyType":1,"closed":-1,"used":1716074382751,"created":1716074382751,"remoteIdentityKey":"BQFhIIHuSdNLzXpaNA5bTl1UIkwvacNxV3TbUNo5o+xN"},"_chains":{"BSdraDuKS/zc4hs2OAWWifQLR0enYoexgHX3uhF5t50Q":{"chainKey":{"counter":0,"key":"bZzbBd8WtXCiD1LGJzGinWoRukgbqIdPLe/Tmd6O6Yo="},"chainType":1,"messageKeys":{}}},"pendingPreKey":{"signedKeyId":2,"baseKey":"BYoFUYpj0vLYfNKcDQeKzZIiUO9jZpp8L+vm7ShX4Mdq","preKeyId":11623349}}},"version":"v1"}