{"_sessions":{"BZQF67wnBWTg0w65ywf4Nxf1v7ShUnyDPYALS+fuGmBV":{"registrationId":1536705367,"currentRatchet":{"ephemeralKeyPair":{"pubKey":"BXwp4rkK6NL1BSiHgdoAgFFsjxXsvFqJL7Sz7TBLcMQ5","privKey":"cDn2noKw7eFcO2x4H2p24VSOIFMHE8BviDRhRpiKqGQ="},"lastRemoteEphemeralKey":"BSiTVR4IR4/3SbR3n8jvYrXS/Pz/o1xWFliznujXHOxa","previousCounter":0,"rootKey":"CobvldfUUAV13L+AHVTYj1ryRc2N/t7gmj6H8uWJPA8="},"indexInfo":{"baseKey":"BZQF67wnBWTg0w65ywf4Nxf1v7ShUnyDPYALS+fuGmBV","baseKeyType":1,"closed":-1,"used":1716074381878,"created":1716074381878,"remoteIdentityKey":"BX6TwtYCRp65mcxkJATD9Q+Ts4CL1ovNyRBfCFD1fP06"},"_chains":{"BXwp4rkK6NL1BSiHgdoAgFFsjxXsvFqJL7Sz7TBLcMQ5":{"chainKey":{"counter":0,"key":"uE9ccwmPyB79neMxRJ0IF6ueskgRq2iF7LiRFctPEYg="},"chainType":1,"messageKeys":{}}},"pendingPreKey":{"signedKeyId":0,"baseKey":"BZQF67wnBWTg0w65ywf4Nxf1v7ShUnyDPYALS+fuGmBV"}}},"version":"v1"}