{"_sessions":{"BbFhL+NkgQYR6ChnIauYb2hgnxvwPty1W7PMNxvsiSpx":{"registrationId":684408187,"currentRatchet":{"ephemeralKeyPair":{"pubKey":"BUeA40tCxrBSpjG++TgE52JECBH66+KdLGT3FrY/oWcE","privKey":"sBKAr4vPG0mLEiqV03ptPlRUOVmpjlBE+72C32SUoFE="},"lastRemoteEphemeralKey":"BRGEhG8ixzRhIMVnG0kP/2HJsYVDr3Xqd0SZP8dfCXwu","previousCounter":0,"rootKey":"cOIZOjjMdi+IQHbeCz5MiUpwoW+Hx+TvxFb10gKOSy0="},"indexInfo":{"baseKey":"BbFhL+NkgQYR6ChnIauYb2hgnxvwPty1W7PMNxvsiSpx","baseKeyType":1,"closed":-1,"used":1716074382206,"created":1716074382206,"remoteIdentityKey":"BUevgH6fVkqzSIqTS+4ozIw9OrwjeuXmdKAXycz+rnF5"},"_chains":{"BUeA40tCxrBSpjG++TgE52JECBH66+KdLGT3FrY/oWcE":{"chainKey":{"counter":0,"key":"6WZySGTfD7zZG4v8Ejx3TnGSkJpymBe5um1cN1+OA8U="},"chainType":1,"messageKeys":{}}},"pendingPreKey":{"signedKeyId":3,"baseKey":"BbFhL+NkgQYR6ChnIauYb2hgnxvwPty1W7PMNxvsiSpx","preKeyId":3313149}}},"version":"v1"}