{"_sessions":{"BebaeLwC5hgOEbmusJUZlOWaPVmqC24uzs2flkhrk3ZF":{"registrationId":974527630,"currentRatchet":{"ephemeralKeyPair":{"pubKey":"Betz5kP5CANlNecTYOW9F6AgT56kHw9L4elqTrj4zZpE","privKey":"8B61E4D82vqUVql9pGWa8A3W1v5rgu9RHIi5+ILtfW0="},"lastRemoteEphemeralKey":"BdJwlCnv6d2whpG35I/4JMJba3bBDBa0cWywJ1SaRQsJ","previousCounter":0,"rootKey":"iDcKzvS2kZWmfZHZwZVGxNC7Ot2gWJk0rvRidrh/Lis="},"indexInfo":{"baseKey":"BebaeLwC5hgOEbmusJUZlOWaPVmqC24uzs2flkhrk3ZF","baseKeyType":1,"closed":-1,"used":1716074382754,"created":1716074382754,"remoteIdentityKey":"BXxBUGyRDAnJN9ns0tUJX1QtWoB7kT6MHRlbW3ae8NYa"},"_chains":{"Betz5kP5CANlNecTYOW9F6AgT56kHw9L4elqTrj4zZpE":{"chainKey":{"counter":0,"key":"5dnPfA0Abw10MbiMaPXpOw8vJKRkbBLpoV+JO8k9yuE="},"chainType":1,"messageKeys":{}}},"pendingPreKey":{"signedKeyId":3,"baseKey":"BebaeLwC5hgOEbmusJUZlOWaPVmqC24uzs2flkhrk3ZF","preKeyId":13951048}}},"version":"v1"}