{"_sessions":{"BXcnjYNZVBx3VpU+/xAUz5Zu5ZRVdvBI2qdaHtRoEOlR":{"registrationId":2125560983,"currentRatchet":{"ephemeralKeyPair":{"pubKey":"BbWj0JwwC6/k9s1cfji46V/wmTyRI9IRTLImT6wChs84","privKey":"aGCJ5r60rOwfuY2psMjLReAeSBA6o48tBB1WenaGN3U="},"lastRemoteEphemeralKey":"Bc3iBgyrp2f+N8oDH9O8E+zGjEDgr0/Hyx/3Tw6txuAS","previousCounter":0,"rootKey":"JFvKosjw+MZuGPT7Q1YynntZX5msQkGhrCzNrNpBJM0="},"indexInfo":{"baseKey":"BXcnjYNZVBx3VpU+/xAUz5Zu5ZRVdvBI2qdaHtRoEOlR","baseKeyType":1,"closed":-1,"used":1716074382608,"created":1716074382608,"remoteIdentityKey":"BWF0urHNIrTAP1C0txMGV0nfphVdxcX7lGILwkfSAYsC"},"_chains":{"BbWj0JwwC6/k9s1cfji46V/wmTyRI9IRTLImT6wChs84":{"chainKey":{"counter":0,"key":"ix81MOp/J+YmCEuGxLv6hQms6PSwnsGjcGUHpxk6KfQ="},"chainType":1,"messageKeys":{}}},"pendingPreKey":{"signedKeyId":0,"baseKey":"BXcnjYNZVBx3VpU+/xAUz5Zu5ZRVdvBI2qdaHtRoEOlR","preKeyId":8191939}}},"version":"v1"}