{"_sessions":{"BXNSx5L7OSZ7tJHoJ3iEi01lqNOKbNOZfebbJkiQB1oU":{"registrationId":522521597,"currentRatchet":{"ephemeralKeyPair":{"pubKey":"BVXLdzDaLvBxTYTwtm78H6Zixx9vSLbp8N/eoSCoHkZE","privKey":"sGrou3RVdNcu0CYHc3jbahQkjsSTkrJRA8KO/wh1WlE="},"lastRemoteEphemeralKey":"BZxANt1dScTY+GppHzIye9UtXcSWuSLwATuKfxtPw/8V","previousCounter":0,"rootKey":"HI4stghotyh282WgOofSlQoPbWrnWP9I87okkMDdDKU="},"indexInfo":{"baseKey":"BXNSx5L7OSZ7tJHoJ3iEi01lqNOKbNOZfebbJkiQB1oU","baseKeyType":1,"closed":-1,"used":1716074382697,"created":1716074382697,"remoteIdentityKey":"BU49HZrBhxG8iPWYUXek2k8xyO1EHOmBk/qONKfiePpO"},"_chains":{"BVXLdzDaLvBxTYTwtm78H6Zixx9vSLbp8N/eoSCoHkZE":{"chainKey":{"counter":0,"key":"1/1gqoFLcBHjdJFKqVFtXVldi27We0sKXJsjW5gnWRU="},"chainType":1,"messageKeys":{}}},"pendingPreKey":{"signedKeyId":0,"baseKey":"BXNSx5L7OSZ7tJHoJ3iEi01lqNOKbNOZfebbJkiQB1oU","preKeyId":9218586}}},"version":"v1"}