{"_sessions":{"BQrigSrQ3T265oPPBAtnZWgUAANBvT3v71+W7TiWOvsM":{"registrationId":1900379348,"currentRatchet":{"ephemeralKeyPair":{"pubKey":"BVtOCnoDWzmGPm6zHlQtpnant7QqrQ765avqwz4QEP8x","privKey":"aHyWO8hGBCGYu3CY8NSsve/IH0i+6AkFJeoNJNYN1no="},"lastRemoteEphemeralKey":"BZj8ObO0+gBwZqv/9eea30tCqJa1Wy8T6MDW5lj7d1NB","previousCounter":0,"rootKey":"/IUn8DSQ3QRAhHfsppQHxYLi+wSSl0gmZfvKwJLWzis="},"indexInfo":{"baseKey":"BQrigSrQ3T265oPPBAtnZWgUAANBvT3v71+W7TiWOvsM","baseKeyType":1,"closed":-1,"used":1716074382577,"created":1716074382577,"remoteIdentityKey":"BZJRk/3f/7J/6GwIvirkswFJYBIcBf7FclF0fc+WuQtn"},"_chains":{"BVtOCnoDWzmGPm6zHlQtpnant7QqrQ765avqwz4QEP8x":{"chainKey":{"counter":0,"key":"0vlptGuQ7ONR3oJ7SPAZgSD+8iw1Il7EAVHaR/Lzm6A="},"chainType":1,"messageKeys":{}}},"pendingPreKey":{"signedKeyId":0,"baseKey":"BQrigSrQ3T265oPPBAtnZWgUAANBvT3v71+W7TiWOvsM","preKeyId":4953421}}},"version":"v1"}