{"_sessions":{"BSyn55Q/k8Izuc4q0NVkynycgQ5EbGSChTfQN6BpJhoY":{"registrationId":824289182,"currentRatchet":{"ephemeralKeyPair":{"pubKey":"Bc5YXdM0D2IdNr2mqKRSosGCTQaiIca5tkFiGP9zPukp","privKey":"yMwdRDULbUjJaF1n+kJpamXkZDg+nu2O7g7s7sCMmG0="},"lastRemoteEphemeralKey":"BXWE3+jZGM0ikc+c6p3YVcFwRtd+sGW2L02c9ADV2AFY","previousCounter":0,"rootKey":"5uSQ771bPfk3pkkMs6piaKBvHCP+QgGCi6taHQtcAAs="},"indexInfo":{"baseKey":"BSyn55Q/k8Izuc4q0NVkynycgQ5EbGSChTfQN6BpJhoY","baseKeyType":1,"closed":-1,"used":1716074382589,"created":1716074382589,"remoteIdentityKey":"Bf81/1FsDu9peK9nj8kKNq7I8oyjKWB0Wd6r1/TyKklp"},"_chains":{"Bc5YXdM0D2IdNr2mqKRSosGCTQaiIca5tkFiGP9zPukp":{"chainKey":{"counter":0,"key":"tuAzCif6n0WVgKJvCjedsZi8Lhkk/LqbJ7bFVo79Kvw="},"chainType":1,"messageKeys":{}}},"pendingPreKey":{"signedKeyId":4,"baseKey":"BSyn55Q/k8Izuc4q0NVkynycgQ5EbGSChTfQN6BpJhoY","preKeyId":13611894}}},"version":"v1"}