{"_sessions":{"BaRf2RuqXUzyzxyLd302zt99RDxR8C1szTqF+a8xmQtx":{"registrationId":15247,"currentRatchet":{"ephemeralKeyPair":{"pubKey":"BUXBLoU5zBjvR4eC7/0asvDVUDahbrsiFJFPU4pYm/tw","privKey":"OCRL8Mr7XSNoN62U6DhyxA8as38NdRlXuCpPhhe4HEA="},"lastRemoteEphemeralKey":"BfjafHG0dvx55I5XHcdStcodzV5uVi7mCCVffxHVmnEy","previousCounter":0,"rootKey":"YmgAQMj4pIu4EFidWGrSDzvZUk7fnYP/nyjEX92zyko="},"indexInfo":{"baseKey":"BaRf2RuqXUzyzxyLd302zt99RDxR8C1szTqF+a8xmQtx","baseKeyType":1,"closed":-1,"used":1716074381862,"created":1716074381862,"remoteIdentityKey":"BY+mRonpl4kHIX+Hv+icq34AA23x4bXbyxNXYtFsubcm"},"_chains":{"BUXBLoU5zBjvR4eC7/0asvDVUDahbrsiFJFPU4pYm/tw":{"chainKey":{"counter":0,"key":"YjfM26KyNN0NauG88jzYzrZ3Ns0K4Qw8dWTOKdWCdYM="},"chainType":1,"messageKeys":{}}},"pendingPreKey":{"signedKeyId":1,"baseKey":"BaRf2RuqXUzyzxyLd302zt99RDxR8C1szTqF+a8xmQtx"}}},"version":"v1"}