{"_sessions":{"BTO8mrGC7FqMUohqChJuFHW/CCQPPA4HM6JaWp7xlidt":{"registrationId":818572115,"currentRatchet":{"ephemeralKeyPair":{"pubKey":"Bc2yJeb7ndvqnz+h/pZyqJrsakfj12eylfXVR3VdL5Vh","privKey":"yMbtvb1A/6/mN96tYkIQWCslxPSFMvGA3QSBa/2Iq00="},"lastRemoteEphemeralKey":"BXCejON7PU5sp7Bcs8BSNq7wrPuL0inGc++asK896QQD","previousCounter":0,"rootKey":"6hXwBn6dBkVUCdWPqWGADp6eyi+MrXBUpk+O0DtEDlo="},"indexInfo":{"baseKey":"BTO8mrGC7FqMUohqChJuFHW/CCQPPA4HM6JaWp7xlidt","baseKeyType":1,"closed":-1,"used":1716074381949,"created":1716074381949,"remoteIdentityKey":"BaAhWGmpQloOJiAuTmUW8jZy6TCOU0q5DXRdcvKyYLoX"},"_chains":{"Bc2yJeb7ndvqnz+h/pZyqJrsakfj12eylfXVR3VdL5Vh":{"chainKey":{"counter":0,"key":"lDRPhUBhWjN65FnjT9cNAqg56KRxeGRkV0gMgBh9VxI="},"chainType":1,"messageKeys":{}}},"pendingPreKey":{"signedKeyId":1,"baseKey":"BTO8mrGC7FqMUohqChJuFHW/CCQPPA4HM6JaWp7xlidt","preKeyId":601}}},"version":"v1"}