{"_sessions":{"BVg3/Pt73LdrUmkFaZKnCzzzTl1er/12AyuAc1XuGNox":{"registrationId":99327138,"currentRatchet":{"ephemeralKeyPair":{"pubKey":"BS3v/V7rqgHp1gG6GXA9hiPop9Cxq+ZRoPExIIAFHNtp","privKey":"cCGn7FvVJGIOJu/NbGghLFslSpfi1QrW/rDWNh1Gz2s="},"lastRemoteEphemeralKey":"BambCE7A9QQDb+pQ3pLQK+1AcUHGVthk9IfxO6GqCCEj","previousCounter":0,"rootKey":"OihO+7Yy7PRGbXp9mUSN8nIMKLoD2R79ilHmDlUa554="},"indexInfo":{"baseKey":"BVg3/Pt73LdrUmkFaZKnCzzzTl1er/12AyuAc1XuGNox","baseKeyType":1,"closed":-1,"used":1716074382830,"created":1716074382830,"remoteIdentityKey":"BZ2H/9CFtLm6pzd0e3AlLa0YA6lHLmhe1tbOF8UqV1Q0"},"_chains":{"BS3v/V7rqgHp1gG6GXA9hiPop9Cxq+ZRoPExIIAFHNtp":{"chainKey":{"counter":0,"key":"r92eyPNZnjrIimWeMUmj1s9zwE7pq24VjtOtdJ4Qh/k="},"chainType":1,"messageKeys":{}}},"pendingPreKey":{"signedKeyId":31,"baseKey":"BVg3/Pt73LdrUmkFaZKnCzzzTl1er/12AyuAc1XuGNox","preKeyId":16193156}}},"version":"v1"}