{"_sessions":{"BSuqDrli7wXnuPo0K+QxR0mGqWbqYMaL9l3ZEoZlcA0v":{"registrationId":1453428346,"currentRatchet":{"ephemeralKeyPair":{"pubKey":"BR4QUimgaA8JSNPNNqEp20IZ1igg9p4I2iON+gPeQOsF","privKey":"COSfMooIsT5u+A3dOmEV80H14HiWMpGCX1IRDtOVUmk="},"lastRemoteEphemeralKey":"BYn7lTVWhFto27Tf6UDMG1Al3RvGghPYvKZf5M2azukm","previousCounter":0,"rootKey":"JdFyAVw3ALfvjU1Hiq5ePn85Ha2A1Mg0RqhcH9RhNjA="},"indexInfo":{"baseKey":"BSuqDrli7wXnuPo0K+QxR0mGqWbqYMaL9l3ZEoZlcA0v","baseKeyType":1,"closed":-1,"used":1716074382735,"created":1716074382735,"remoteIdentityKey":"BSUCRefSg2cFMzCpIUxbMUbJ8DMOAMyiUDcGbyT6fsQZ"},"_chains":{"BR4QUimgaA8JSNPNNqEp20IZ1igg9p4I2iON+gPeQOsF":{"chainKey":{"counter":0,"key":"2W729L8xDVyXyGnVvDUf9bab5aMVe4BPpSakf9WWfQM="},"chainType":1,"messageKeys":{}}},"pendingPreKey":{"signedKeyId":12,"baseKey":"BSuqDrli7wXnuPo0K+QxR0mGqWbqYMaL9l3ZEoZlcA0v","preKeyId":14246947}}},"version":"v1"}