{"_sessions":{"Be+agyChNd0xIKbJaS60281iG3NTLgvyRs8RXRl/VDEm":{"registrationId":12999,"currentRatchet":{"ephemeralKeyPair":{"pubKey":"Bbw0Nc5JH3cjEm8bzeurmxhhpo79RhUXarukNYkqCf9k","privKey":"YEMIl9+inYM2eWuzxAzuZhnDhCfzVDY6ZtzWPMDOi00="},"lastRemoteEphemeralKey":"BS1fbwRViEMVgOO9VWwVX5BsaTUfxwIVXvM8dyBvsska","previousCounter":0,"rootKey":"G3O6oEQkPfhVX5DUCgLxD0dEa6Wafw+2QCwoevfCLRY="},"indexInfo":{"baseKey":"Be+agyChNd0xIKbJaS60281iG3NTLgvyRs8RXRl/VDEm","baseKeyType":1,"closed":-1,"used":1716074381837,"created":1716074381837,"remoteIdentityKey":"BegJxxm2aaLG1DSc3ksia/G0rp/G8XsXcdvDTTqH2Et8"},"_chains":{"Bbw0Nc5JH3cjEm8bzeurmxhhpo79RhUXarukNYkqCf9k":{"chainKey":{"counter":0,"key":"unYV6vJwNH3HUdoK1+4Rkumv5xOFLq2EO6x8w9FarnE="},"chainType":1,"messageKeys":{}}},"pendingPreKey":{"signedKeyId":1,"baseKey":"Be+agyChNd0xIKbJaS60281iG3NTLgvyRs8RXRl/VDEm"}}},"version":"v1"}