{"_sessions":{"BdFkio/ETlRIG1DaqZtXNwtjUwYJjcirHaHFVqRjU7ND":{"registrationId":425996858,"currentRatchet":{"ephemeralKeyPair":{"pubKey":"BXasVSf5t5ytyUutlumHkyyNWYBPoiYPKuc3ctkMQbF4","privKey":"sAbez3XcX/5CHed9uXYpQL5KBQRLTAAs4vRbex1ZBkQ="},"lastRemoteEphemeralKey":"BUHkSiusPUE50pwU7V5oSyp1u57axm2LJgb88qkO1pwL","previousCounter":0,"rootKey":"hDIAzALoukwFYyEN5Y/F9O2vG1wqY3ZaAKoVdcv577I="},"indexInfo":{"baseKey":"BdFkio/ETlRIG1DaqZtXNwtjUwYJjcirHaHFVqRjU7ND","baseKeyType":1,"closed":-1,"used":1716074382859,"created":1716074382859,"remoteIdentityKey":"BVYBasMzxA5wZg/yQbSvDyS8obRaithLaWoV2AVrit8x"},"_chains":{"BXasVSf5t5ytyUutlumHkyyNWYBPoiYPKuc3ctkMQbF4":{"chainKey":{"counter":0,"key":"8JnMDioGkw/xG2uowkSx8ND/N5NYMCTRsuv5LdmSz9c="},"chainType":1,"messageKeys":{}}},"pendingPreKey":{"signedKeyId":3,"baseKey":"BdFkio/ETlRIG1DaqZtXNwtjUwYJjcirHaHFVqRjU7ND","preKeyId":10532547}}},"version":"v1"}