{"_sessions":{"BX1sMjx2CWm1yjbKu49Xgk7dYKIEYIT51kavwMJmjjhr":{"registrationId":713114952,"currentRatchet":{"ephemeralKeyPair":{"pubKey":"BZPUUc6LEEFIem3uXCZg/CKV903hIA1y/FEniCiD81tU","privKey":"YAzCTXxVm+MNGLVhi8Fh/tfNTJgGzKAdH7aLzp3Lwkg="},"lastRemoteEphemeralKey":"Bfu9SFbr2EuczcXJqmHguvc14Dt4pqfUc+v36PI3C8ET","previousCounter":0,"rootKey":"jID/o1cIy3qC1eQrDC/p6y/VzLWkdIdKoStD6RMutSA="},"indexInfo":{"baseKey":"BX1sMjx2CWm1yjbKu49Xgk7dYKIEYIT51kavwMJmjjhr","baseKeyType":1,"closed":-1,"used":1716074382370,"created":1716074382370,"remoteIdentityKey":"Bac6KjPsUOjYTXGQ0S7KCz5PIdsE3F7N+yRyCCu7+wYp"},"_chains":{"BZPUUc6LEEFIem3uXCZg/CKV903hIA1y/FEniCiD81tU":{"chainKey":{"counter":0,"key":"INIRsO0mu8ljyVjHPWLox9TbeDNmRDZywRYvoglPjIk="},"chainType":1,"messageKeys":{}}},"pendingPreKey":{"signedKeyId":15,"baseKey":"BX1sMjx2CWm1yjbKu49Xgk7dYKIEYIT51kavwMJmjjhr","preKeyId":2636557}}},"version":"v1"}