{"_sessions":{"BXDkJLGLHUBmFDZ7AjP/S22MtnyTBosrb+dDCQPJ+f1B":{"registrationId":1662482247,"currentRatchet":{"ephemeralKeyPair":{"pubKey":"BSRuYqDjn/8nBXzbjPse5JgUv7WTLOUVRXFc1n1Vadt4","privKey":"CJHUTr9OY+rwhTgzWWBPkcncDkbOfLdDMRClG2C11Ek="},"lastRemoteEphemeralKey":"BZ6lAfTXKG0Xlj9m073o/kHTm/fPaXQWU999p31NmvlV","previousCounter":0,"rootKey":"sO6k1inR48rGavBpGk4DNmxaw8p6pBUOFS0rdVcy2XU="},"indexInfo":{"baseKey":"BXDkJLGLHUBmFDZ7AjP/S22MtnyTBosrb+dDCQPJ+f1B","baseKeyType":1,"closed":-1,"used":1716074382230,"created":1716074382230,"remoteIdentityKey":"BbSBn/beIWDubX5xCshT/hMFoLhd7tG8uAbCgMOxEN5Q"},"_chains":{"BSRuYqDjn/8nBXzbjPse5JgUv7WTLOUVRXFc1n1Vadt4":{"chainKey":{"counter":0,"key":"IkEAWDmhubcaDpg0j0VWYBH/lFAdg3ISuQRqxmHrevc="},"chainType":1,"messageKeys":{}}},"pendingPreKey":{"signedKeyId":2,"baseKey":"BXDkJLGLHUBmFDZ7AjP/S22MtnyTBosrb+dDCQPJ+f1B","preKeyId":3109674}}},"version":"v1"}