{"_sessions":{"BQEpX2CYhIFTh8CvoFpTSEb4K6Sk28imaxtD7yrCt1M4":{"registrationId":1224802519,"currentRatchet":{"ephemeralKeyPair":{"pubKey":"BbjqpCLQKG0gOOdIQl1yBleOQre6e2n5kdxqJ6BlCsxl","privKey":"cJZQyo8jeIYDoLjX8zp9L2hI9C+LE1LhfyFs21hEzE8="},"lastRemoteEphemeralKey":"BbD3RJ+RexE3l7QP3V1OGDGiHV98gX+EaBNxvoutbHRp","previousCounter":0,"rootKey":"zNfXeQPZIHbWHgwoy+pPjY59NTWAhtzkKXdESL7RGfo="},"indexInfo":{"baseKey":"BQEpX2CYhIFTh8CvoFpTSEb4K6Sk28imaxtD7yrCt1M4","baseKeyType":1,"closed":-1,"used":1716074382249,"created":1716074382249,"remoteIdentityKey":"BXcypasBLWqETu52IN+rBm8jJLj4TWz9zPVHp2/fVDst"},"_chains":{"BbjqpCLQKG0gOOdIQl1yBleOQre6e2n5kdxqJ6BlCsxl":{"chainKey":{"counter":0,"key":"JDYRgmbKOJrFcKbX0b6yffjmfm7GMAmy8fyiB39ELJw="},"chainType":1,"messageKeys":{}}},"pendingPreKey":{"signedKeyId":5,"baseKey":"BQEpX2CYhIFTh8CvoFpTSEb4K6Sk28imaxtD7yrCt1M4","preKeyId":12428257}}},"version":"v1"}