{"_sessions":{"BdFbw+ISUSpS9mpJzoHJp+5GiwyPfgZqfepYOffhmAlo":{"registrationId":12445,"currentRatchet":{"ephemeralKeyPair":{"pubKey":"BepH29/fhlzArHI6dc/siz39e3vZAqT7PnGDtcLx8Fs3","privKey":"wIXEJIbhYCer0XVbkUul8FVKckXMGhBTeKxe67VreXE="},"lastRemoteEphemeralKey":"Bdxq/MW33UdQpD2SkZXAc1OlNxmoo0SMVyyXSYh9xIg+","previousCounter":0,"rootKey":"7iAarRXZneCB4CQPfQZiJyAvNtde+2FKU6YTNJgTEbA="},"indexInfo":{"baseKey":"BdFbw+ISUSpS9mpJzoHJp+5GiwyPfgZqfepYOffhmAlo","baseKeyType":1,"closed":-1,"used":1716074382078,"created":1716074382078,"remoteIdentityKey":"BVWIDMzg150kkwTLKWiEjPygQpu5wAwmHr2AYX5smZw4"},"_chains":{"BepH29/fhlzArHI6dc/siz39e3vZAqT7PnGDtcLx8Fs3":{"chainKey":{"counter":0,"key":"x6ArI8ecpTLovjUEHmWqY8fLabQ+SU4nE21+kUL2N4g="},"chainType":1,"messageKeys":{}}},"pendingPreKey":{"signedKeyId":1,"baseKey":"BdFbw+ISUSpS9mpJzoHJp+5GiwyPfgZqfepYOffhmAlo"}}},"version":"v1"}