{"_sessions":{"BclpXEy9x67RCTb4zYhxb8h851YmtFeUjCuvEVW363UY":{"registrationId":400755370,"currentRatchet":{"ephemeralKeyPair":{"pubKey":"BTC5CXdwcz6ekUSnBLALIuXhWqFSdSbBlz4gjF7jiJwM","privKey":"iLEm8dFjZ3ldth550ETf+Zgu8t3c0+Dp5e/d1frAgls="},"lastRemoteEphemeralKey":"BXbfKIo5XHJySUwSYUle8oU8qM04UcbkZ+A+8e0dPCAN","previousCounter":0,"rootKey":"LD/8S9IntXAnGs4B6hni+0rbLQkNe2dZvK1D4QzK1lc="},"indexInfo":{"baseKey":"BclpXEy9x67RCTb4zYhxb8h851YmtFeUjCuvEVW363UY","baseKeyType":1,"closed":-1,"used":1716074382695,"created":1716074382695,"remoteIdentityKey":"BdomUuvTBo/h2xJ7bF0lAn6k4YHQbHd98NhWflEnRsE6"},"_chains":{"BTC5CXdwcz6ekUSnBLALIuXhWqFSdSbBlz4gjF7jiJwM":{"chainKey":{"counter":0,"key":"SPuVVdP7j9su7vM6bBiUVAw6s4G9ognfktExZdnhHLU="},"chainType":1,"messageKeys":{}}},"pendingPreKey":{"signedKeyId":0,"baseKey":"BclpXEy9x67RCTb4zYhxb8h851YmtFeUjCuvEVW363UY","preKeyId":3246845}}},"version":"v1"}