{"_sessions":{"BQMjqBnRVmu0cK5jUihPwC4esRDyybcl6cfz1l8Y0/Iv":{"registrationId":781718227,"currentRatchet":{"ephemeralKeyPair":{"pubKey":"BTFujEvZqnkMJ8WUyn/5Xb/Cl2gkR/Y9cdCSU8jAPeZY","privKey":"wPi38YsrYZfTmbmxN0wPag/YqeK2vP0SIbwsTMMhi2E="},"lastRemoteEphemeralKey":"BazCzHaASsKAcQ9FG25+khDW/y5l3PuYqxGw4hnDpqM4","previousCounter":0,"rootKey":"rvi483LewdAvJECciC+Co2o4FlHIIhzjuP2mtWpek20="},"indexInfo":{"baseKey":"BQMjqBnRVmu0cK5jUihPwC4esRDyybcl6cfz1l8Y0/Iv","baseKeyType":1,"closed":-1,"used":1716074382537,"created":1716074382537,"remoteIdentityKey":"BUkb3gsKX3wcAFnpxoHt1AMioykDHjBLCpDOQeH3BpZW"},"_chains":{"BTFujEvZqnkMJ8WUyn/5Xb/Cl2gkR/Y9cdCSU8jAPeZY":{"chainKey":{"counter":0,"key":"Wesa0HCgjWj8WHC0576srTUNdJlu4hw6j9AHaelZUbg="},"chainType":1,"messageKeys":{}}},"pendingPreKey":{"signedKeyId":3,"baseKey":"BQMjqBnRVmu0cK5jUihPwC4esRDyybcl6cfz1l8Y0/Iv","preKeyId":8046208}}},"version":"v1"}