{"_sessions":{"Bf1igshaWTzt8fVW7/FIl/McRJdSkd+QTizzK9iKJfgp":{"registrationId":7681,"currentRatchet":{"ephemeralKeyPair":{"pubKey":"BciTewOxw5ExLY/dRjVl2SJW9vtRIQjT5+HWp8TkBDJO","privKey":"kAThxQxhAZTvScN4kyF/ainqv/eG2ZipkJhaxJNuCHg="},"lastRemoteEphemeralKey":"BbdZLguGW9ynZ4aRmlyCQ9I/K+lxs0wwSUijlOFkBJ04","previousCounter":0,"rootKey":"bLox7Tbpv77mOjLIV/kgo0+vbPdkUMPvZoyPx1IMQ94="},"indexInfo":{"baseKey":"Bf1igshaWTzt8fVW7/FIl/McRJdSkd+QTizzK9iKJfgp","baseKeyType":1,"closed":-1,"used":1716074382040,"created":1716074382040,"remoteIdentityKey":"BfMQVNYGnUaDvEkNez6MTu8zyAWVTmL7CtlncXDVaq9k"},"_chains":{"BciTewOxw5ExLY/dRjVl2SJW9vtRIQjT5+HWp8TkBDJO":{"chainKey":{"counter":0,"key":"DlU8aIfr52Ihq5b2UJJqutIXvRDuC/qqLFv5YVYOjM0="},"chainType":1,"messageKeys":{}}},"pendingPreKey":{"signedKeyId":1,"baseKey":"Bf1igshaWTzt8fVW7/FIl/McRJdSkd+QTizzK9iKJfgp","preKeyId":661}}},"version":"v1"}