{"_sessions":{"Bamjfn3iCyCT2Qk/xpNsn2nc7z37+nKKmpEirvR9gVIr":{"registrationId":1459319122,"currentRatchet":{"ephemeralKeyPair":{"pubKey":"Bdxs+vU/2UO6DX59zhs2cbIlP9Ler+YYvlviYYKoXl0V","privKey":"4CStVmVK3zgkJ/jIZrROvgpcrsfKPNtGTq9tuxyyhlg="},"lastRemoteEphemeralKey":"BYRvXvx1K8sxqcdy2QpOWFgtbCyLWeOSvEyY+NugOiEl","previousCounter":0,"rootKey":"y3WA0tIRS8YdJWRJJMjtWwF6qp9ecNjrHTMnDj0dbgs="},"indexInfo":{"baseKey":"Bamjfn3iCyCT2Qk/xpNsn2nc7z37+nKKmpEirvR9gVIr","baseKeyType":1,"closed":-1,"used":1716074381870,"created":1716074381870,"remoteIdentityKey":"BXnp+W18iIKgtO9Oy+eIoqQIC7ygXDVfn4bYFDUXHCM9"},"_chains":{"Bdxs+vU/2UO6DX59zhs2cbIlP9Ler+YYvlviYYKoXl0V":{"chainKey":{"counter":0,"key":"rJh9/4heihgCRn5FifwsfBJ65dT6Zc6fgcdPZozW8mQ="},"chainType":1,"messageKeys":{}}},"pendingPreKey":{"signedKeyId":2,"baseKey":"Bamjfn3iCyCT2Qk/xpNsn2nc7z37+nKKmpEirvR9gVIr"}}},"version":"v1"}