{"_sessions":{"BaamUyu/QrbCWf/Q5Wx+NtB5kQhHw2XhR3ayaM+lDzsy":{"registrationId":1563068751,"currentRatchet":{"ephemeralKeyPair":{"pubKey":"BXzAEfOR4qWfBF1IZtotIct+NpY+/hv7TQW6Ctszi+NG","privKey":"sFkHg4g5mU/evFUfzWuipyRZGyWTz5oY8dG0hnd7QE0="},"lastRemoteEphemeralKey":"BTP19+SN+v5G60LFVsTPNslh1ewtEC4yjlVgI6Lv4ntO","previousCounter":0,"rootKey":"FeG9IbglT4r5fDMlihdxo+5b3n6kSMPs9mezy4Xneug="},"indexInfo":{"baseKey":"BaamUyu/QrbCWf/Q5Wx+NtB5kQhHw2XhR3ayaM+lDzsy","baseKeyType":1,"closed":-1,"used":1716074382159,"created":1716074382159,"remoteIdentityKey":"BRM/pv/aWz5ke/vLol9kRDWHDBskPuqiNuCjf9fgJwhv"},"_chains":{"BXzAEfOR4qWfBF1IZtotIct+NpY+/hv7TQW6Ctszi+NG":{"chainKey":{"counter":0,"key":"c5N0P5EY3y5sVmdPn6MQbME5rPjrBAiLou2JDVbNccE="},"chainType":1,"messageKeys":{}}},"pendingPreKey":{"signedKeyId":5,"baseKey":"BaamUyu/QrbCWf/Q5Wx+NtB5kQhHw2XhR3ayaM+lDzsy","preKeyId":12551832}}},"version":"v1"}