{"_sessions":{"BeM8LIUnA7VgxWtDkd7cdaTXZtVMusXMziDYIIwq7uAQ":{"registrationId":1015849333,"currentRatchet":{"ephemeralKeyPair":{"pubKey":"BQk+ksTFe43BilfiGls0n5fd5U+pcgF9pNnN/q/x1sUX","privKey":"mBtbaporXqWyhOJyIMN2hHUSbpyOBHGN8k8AYrV9OkY="},"lastRemoteEphemeralKey":"BTA4yHsyC9SFjPz/U3ZHp/M6w3QQ2iUiDJErGdqX0uYG","previousCounter":0,"rootKey":"qlYOS8yx0F3MHznZXBXdwWBin5etm30yyKIFS16UZhw="},"indexInfo":{"baseKey":"BeM8LIUnA7VgxWtDkd7cdaTXZtVMusXMziDYIIwq7uAQ","baseKeyType":1,"closed":-1,"used":1716074382428,"created":1716074382428,"remoteIdentityKey":"BVseI/88ySUF6H+/qaTQyciAGaYEkeESkO6J2SM2LVVK"},"_chains":{"BQk+ksTFe43BilfiGls0n5fd5U+pcgF9pNnN/q/x1sUX":{"chainKey":{"counter":0,"key":"ADnP6h+PMdChUQ9prh+g6dMOKVL10BIcgrXSbGn71go="},"chainType":1,"messageKeys":{}}},"pendingPreKey":{"signedKeyId":4,"baseKey":"BeM8LIUnA7VgxWtDkd7cdaTXZtVMusXMziDYIIwq7uAQ","preKeyId":3967687}}},"version":"v1"}