{"_sessions":{"Bd6VEPN5YmAu/+ySxKduV37le5IW8G9pheGnEhGxWS8Z":{"registrationId":2070888740,"currentRatchet":{"ephemeralKeyPair":{"pubKey":"BcyCY/bWrGmvqL1dcjgtAgTK/puK7Fqh1AcYfq0nehke","privKey":"KAImjuFVNEMcDUAnXV6E3GxWT3xDUkhRE7M0DaA5h3k="},"lastRemoteEphemeralKey":"BUU6xsH8UcgB2ROozfdu2zRRn37tHQMhciK41WV7nodH","previousCounter":0,"rootKey":"D0xejF36iVZ20lfivlEzJDabOHzcmKk4U29f54Z8anc="},"indexInfo":{"baseKey":"Bd6VEPN5YmAu/+ySxKduV37le5IW8G9pheGnEhGxWS8Z","baseKeyType":1,"closed":-1,"used":1716074382285,"created":1716074382285,"remoteIdentityKey":"BY0dyva2xHeBq+oeYO1nZb4azMOVYHB2RukhiHOO8dF+"},"_chains":{"BcyCY/bWrGmvqL1dcjgtAgTK/puK7Fqh1AcYfq0nehke":{"chainKey":{"counter":0,"key":"orpVEWBv5FHCbtThZ90zs6BMXyjGvHyYtFFCkrXi5YM="},"chainType":1,"messageKeys":{}}},"pendingPreKey":{"signedKeyId":6632888,"baseKey":"Bd6VEPN5YmAu/+ySxKduV37le5IW8G9pheGnEhGxWS8Z","preKeyId":1003}}},"version":"v1"}