{"_sessions":{"BXfD4aVwaZzPCb69pxX/Yn85wQlqTmvcNV3WtulHYPt8":{"registrationId":1729677115,"currentRatchet":{"ephemeralKeyPair":{"pubKey":"BWjPVS357WuuZFRLHwu5Y3FEG9uAgFn1SY0K9bdUt+8k","privKey":"EEPV5XebU9Z9St7dX6HpS3T2+PCkPD0tYZWYgbNn4mU="},"lastRemoteEphemeralKey":"BRrz/2AKh4Q7s1NjgTT2ji0MtQSW6Q++wJgL9kqOK8sm","previousCounter":0,"rootKey":"e8TDz1l9YLv/f4RTG96SArdyjt2BZSYH2c/M1KSR5mA="},"indexInfo":{"baseKey":"BXfD4aVwaZzPCb69pxX/Yn85wQlqTmvcNV3WtulHYPt8","baseKeyType":1,"closed":-1,"used":1716074382582,"created":1716074382582,"remoteIdentityKey":"BVLpnsqry2Lbn9WHwFaxOAzjgjMlsWXq064PXzxW/P42"},"_chains":{"BWjPVS357WuuZFRLHwu5Y3FEG9uAgFn1SY0K9bdUt+8k":{"chainKey":{"counter":0,"key":"/5hB1Pq3mrrg+Shqi5M/RBteCGNDF4m08+PD8U+Dj9M="},"chainType":1,"messageKeys":{}}},"pendingPreKey":{"signedKeyId":1,"baseKey":"BXfD4aVwaZzPCb69pxX/Yn85wQlqTmvcNV3WtulHYPt8","preKeyId":13430059}}},"version":"v1"}