{"_sessions":{"BRh4sjGxPXgNnCTC8E73TAdcXga9ARuMef40/vJdj49u":{"registrationId":268575534,"currentRatchet":{"ephemeralKeyPair":{"pubKey":"BVUSbxt5lKZ5MJj0fzvuBEj2BYFcDAGy0MOlFP2h8opU","privKey":"uJUrHcv8mudk91d3g3IsbRli0wX38hF4V2ivlss3n1o="},"lastRemoteEphemeralKey":"BW2W/rBw/iLR6FGJ5cIGcqNiizXqbfkE1z8uBRZMR0pG","previousCounter":0,"rootKey":"R57sqGF+cV52Ur8SdrqtZvTegpAp/is7L5Dn1rOTv44="},"indexInfo":{"baseKey":"BRh4sjGxPXgNnCTC8E73TAdcXga9ARuMef40/vJdj49u","baseKeyType":1,"closed":-1,"used":1716074382265,"created":1716074382265,"remoteIdentityKey":"Bah7YOhPbJLGe4jLTw+TAoA+sFR2Btz1jLrjS7JV/nJN"},"_chains":{"BVUSbxt5lKZ5MJj0fzvuBEj2BYFcDAGy0MOlFP2h8opU":{"chainKey":{"counter":0,"key":"xeCD85Oj76xDttjM0tPTs0yZtxNNgQ52wj7WVaho6ew="},"chainType":1,"messageKeys":{}}},"pendingPreKey":{"signedKeyId":4,"baseKey":"BRh4sjGxPXgNnCTC8E73TAdcXga9ARuMef40/vJdj49u","preKeyId":14422125}}},"version":"v1"}