{"_sessions":{"BeyNb10/sTdXUC+qH9bRShz3Q6OySloSBQQqVbWoIqht":{"registrationId":310507455,"currentRatchet":{"ephemeralKeyPair":{"pubKey":"BVfPzGrB3TYZuiCSG7K6msAnc7JEU2GFR/5CEiGYdKRw","privKey":"ELwqG20TX5C2x2Y5bVfaCpRE0tr0/1ApOlUUGmvopVw="},"lastRemoteEphemeralKey":"BTVCRsCOAlqL6vnLvQI7ftKQuU0/LB2V/LIOvqi4uzQ8","previousCounter":0,"rootKey":"0rVWrimQ1wpHFK+AERQnBKQdUiBAVbiLIF4DSKqFqnI="},"indexInfo":{"baseKey":"BeyNb10/sTdXUC+qH9bRShz3Q6OySloSBQQqVbWoIqht","baseKeyType":1,"closed":-1,"used":1716074381894,"created":1716074381894,"remoteIdentityKey":"BenUtsoIEt6A622sjfKJtgpZ44DV0M8HLZLuOhLPC10s"},"_chains":{"BVfPzGrB3TYZuiCSG7K6msAnc7JEU2GFR/5CEiGYdKRw":{"chainKey":{"counter":0,"key":"RRSxWdo92S9x0fcFyzDMWJtczzefAFpU1F0DCATr5+g="},"chainType":1,"messageKeys":{}}},"pendingPreKey":{"signedKeyId":0,"baseKey":"BeyNb10/sTdXUC+qH9bRShz3Q6OySloSBQQqVbWoIqht","preKeyId":14174424}}},"version":"v1"}