{"_sessions":{"BVZux9r6Yl3wNEFP2SNbxZk9G9KLBJJtTSiSR/fE+9sE":{"registrationId":10878,"currentRatchet":{"ephemeralKeyPair":{"pubKey":"BYxGIpl1biYSw4ayArbZ3QrLwuD5EjPdYDE2wyXRGMQK","privKey":"AGcz96revQ1di04tYwve0kydC0f36WYqFvflG3wO/kU="},"lastRemoteEphemeralKey":"BebvDm8BxKnXWET4v9uijsU0YocuQCRJS8viRXro/2p3","previousCounter":0,"rootKey":"1FjRyre6iWhIbMS1Py/enzQ8kC6eTzmeFLtGe00uoyQ="},"indexInfo":{"baseKey":"BVZux9r6Yl3wNEFP2SNbxZk9G9KLBJJtTSiSR/fE+9sE","baseKeyType":1,"closed":-1,"used":1716074381754,"created":1716074381754,"remoteIdentityKey":"BfIeqt3YSYiCdT8/3lQ4B1DBDFcojOR0y+tLFUXo+U06"},"_chains":{"BYxGIpl1biYSw4ayArbZ3QrLwuD5EjPdYDE2wyXRGMQK":{"chainKey":{"counter":0,"key":"b9XOeFJc3Fe1P2uEe1lyC5lx3ZFIhr91wcBcxxV49rg="},"chainType":1,"messageKeys":{}}},"pendingPreKey":{"signedKeyId":1,"baseKey":"BVZux9r6Yl3wNEFP2SNbxZk9G9KLBJJtTSiSR/fE+9sE"}}},"version":"v1"}