{"_sessions":{"Bbto0/F/tO5I9Euv+XZ6vk4LoZFBTXXEHaVhUCOpHnQ0":{"registrationId":1294472092,"currentRatchet":{"ephemeralKeyPair":{"pubKey":"BcR3j46ruWjQLFQsTLNbt6dRsNa76kOqcYEzEEX5BUt8","privKey":"aAgPcAXW3CkY1NdGE8shmmGeMDrQeDvHqWSdZt1V33w="},"lastRemoteEphemeralKey":"BUkjP44Pp+flSsJm/u8+uhn8E2vmfCZ6tYEaz7HE78Yn","previousCounter":0,"rootKey":"DtUoiLVqxzFtbx7eOCwMD5tJFmKTzvhyN35OormXTfU="},"indexInfo":{"baseKey":"Bbto0/F/tO5I9Euv+XZ6vk4LoZFBTXXEHaVhUCOpHnQ0","baseKeyType":1,"closed":-1,"used":1716074382346,"created":1716074382346,"remoteIdentityKey":"BYh58LozlEtC3JvqPqEkmorKZtU/VqGVOkafI0axyV1T"},"_chains":{"BcR3j46ruWjQLFQsTLNbt6dRsNa76kOqcYEzEEX5BUt8":{"chainKey":{"counter":0,"key":"x8eCXIt6NDIMebNXWBo2CRye6fZeWF1G/nmnzDyh9rg="},"chainType":1,"messageKeys":{}}},"pendingPreKey":{"signedKeyId":10,"baseKey":"Bbto0/F/tO5I9Euv+XZ6vk4LoZFBTXXEHaVhUCOpHnQ0","preKeyId":11208467}}},"version":"v1"}