{"_sessions":{"BQcVq5bm5TJxU3n7VbNGLyp1MP+9E3bhSRWT+8hU2Vwk":{"registrationId":140297890,"currentRatchet":{"ephemeralKeyPair":{"pubKey":"BRaT+tYztbnu2qUz8yEMk7SHLtGKSnHfmbMpZs2L5PV2","privKey":"6NrjZQwyP8ucA708w9CmsHyW0w1g8CZgCfQH33hivk8="},"lastRemoteEphemeralKey":"BduYVi46VLCQOu9uURjxMdYeDqn4rj7QLytJRStWzoFT","previousCounter":0,"rootKey":"YPb4jY3x9khXoywCDoHYqUlem6ZZ1yDHTxdgIPXxwDE="},"indexInfo":{"baseKey":"BQcVq5bm5TJxU3n7VbNGLyp1MP+9E3bhSRWT+8hU2Vwk","baseKeyType":1,"closed":-1,"used":1716074382541,"created":1716074382541,"remoteIdentityKey":"BdOUb2XS3qKTETg3qKzW1TPXVMCIKk5N5TrnjUWfzPIk"},"_chains":{"BRaT+tYztbnu2qUz8yEMk7SHLtGKSnHfmbMpZs2L5PV2":{"chainKey":{"counter":0,"key":"mrj7DGBUcffWOUI/6oid/12ML/FTIQmBS4ECoYjSr+A="},"chainType":1,"messageKeys":{}}},"pendingPreKey":{"signedKeyId":1,"baseKey":"BQcVq5bm5TJxU3n7VbNGLyp1MP+9E3bhSRWT+8hU2Vwk","preKeyId":6040528}}},"version":"v1"}