{"_sessions":{"BfJRtzR338ItZ2ZcUvo2G7EQPSrC/YR5r4gXtXoFmHti":{"registrationId":22054528,"currentRatchet":{"ephemeralKeyPair":{"pubKey":"BZ8C8vC9Yqh9GJ3LHev5ZaKsbsnsX+xuvt4/CeetCGxn","privKey":"IB/ir3WSWP4PyeVuqBOauZkuvzUm73jNInLf+uMcW3E="},"lastRemoteEphemeralKey":"BfEJDah9vPuA+kBtU+bBrhlY6I+34wf4OU6ZqUqfim1j","previousCounter":0,"rootKey":"frgCTJkSXcq9SUFkGWcPcy4cJodRGalt4sMNxGW3Sow="},"indexInfo":{"baseKey":"BfJRtzR338ItZ2ZcUvo2G7EQPSrC/YR5r4gXtXoFmHti","baseKeyType":1,"closed":-1,"used":1716074382611,"created":1716074382611,"remoteIdentityKey":"BYzEDjq6Itd7Neux7teHk6VBEOqb/k5eEbAbkdDMYjZy"},"_chains":{"BZ8C8vC9Yqh9GJ3LHev5ZaKsbsnsX+xuvt4/CeetCGxn":{"chainKey":{"counter":0,"key":"dXiB3/dGRV/0Ma7OUNC/0mthogugthrJLWg6LHhMFd0="},"chainType":1,"messageKeys":{}}},"pendingPreKey":{"signedKeyId":0,"baseKey":"BfJRtzR338ItZ2ZcUvo2G7EQPSrC/YR5r4gXtXoFmHti","preKeyId":3640745}}},"version":"v1"}