{"_sessions":{"BbKu9oIBCaj97kyzWeuA8l+ImGF7IuWzZN1AZzmJvgcR":{"registrationId":1612690016,"currentRatchet":{"ephemeralKeyPair":{"pubKey":"BXvRRCgdSKIJmYnFnt7AMDXM3hIJYt0jYoc6gTBBKUhO","privKey":"mCIIu8SOkQuVd+SQhXdfLUu/gRpds/BEgwVCUHoeP3w="},"lastRemoteEphemeralKey":"BRupNV0dV4hXVs1Sl+JjSx9gAAroznZjUveRmEE2SxNo","previousCounter":0,"rootKey":"zNLbwCBUyVM77WLBCd1U4w32sr1DGssTJotI+cnSNYE="},"indexInfo":{"baseKey":"BbKu9oIBCaj97kyzWeuA8l+ImGF7IuWzZN1AZzmJvgcR","baseKeyType":1,"closed":-1,"used":1716074382972,"created":1716074382972,"remoteIdentityKey":"BbWJBgHyMRmra4AnV0zKs6SgCPh7E7DAbWK+nMurAe8b"},"_chains":{"BXvRRCgdSKIJmYnFnt7AMDXM3hIJYt0jYoc6gTBBKUhO":{"chainKey":{"counter":0,"key":"aCdsFJG3qjGb2jHoLuHELv1ziYGpDvTqEntZ7h+r7pw="},"chainType":1,"messageKeys":{}}},"pendingPreKey":{"signedKeyId":0,"baseKey":"BbKu9oIBCaj97kyzWeuA8l+ImGF7IuWzZN1AZzmJvgcR","preKeyId":12530471}}},"version":"v1"}