{"_sessions":{"BQ8HHTAbkL08FjWVoM69FuwdAVwASbPFH0PP2YeCDgsH":{"registrationId":74746574,"currentRatchet":{"ephemeralKeyPair":{"pubKey":"BfvmOHmN/vm+pCTcHsJTE9eOpTYTyIfkReGqT0SQFG5t","privKey":"MFJfGasi/wXlh79exzDzaEZWouDsJJS402zIKCo9OVo="},"lastRemoteEphemeralKey":"BdZTSJxzKEbx655gYLlkaYs8dLdER++Z/op/Q6JaLgUx","previousCounter":0,"rootKey":"Cle3/pGFLYMCP2U4kZER5I4S+GqGmH1M+StXfGsphoA="},"indexInfo":{"baseKey":"BQ8HHTAbkL08FjWVoM69FuwdAVwASbPFH0PP2YeCDgsH","baseKeyType":1,"closed":-1,"used":1716074382306,"created":1716074382306,"remoteIdentityKey":"BYJeN4C1X6NhTCdvGV5lAKApr5Sz2tPIh4Fb8hAeKZA0"},"_chains":{"BfvmOHmN/vm+pCTcHsJTE9eOpTYTyIfkReGqT0SQFG5t":{"chainKey":{"counter":0,"key":"cLBtUvS1f+WQQ5I1QBy/MGrMoV+HSBSWX3Yr/EuOBgI="},"chainType":1,"messageKeys":{}}},"pendingPreKey":{"signedKeyId":1,"baseKey":"BQ8HHTAbkL08FjWVoM69FuwdAVwASbPFH0PP2YeCDgsH","preKeyId":2150277}}},"version":"v1"}