{"_sessions":{"BTY/xamCuyaWJDQd0Ey7+aayf4vRtY0wWTJfWgOrGJRf":{"registrationId":1305511104,"currentRatchet":{"ephemeralKeyPair":{"pubKey":"BeAZIQxoFtOxW375F2UzM74iZPyHYpTc2Ge/CnRaaTBo","privKey":"QKsjgPn0Am0LynqGBEu0QV1O5xOgMlM0NzzBfreDFUo="},"lastRemoteEphemeralKey":"BRBDeP1pId8mnjqWCB9zFBXbu7hCXC8mQWrdtezAHjco","previousCounter":0,"rootKey":"zBCXL9xm9VrikLNLERPAKYrofg8bxjLiJaM+4F9Ufkc="},"indexInfo":{"baseKey":"BTY/xamCuyaWJDQd0Ey7+aayf4vRtY0wWTJfWgOrGJRf","baseKeyType":1,"closed":-1,"used":1716074381815,"created":1716074381815,"remoteIdentityKey":"BQyztI8Za1YYmWGoob3xCfAD/5f8+zLP9eEqZlwjko57"},"_chains":{"BeAZIQxoFtOxW375F2UzM74iZPyHYpTc2Ge/CnRaaTBo":{"chainKey":{"counter":0,"key":"nsrUtuFTMv13LfPcPQAzIVE5I8oooDhLaZDKUir3GTw="},"chainType":1,"messageKeys":{}}},"pendingPreKey":{"signedKeyId":0,"baseKey":"BTY/xamCuyaWJDQd0Ey7+aayf4vRtY0wWTJfWgOrGJRf","preKeyId":2287609}}},"version":"v1"}