{"_sessions":{"Bdj4bgx0opvV87GwS/MoLsqKZ4THIsqTLieePww+BMUX":{"registrationId":772943113,"currentRatchet":{"ephemeralKeyPair":{"pubKey":"BWz2zo1gUFkk0SgvwhuZeu6XWK0t5aXgWvXU/hRocjoJ","privKey":"eCXnwihTStK7vzbUbRc6pNBCJaUWftgAvrHULrs9S1I="},"lastRemoteEphemeralKey":"BdFYOSMWgZGiFqeDpRDkHylkbv0I4pm4qcW0zFSbryZb","previousCounter":0,"rootKey":"oONpvJJCP7C0sslTBdXalPiv3U0e2FVmayQBDc8a/BQ="},"indexInfo":{"baseKey":"Bdj4bgx0opvV87GwS/MoLsqKZ4THIsqTLieePww+BMUX","baseKeyType":1,"closed":-1,"used":1716074382195,"created":1716074382195,"remoteIdentityKey":"BRcarBgfFUcRwIP42z59nIxaKcBmiuhq7DOPsEdRGB5y"},"_chains":{"BWz2zo1gUFkk0SgvwhuZeu6XWK0t5aXgWvXU/hRocjoJ":{"chainKey":{"counter":0,"key":"9Li/dtiuW3SddyTpxOeEGtzcY3tFoIH0nyk6SS+vFrs="},"chainType":1,"messageKeys":{}}},"pendingPreKey":{"signedKeyId":14174890,"baseKey":"Bdj4bgx0opvV87GwS/MoLsqKZ4THIsqTLieePww+BMUX","preKeyId":19346}}},"version":"v1"}