{"_sessions":{"Bf+kjpvkPzAYyvSAgv2A0SS50Dz9FfjuLI5Aw3VLo/QW":{"registrationId":132679040,"currentRatchet":{"ephemeralKeyPair":{"pubKey":"BTBIxExN0Dq93EdojRXEUmErMg72H9/77o9ByJ/B/FxF","privKey":"MBDTVQVgg7H4E1yYGsSqOy6Li+R7dF7NWq9/EctBpVk="},"lastRemoteEphemeralKey":"Bfssp3lD7vwpNrdCYbxCsM+/sJONo7WPPv2D4jZ2e2M3","previousCounter":0,"rootKey":"40t5WNzrxajQon8WiSQTr3MEEb8w6pio6OaM2ZIlZeg="},"indexInfo":{"baseKey":"Bf+kjpvkPzAYyvSAgv2A0SS50Dz9FfjuLI5Aw3VLo/QW","baseKeyType":1,"closed":-1,"used":1716074382797,"created":1716074382797,"remoteIdentityKey":"BTuWIdpGo60J2S5QAj2PXq3fw0ckOy4IkyPu8RWK76dk"},"_chains":{"BTBIxExN0Dq93EdojRXEUmErMg72H9/77o9ByJ/B/FxF":{"chainKey":{"counter":0,"key":"XovRVqykIAaYOc0oCPPQM1JCVp4LkLa5ENa7Y8Mmkg0="},"chainType":1,"messageKeys":{}}},"pendingPreKey":{"signedKeyId":0,"baseKey":"Bf+kjpvkPzAYyvSAgv2A0SS50Dz9FfjuLI5Aw3VLo/QW","preKeyId":4408324}}},"version":"v1"}