{"_sessions":{"BTGqm+mR9ZUSyK7O9M8rCcQJOAQsUInMjXBwDVGwt7sq":{"registrationId":1220122314,"currentRatchet":{"ephemeralKeyPair":{"pubKey":"Badkf0Lqwc/WGHvtsHHW0UPOH3v0bpBJ74B/z/1Ax+No","privKey":"mNBN0WP+sedHjvo/HFsGXe6DgqzwalMjkysVDyNbVVg="},"lastRemoteEphemeralKey":"BdD50w0SSPvyIg49dtGm24U+VCk8Pdt2HxXywDdrXCJo","previousCounter":0,"rootKey":"phJtyxLcVb9h67Rg1cY0dXaL/nGX13Tl/qGHn5vy57E="},"indexInfo":{"baseKey":"BTGqm+mR9ZUSyK7O9M8rCcQJOAQsUInMjXBwDVGwt7sq","baseKeyType":1,"closed":-1,"used":1716074382402,"created":1716074382402,"remoteIdentityKey":"Be3s5TcvgZd2ZB/cFovZ3iVnM5/OqEQOdF+WZ+qDIlNK"},"_chains":{"Badkf0Lqwc/WGHvtsHHW0UPOH3v0bpBJ74B/z/1Ax+No":{"chainKey":{"counter":0,"key":"6pYMGMlIY9RDWIDOc2CTvq5ePUs3kAgviwUNiHZ2e1E="},"chainType":1,"messageKeys":{}}},"pendingPreKey":{"signedKeyId":14,"baseKey":"BTGqm+mR9ZUSyK7O9M8rCcQJOAQsUInMjXBwDVGwt7sq","preKeyId":3489722}}},"version":"v1"}