{"_sessions":{"BV314aMUsK63zrNXrowVyCWLnrokJ+oz2t1CFTdhTps6":{"registrationId":941401098,"currentRatchet":{"ephemeralKeyPair":{"pubKey":"BXU6efmLotERLxvoj9Xp3qPTvE6vLtCOBXicwpB9nSg1","privKey":"kCreSdoylLMtUPyG5ZtXZnq6v0y7ef03R0VbBYjq9lg="},"lastRemoteEphemeralKey":"BZOSlkGHFZ201xBnnpba5+N6o+5g5T1hVIX3wS3o6kkm","previousCounter":0,"rootKey":"kPnP++vlr/FkI66OI6VeO6RhFlfscDNvloEDN6JC2YM="},"indexInfo":{"baseKey":"BV314aMUsK63zrNXrowVyCWLnrokJ+oz2t1CFTdhTps6","baseKeyType":1,"closed":-1,"used":1716074382175,"created":1716074382175,"remoteIdentityKey":"BQLC3ZpM+ai2Z1IgeJ+JfJGrOXxVBfofKBEiCyNshJxc"},"_chains":{"BXU6efmLotERLxvoj9Xp3qPTvE6vLtCOBXicwpB9nSg1":{"chainKey":{"counter":0,"key":"grf6oH8rj+CjIuFPvZLqpYfzkIfvdWjcn83peWtvAas="},"chainType":1,"messageKeys":{}}},"pendingPreKey":{"signedKeyId":6,"baseKey":"BV314aMUsK63zrNXrowVyCWLnrokJ+oz2t1CFTdhTps6","preKeyId":11169095}}},"version":"v1"}