{"_sessions":{"Bfy+wlgkVQ6EPgJ6tPunMHQhi1sYGv4/X8KigecxyM4E":{"registrationId":1427261947,"currentRatchet":{"ephemeralKeyPair":{"pubKey":"BQmOITJ56AHuhXaiHJ5zp/PCXKI8N1rCgxWWhkLzK8pQ","privKey":"IBTXkXA7qODOXw1IhKTv5r3az/2cChgJNPj2NgKteFo="},"lastRemoteEphemeralKey":"Bcc3spM2HqE9Al1Z5ReLdPUhhFBHURUIagL5Ey1YNaAr","previousCounter":0,"rootKey":"JIHP860xtsgfRIhiV2A7Yo0B2Cc1I7gvgPmEYlLdQKk="},"indexInfo":{"baseKey":"Bfy+wlgkVQ6EPgJ6tPunMHQhi1sYGv4/X8KigecxyM4E","baseKeyType":1,"closed":-1,"used":1716074382295,"created":1716074382295,"remoteIdentityKey":"BS/JhyvSy3sav/AMFq7uVWztreHcdzI1vQgLWxnoTa95"},"_chains":{"BQmOITJ56AHuhXaiHJ5zp/PCXKI8N1rCgxWWhkLzK8pQ":{"chainKey":{"counter":0,"key":"fEE2DloJAzyhAuU4lbnto9u0j0KBht2Wq2rvhWZDe1I="},"chainType":1,"messageKeys":{}}},"pendingPreKey":{"signedKeyId":21,"baseKey":"Bfy+wlgkVQ6EPgJ6tPunMHQhi1sYGv4/X8KigecxyM4E","preKeyId":3976787}}},"version":"v1"}