{"_sessions":{"Bf7YA8WS/1jbHJeR57m8ZTsUAvgfzTjH9hDWkf9J6e9k":{"registrationId":647399090,"currentRatchet":{"ephemeralKeyPair":{"pubKey":"BSib8AefPHZFQCM3U28Avh/qUMDN0eQcG00v4BohsgBx","privKey":"eDOqxOoBT9j2Pf4gMravG8eIlQFHSx3mnw92XOWYFlg="},"lastRemoteEphemeralKey":"BUU/bjb6vAcog+zhQ2N6d1uMeeR2GsSJxMtN1QVgXXM+","previousCounter":0,"rootKey":"YNwye19eVo57mpMkt8kte/QDJWF/3/dmmuTs0V5D+Cw="},"indexInfo":{"baseKey":"Bf7YA8WS/1jbHJeR57m8ZTsUAvgfzTjH9hDWkf9J6e9k","baseKeyType":1,"closed":-1,"used":1716074382568,"created":1716074382568,"remoteIdentityKey":"BfsONr9RlRw5aHZbn7YiGU1YCfcvPmmJi4Zy+Hi2q5pk"},"_chains":{"BSib8AefPHZFQCM3U28Avh/qUMDN0eQcG00v4BohsgBx":{"chainKey":{"counter":0,"key":"PnUG8rqShunsVE2lX843vIjhCPRSrlgJDQPWu+k1nC4="},"chainType":1,"messageKeys":{}}},"pendingPreKey":{"signedKeyId":1,"baseKey":"Bf7YA8WS/1jbHJeR57m8ZTsUAvgfzTjH9hDWkf9J6e9k"}}},"version":"v1"}