{"_sessions":{"BU9mwV9Wd/+NaQ5sP5kzjH/5LL15TI3XI3W1D6kEBr9I":{"registrationId":1796749582,"currentRatchet":{"ephemeralKeyPair":{"pubKey":"BeVo6/1taEsXm/OER0lo70xJkS5qm06KEQSEXZvf0bFp","privKey":"yFJbJZzRo1lvuj9atgugHQaXnv1iEP9qzrOa2LOciHY="},"lastRemoteEphemeralKey":"BT98N8I6Eyg5epYQxpj+ErBR1t5RcLIPQirQFAm4Nrpa","previousCounter":0,"rootKey":"7lcmMASMmt+L/CdDx8J3eSZDb6rr5Km/aPIOA4/KE6o="},"indexInfo":{"baseKey":"BU9mwV9Wd/+NaQ5sP5kzjH/5LL15TI3XI3W1D6kEBr9I","baseKeyType":1,"closed":-1,"used":1716074382693,"created":1716074382693,"remoteIdentityKey":"BWHHrdd1G+0kGOgSX4fSiDpHluhpqhIZkUYm+aJjdikZ"},"_chains":{"BeVo6/1taEsXm/OER0lo70xJkS5qm06KEQSEXZvf0bFp":{"chainKey":{"counter":0,"key":"xeNktDc57/cNYfuehaSH8rwyoIFwrU3YSIp1S0MwVW0="},"chainType":1,"messageKeys":{}}},"pendingPreKey":{"signedKeyId":17,"baseKey":"BU9mwV9Wd/+NaQ5sP5kzjH/5LL15TI3XI3W1D6kEBr9I","preKeyId":15080189}}},"version":"v1"}