{"_sessions":{"BfvCMXTEroCTUzfepEkbQDaQVmA02OI7gtLIrSX4oLRf":{"registrationId":148854001,"currentRatchet":{"ephemeralKeyPair":{"pubKey":"Bd2Qi71sBatWGIjJntHYNZH8I2Uq1gn1gWg5xZtHwXh7","privKey":"0GssJeUrXubKbv5hEVCmYWH+nMbCKkJedxTtWiQGVXI="},"lastRemoteEphemeralKey":"BblJg6AwgIJsjA7Vq3j7zenycioOx49PpN2DckYjyZJz","previousCounter":0,"rootKey":"n7L/63A+4i8dwnEmm5ACTg3L4ssHF5iPhHdCxtiO3o0="},"indexInfo":{"baseKey":"BfvCMXTEroCTUzfepEkbQDaQVmA02OI7gtLIrSX4oLRf","baseKeyType":1,"closed":-1,"used":1716074382775,"created":1716074382775,"remoteIdentityKey":"BeFyysMnpxg4JWGwaVsnbS64mK+nWobZwI0fw6s5z1Vu"},"_chains":{"Bd2Qi71sBatWGIjJntHYNZH8I2Uq1gn1gWg5xZtHwXh7":{"chainKey":{"counter":0,"key":"Y8uFiBdtvSMhZ1zTzORjE5tOM0xuVRZ9NhYo8W0FY5g="},"chainType":1,"messageKeys":{}}},"pendingPreKey":{"signedKeyId":1,"baseKey":"BfvCMXTEroCTUzfepEkbQDaQVmA02OI7gtLIrSX4oLRf","preKeyId":9205394}}},"version":"v1"}