{"_sessions":{"BVlL+3x9kGtbzv4deggGMo7CqsN1OUsWMgWVeAOjR4Bb":{"registrationId":932345855,"currentRatchet":{"ephemeralKeyPair":{"pubKey":"BZsMnBcDu2IOyJMLa6VIIAb0fP24jN+zyM4dHgi7lhEP","privKey":"mGxavL7gA/JJB3Uqn6hwjUdeXMyqOPdSD4O8McszW1c="},"lastRemoteEphemeralKey":"BSchWCqtLH7rGg4+hR0EpcYMI9w/udaglphVhr0NO9Mf","previousCounter":0,"rootKey":"KZ0mLCxYSTTfWwZqq3Ud3aIJvgK7KAlLS1GADDZWo4g="},"indexInfo":{"baseKey":"BVlL+3x9kGtbzv4deggGMo7CqsN1OUsWMgWVeAOjR4Bb","baseKeyType":2,"closed":-1,"used":1713914516459,"created":1713912678067,"remoteIdentityKey":"BaX91ejv9uvaMFMxMegEQw2RbP/WcQc4h63Fhu2ENYwl"},"_chains":{"BWDqjFgEEKJtrHeV0pT3V+d5W1XmCjpNPSUisrLXTe0i":{"chainKey":{"counter":1},"chainType":2,"messageKeys":{}},"BbUTSvaoE5WHHofREt9FFj5AaJA5Ls6QOoyUqBGVohZp":{"chainKey":{"counter":7},"chainType":2,"messageKeys":{}},"BcxoPzi/52ngzBbF+RLGorYzDI6yGXMtdqI70hOnmZRO":{"chainKey":{"counter":2},"chainType":2,"messageKeys":{}},"BSchWCqtLH7rGg4+hR0EpcYMI9w/udaglphVhr0NO9Mf":{"chainKey":{"counter":6,"key":"VRn6MT9UYBlOXGoNQO72HYiOxUUw5YmqNKHBmz92Cfw="},"chainType":2,"messageKeys":{}},"BZsMnBcDu2IOyJMLa6VIIAb0fP24jN+zyM4dHgi7lhEP":{"chainKey":{"counter":-1,"key":"NXRFOtUWiyL+LxpXkFoIADJDJf+f/Dps538uHBa8wVM="},"chainType":1,"messageKeys":{}}}}},"version":"v1"}