{"_sessions":{"BT4oT3sTi8EbsTbCGreFklKzsaokyww/VaqoKn0AuAhg":{"registrationId":1955902536,"currentRatchet":{"ephemeralKeyPair":{"pubKey":"BRxwXsjYshEY6gTyDtOB8K4ww6jspfPKcLuBgyYZW6wC","privKey":"8NxHPR5nbDey+uY1tlzxqziTC1hXWM1G/x2N619iWmU="},"lastRemoteEphemeralKey":"Bci1mhONEuQ9LroDtcXCGSwF+UyeFJ7mksgqg2+3Oi51","previousCounter":0,"rootKey":"peRX0s+1NJFAOXU/wG3lqsqf1S7QhC8UhBtNTCbOspQ="},"indexInfo":{"baseKey":"BT4oT3sTi8EbsTbCGreFklKzsaokyww/VaqoKn0AuAhg","baseKeyType":1,"closed":-1,"used":1716074382733,"created":1716074382733,"remoteIdentityKey":"Bf0Ad4UO4Gno2yp/pk0Kdge9BvWP5vOMT2rF9GhonY0Y"},"_chains":{"BRxwXsjYshEY6gTyDtOB8K4ww6jspfPKcLuBgyYZW6wC":{"chainKey":{"counter":0,"key":"pH83IUWmrFWE8ds0TGatfmeMGXcp2Aj8cPYr32fG8Lg="},"chainType":1,"messageKeys":{}}},"pendingPreKey":{"signedKeyId":3,"baseKey":"BT4oT3sTi8EbsTbCGreFklKzsaokyww/VaqoKn0AuAhg","preKeyId":6520261}}},"version":"v1"}