{"_sessions":{"Bb+iRSslGTQSDij7V4p4Jtv63vRsVI1I5OdOaYBYzMMY":{"registrationId":591052279,"currentRatchet":{"ephemeralKeyPair":{"pubKey":"BeYRa34S+JAJPcS01tJW+tH4bUhLKJpaJ3ZReMnGzXF/","privKey":"mHAN04LE+yFuZw8hFjt2RiYRV/ZyPaP+Pvs4D3IPg2U="},"lastRemoteEphemeralKey":"BWGF71ydhH6ilLZWi9oRgZl4I8Ykt0vgprP05KY3SPII","previousCounter":0,"rootKey":"mRWCLHOCZuyiEnEooBzmWZYupV0UrIE58tKVIsAdr+k="},"indexInfo":{"baseKey":"Bb+iRSslGTQSDij7V4p4Jtv63vRsVI1I5OdOaYBYzMMY","baseKeyType":1,"closed":-1,"used":1716074383010,"created":1716074383010,"remoteIdentityKey":"BdDKNjPvhvdGOOpTkDn/qB67O4bXuUoGeTIi4YCZqvgm"},"_chains":{"BeYRa34S+JAJPcS01tJW+tH4bUhLKJpaJ3ZReMnGzXF/":{"chainKey":{"counter":0,"key":"ap4Xc+rgCvNpDrSIetdcPyvPKE43afol2kpl/w20joc="},"chainType":1,"messageKeys":{}}},"pendingPreKey":{"signedKeyId":4,"baseKey":"Bb+iRSslGTQSDij7V4p4Jtv63vRsVI1I5OdOaYBYzMMY","preKeyId":2440905}}},"version":"v1"}