{"_sessions":{"BQD18zDHVIgOlxpjV3A11em9k2F0POwvlhMY3UK/eQxD":{"registrationId":1922704272,"currentRatchet":{"ephemeralKeyPair":{"pubKey":"Bb3Pv+w5IjrWVmDplDpUCfvxAsS4BnNWtdncJcNIZ1Iz","privKey":"cCPKuboMLj8rx/eMP3+HMpZ3RuzQlxTKhvKjUa7mOnU="},"lastRemoteEphemeralKey":"BYxCgAejocBZnYx9I+TLayWIcOYdAyN3IiOmae40/ug0","previousCounter":0,"rootKey":"kHsnvNfPBkGORRwinLE7Yu3LQSdjqCaN573hYWh5N4w="},"indexInfo":{"baseKey":"BQD18zDHVIgOlxpjV3A11em9k2F0POwvlhMY3UK/eQxD","baseKeyType":1,"closed":-1,"used":1716074382303,"created":1716074382303,"remoteIdentityKey":"BTJ8d5tPfWzOVAbarXvrdaBbhXeOZsejA5ht64tiY2F7"},"_chains":{"Bb3Pv+w5IjrWVmDplDpUCfvxAsS4BnNWtdncJcNIZ1Iz":{"chainKey":{"counter":0,"key":"pV5jVpm5l52F/WbfJ1rX9REIp5pb7Ob7TPfYsjtSNdE="},"chainType":1,"messageKeys":{}}},"pendingPreKey":{"signedKeyId":19,"baseKey":"BQD18zDHVIgOlxpjV3A11em9k2F0POwvlhMY3UK/eQxD"}}},"version":"v1"}