{"_sessions":{"BZqUWfSK1XPpULHUFaCcHpj2nnfhrWCT+OxTBdcCL0RT":{"registrationId":1269484678,"currentRatchet":{"ephemeralKeyPair":{"pubKey":"BZgkyli9OQYA3iQDm+YiaWk97P/SvQ54j+dI2A9PzEhe","privKey":"gPKxOiTzfBxxG8ULMhOmYu9r3NcIQUnr58mabi4+hmU="},"lastRemoteEphemeralKey":"BZhUWWSJW53jdrQRDtg8LWlOOhWPNcCHD34lLRglOqFs","previousCounter":0,"rootKey":"Vzq2XycTqHY1UuOdxnAUCB6jbxQ6zi9lW2tZHTDBLjI="},"indexInfo":{"baseKey":"BZqUWfSK1XPpULHUFaCcHpj2nnfhrWCT+OxTBdcCL0RT","baseKeyType":1,"closed":-1,"used":1716074382975,"created":1716074382975,"remoteIdentityKey":"BYJ2xoC3mZRnKOR2emwPVWI1v5RNQ7L+kQmcCtixZs0w"},"_chains":{"BZgkyli9OQYA3iQDm+YiaWk97P/SvQ54j+dI2A9PzEhe":{"chainKey":{"counter":0,"key":"8nF/xQCPyMH1/1C3yDubkq2z4SfgPux5+lvq2EHNWuQ="},"chainType":1,"messageKeys":{}}},"pendingPreKey":{"signedKeyId":1,"baseKey":"BZqUWfSK1XPpULHUFaCcHpj2nnfhrWCT+OxTBdcCL0RT","preKeyId":1159824}}},"version":"v1"}