{"_sessions":{"BRWPfOOnvYqimPwAPbwblln6AbJxt0wyiHV47KGZmiZh":{"registrationId":315779627,"currentRatchet":{"ephemeralKeyPair":{"pubKey":"BYtwd8kVfsd3c03yiJnLkVxz7u7XTZjnPK4K1rBLS0c1","privKey":"iLpKvAtNnb/yCftPSyImTYlA3B5S+atc+HdCUiI12HY="},"lastRemoteEphemeralKey":"BeX7yBhthL13f0krszGqgQ8B5POyia2/TgJ1IeXMmvNF","previousCounter":0,"rootKey":"CJLEQGVWJ7jekaQHs6XcSWT6ZAp3z1wcwHdEUjpL47M="},"indexInfo":{"baseKey":"BRWPfOOnvYqimPwAPbwblln6AbJxt0wyiHV47KGZmiZh","baseKeyType":1,"closed":-1,"used":1716074381924,"created":1716074381924,"remoteIdentityKey":"BbwQqB2vas2N9/Qs3hEs/eDrEDkbaiV0qzITpjf4losU"},"_chains":{"BYtwd8kVfsd3c03yiJnLkVxz7u7XTZjnPK4K1rBLS0c1":{"chainKey":{"counter":0,"key":"twi9AOpqjTmyzYak2YlWBxb8w/DcbvJwbZUpT08CY3g="},"chainType":1,"messageKeys":{}}},"pendingPreKey":{"signedKeyId":1,"baseKey":"BRWPfOOnvYqimPwAPbwblln6AbJxt0wyiHV47KGZmiZh"}}},"version":"v1"}