{"_sessions":{"BXwCkiOMsJy+p6C90nWmFAonhwf452GwkuRd37wk459x":{"registrationId":1716173462,"currentRatchet":{"ephemeralKeyPair":{"pubKey":"BdOfVIdiKAb18Rr731yVCFlXV2YbKtwLuhAFB5Ekfswg","privKey":"EGndmuyBL3DT3uWc38nUPvkvBCMBdUIRDtD3cgR0vUo="},"lastRemoteEphemeralKey":"BRLFAj5AIUxLiCribQTlgaupDKercJjhXNMA5f6Joa0S","previousCounter":0,"rootKey":"9ahZ/pHT1hFmlC/YyQR/z7XnSl2xYbpFoOCLo1PtMoM="},"indexInfo":{"baseKey":"BXwCkiOMsJy+p6C90nWmFAonhwf452GwkuRd37wk459x","baseKeyType":1,"closed":-1,"used":1716074382435,"created":1716074382435,"remoteIdentityKey":"BS1SINrBtiI57w6MFm96HjmLZRO82JCHN6u8MwCDSRsR"},"_chains":{"BdOfVIdiKAb18Rr731yVCFlXV2YbKtwLuhAFB5Ekfswg":{"chainKey":{"counter":0,"key":"FolsRADw+4jJGM18WDgwLBaQMi0tAQNxbebEfGKC9eM="},"chainType":1,"messageKeys":{}}},"pendingPreKey":{"signedKeyId":5,"baseKey":"BXwCkiOMsJy+p6C90nWmFAonhwf452GwkuRd37wk459x","preKeyId":7719289}}},"version":"v1"}