{"_sessions":{"BeBWOM2kO9JjEWJDIgxDfU7fh12Ch94VCPI9+Q8rl/ou":{"registrationId":1991183953,"currentRatchet":{"ephemeralKeyPair":{"pubKey":"BWtmmWeVKGkJ0wEEzpknqkrcIHE9X45WULdEj+pWzMZ4","privKey":"uMpvo18+rGBU8tfTthq3CLkPnPBjkOhyCNvuuZy4QXU="},"lastRemoteEphemeralKey":"BT1ewxyLfhMUxx+lMDqHht1vOx2J1pLPRzi8AUWhzhRl","previousCounter":0,"rootKey":"ZlBFmwyYHl4NgEArY8FN485yHVDuLGvT/iMLsargRK0="},"indexInfo":{"baseKey":"BeBWOM2kO9JjEWJDIgxDfU7fh12Ch94VCPI9+Q8rl/ou","baseKeyType":1,"closed":-1,"used":1716074382242,"created":1716074382242,"remoteIdentityKey":"BeFvL1OAdT/xqDT4LjizkGi+A3vBWazRmc/4uKuEhfdw"},"_chains":{"BWtmmWeVKGkJ0wEEzpknqkrcIHE9X45WULdEj+pWzMZ4":{"chainKey":{"counter":0,"key":"VsUL81+ZvhvpVPl05zHXh3KAxkFaoyD8vv9svnDkQaU="},"chainType":1,"messageKeys":{}}},"pendingPreKey":{"signedKeyId":3,"baseKey":"BeBWOM2kO9JjEWJDIgxDfU7fh12Ch94VCPI9+Q8rl/ou","preKeyId":91356}}},"version":"v1"}