{"_sessions":{"Bf2PAEJM/GiO0vCqoujwVyU00jBX71JuThNdiwc0QUV8":{"registrationId":1505303349,"currentRatchet":{"ephemeralKeyPair":{"pubKey":"Bdu/3VzbFJoMMiSYphlkDMYKilBRGV0qVaftHpj0+5p5","privKey":"cCaii2Kepi4LH7ioELta2P8+Ey/2rKurZ3Z+7nMzCE8="},"lastRemoteEphemeralKey":"BWGo+s0hXLjN8D2+jdwBErThB/EN2SRH6GzlC+uvrvdL","previousCounter":0,"rootKey":"lOmnWohgW8+q2VvW7OI9IsSKIwUYIQuXx73TJXDeXGI="},"indexInfo":{"baseKey":"Bf2PAEJM/GiO0vCqoujwVyU00jBX71JuThNdiwc0QUV8","baseKeyType":1,"closed":-1,"used":1716074382826,"created":1716074382826,"remoteIdentityKey":"BSrHR6vP4tlk/pzptE9RtNlBQIhflMAlCYduavzmTP4L"},"_chains":{"Bdu/3VzbFJoMMiSYphlkDMYKilBRGV0qVaftHpj0+5p5":{"chainKey":{"counter":0,"key":"ljvBze8ehSfBW0pUsWlvxnj1apW9mkmKPJvUrbKxr6g="},"chainType":1,"messageKeys":{}}},"pendingPreKey":{"signedKeyId":11,"baseKey":"Bf2PAEJM/GiO0vCqoujwVyU00jBX71JuThNdiwc0QUV8","preKeyId":555617}}},"version":"v1"}