{"_sessions":{"BcobDBf+IrRHKq1OofKJ2bPYiDFyCTAU2yltspbgfItf":{"registrationId":5859,"currentRatchet":{"ephemeralKeyPair":{"pubKey":"BWUbotBdfQpI2ZZt0YBhFguIj5sWXYkywO5ldXd5bzZ7","privKey":"kKbJnAc1bZ6ypjq2zfTCV+LuOH6lYCvxI1bBzSIyWko="},"lastRemoteEphemeralKey":"BXWu82BTxQeQi+TlU5cwazlfMh7iA4N6QOxzBCLXOuhF","previousCounter":0,"rootKey":"m6/XlkLabkYZayfC4VWeCmqs+HE6Shvp+PanCimK58g="},"indexInfo":{"baseKey":"BcobDBf+IrRHKq1OofKJ2bPYiDFyCTAU2yltspbgfItf","baseKeyType":1,"closed":-1,"used":1716074381833,"created":1716074381833,"remoteIdentityKey":"BUuRXVsK/KVJ401UTCwsXrJCDm+tr06o9s7457ossu9u"},"_chains":{"BWUbotBdfQpI2ZZt0YBhFguIj5sWXYkywO5ldXd5bzZ7":{"chainKey":{"counter":0,"key":"XFMr5ZyObjeNfik+olQ//13+06CPQubQ4ui+7q5stHE="},"chainType":1,"messageKeys":{}}},"pendingPreKey":{"signedKeyId":1,"baseKey":"BcobDBf+IrRHKq1OofKJ2bPYiDFyCTAU2yltspbgfItf"}}},"version":"v1"}