{"_sessions":{"BcnpG8BtENFDDr2HKiVcaRPRO/Gw3eID9/lv21pDDSRS":{"registrationId":1491550920,"currentRatchet":{"ephemeralKeyPair":{"pubKey":"BXBO6noTHGU3iyG5bHisGa64SKGnkg/OCed3oDOTqQA+","privKey":"8ObEFmKSCgtB0rGmbm6leaubPj0k7niWwQfGjHIby3w="},"lastRemoteEphemeralKey":"BT3zbAnVTM/HzZ2e9ikMbXkW8Tu2HzkdHzwAjzE8ox8X","previousCounter":0,"rootKey":"d7GBqJcaMEvUdPuH7r9DlmAGAfA2lBp3GZ7Bt19++7Y="},"indexInfo":{"baseKey":"BcnpG8BtENFDDr2HKiVcaRPRO/Gw3eID9/lv21pDDSRS","baseKeyType":1,"closed":-1,"used":1716074382301,"created":1716074382301,"remoteIdentityKey":"BeuITV6agDJDa2DPkLMCycChn8W1mXcGqNUImDz7c+sr"},"_chains":{"BXBO6noTHGU3iyG5bHisGa64SKGnkg/OCed3oDOTqQA+":{"chainKey":{"counter":0,"key":"zkQB0dNuZedztfcOWdm5rvbbEnlBW7kM2TU324cLVNw="},"chainType":1,"messageKeys":{}}},"pendingPreKey":{"signedKeyId":12,"baseKey":"BcnpG8BtENFDDr2HKiVcaRPRO/Gw3eID9/lv21pDDSRS","preKeyId":3344804}}},"version":"v1"}