{"_sessions":{"BasDrASMLYkae4lmt2tjd36rjArAJ6Bl4sI3ONRRNLxH":{"registrationId":1198671662,"currentRatchet":{"ephemeralKeyPair":{"pubKey":"BYNbShLbP48iyZ+T+25/WN/u191UnpLpCDZr7BMT3Jk1","privKey":"qNIgUdYDvyeEqgr+DzDkY3w7D29TTlrnzrj57eEIIHQ="},"lastRemoteEphemeralKey":"BawhKAIF6GvAOP5mX4QvP4W8ZNK9xhLgxyeNjvL2wlIF","previousCounter":0,"rootKey":"AExUFZGfhkILhtO1FcEu+Fk9vu9G0ATqZ/N0ktjGz6U="},"indexInfo":{"baseKey":"BasDrASMLYkae4lmt2tjd36rjArAJ6Bl4sI3ONRRNLxH","baseKeyType":1,"closed":-1,"used":1716074381745,"created":1716074381745,"remoteIdentityKey":"BeTn8RyO+CX4RomH00tDo4iOeVEAaekpBpdfbYbvMBJ8"},"_chains":{"BYNbShLbP48iyZ+T+25/WN/u191UnpLpCDZr7BMT3Jk1":{"chainKey":{"counter":0,"key":"Y+3rosn0zZEqGyQ9wuL0/uTLNZbRp7OZKtGxBx1oQXg="},"chainType":1,"messageKeys":{}}},"pendingPreKey":{"signedKeyId":2,"baseKey":"BasDrASMLYkae4lmt2tjd36rjArAJ6Bl4sI3ONRRNLxH"}}},"version":"v1"}