{"_sessions":{"BdADJzG3rO/MpDDCdbqy5zSP81gW+ZztE2RUpC7KpO0v":{"registrationId":998361873,"currentRatchet":{"ephemeralKeyPair":{"pubKey":"BeJVrwyQ+tVxF0VNIibfqshJuo7U+1mqcJ84iXCN2JoU","privKey":"WHkcu2wJ4XcrCZtvZgQjCMZRo063xc9FoAbaxKOjL2U="},"lastRemoteEphemeralKey":"BbXPIGo3KmOao4qxi7l6NMEopZ5jKoEe9BXLBO6fiY5s","previousCounter":0,"rootKey":"OfupPNxARyGVi8tTZF+vHY8wyUVcGu+JLK9P5yVsL+g="},"indexInfo":{"baseKey":"BdADJzG3rO/MpDDCdbqy5zSP81gW+ZztE2RUpC7KpO0v","baseKeyType":1,"closed":-1,"used":1716074382458,"created":1716074382458,"remoteIdentityKey":"Ba4wkk/dccgUAzQJPB3gHCUOc7mlQ6rUWX6L3hLSrZM+"},"_chains":{"BeJVrwyQ+tVxF0VNIibfqshJuo7U+1mqcJ84iXCN2JoU":{"chainKey":{"counter":0,"key":"Lo+6fP9NgSq9taw8QcnbHBqrAj5ypsDI5zJBfAF0JDA="},"chainType":1,"messageKeys":{}}},"pendingPreKey":{"signedKeyId":0,"baseKey":"BdADJzG3rO/MpDDCdbqy5zSP81gW+ZztE2RUpC7KpO0v","preKeyId":6838881}}},"version":"v1"}