{"_sessions":{"BdF7EewKL1ATFJcmQuXJJnMDWqSe4RyQV9cfRxCYCdwV":{"registrationId":1940859154,"currentRatchet":{"ephemeralKeyPair":{"pubKey":"BQ4wVswIlf9qvaPSpqhvm3fZOYGaexImufD7Z3Oqu9U+","privKey":"4NnCfoluiYY6daRh0frvrH7lzicvfIKfWBOhOn92gks="},"lastRemoteEphemeralKey":"Begv/ZIwyCfvO1ov4fgCm6WNzJMHSsq1vs2NbfAzZAAB","previousCounter":0,"rootKey":"/mfdnehoAoGGh56sPL04lmXs3Sp9OxNTq5YL3WIMQyw="},"indexInfo":{"baseKey":"BdF7EewKL1ATFJcmQuXJJnMDWqSe4RyQV9cfRxCYCdwV","baseKeyType":1,"closed":-1,"used":1716074383035,"created":1716074383035,"remoteIdentityKey":"BZwsSc1I+kR0fY+IavrO8qrzS9UzfviQSMHYYihCYXhj"},"_chains":{"BQ4wVswIlf9qvaPSpqhvm3fZOYGaexImufD7Z3Oqu9U+":{"chainKey":{"counter":0,"key":"+MdMNpfizs0fT9f8ErzRGabjPLYocNtTB3FDLu+AdZ8="},"chainType":1,"messageKeys":{}}},"pendingPreKey":{"signedKeyId":8,"baseKey":"BdF7EewKL1ATFJcmQuXJJnMDWqSe4RyQV9cfRxCYCdwV","preKeyId":5168876}}},"version":"v1"}