{"_sessions":{"BSdS8xpl1desaN9QtS1o5uI+x8ZcC+l9WNljRJ4CvcZx":{"registrationId":1642705848,"currentRatchet":{"ephemeralKeyPair":{"pubKey":"BR+3YbeqRXvU7jiWq/a/F9fLPhswIhGOF10jkbZgn21h","privKey":"KCNlmeLVnp0oDUKlT7GeAbdhqAVcTsXC8+ob/GzJ3kE="},"lastRemoteEphemeralKey":"BTPNKFI01ogzHCGQajEFag1JUuoMWjN7WKdqJDdmNdJB","previousCounter":0,"rootKey":"nKJMblz+QnugK4cUZMVmPH9kQUuWSc1JBG+n1/ifj2U="},"indexInfo":{"baseKey":"BSdS8xpl1desaN9QtS1o5uI+x8ZcC+l9WNljRJ4CvcZx","baseKeyType":1,"closed":-1,"used":1716074382664,"created":1716074382664,"remoteIdentityKey":"BaDe26R2x3pyR0ZqcK9rWnPfpLzqwEaQ3TIfNlZSvCNG"},"_chains":{"BR+3YbeqRXvU7jiWq/a/F9fLPhswIhGOF10jkbZgn21h":{"chainKey":{"counter":0,"key":"beN/F82/ovaFCqmvSO7fJEe0I549EzO3cSGnvgeUfVQ="},"chainType":1,"messageKeys":{}}},"pendingPreKey":{"signedKeyId":12,"baseKey":"BSdS8xpl1desaN9QtS1o5uI+x8ZcC+l9WNljRJ4CvcZx"}}},"version":"v1"}