{"_sessions":{"BVh3QUfhiLPlM2m9dsZRgFdfcKNSSQsTxFU6hnskLNgS":{"registrationId":651870590,"currentRatchet":{"ephemeralKeyPair":{"pubKey":"BXdRnOVudpmmwuNiDqGh67CJMbUQP98aSIAoxYttw4w5","privKey":"sMGyRyQXqA4C6sTZFQMeGXx21B5vvPlH6go1hMDe6Fk="},"lastRemoteEphemeralKey":"BTXlV6wA0RwQvpIPQubodBuNfsBZKAVZmfShGKKK2oU7","previousCounter":0,"rootKey":"OUIUHN5wXFf5BHLm55k3WJYLurqXxIfIhKR1AH8gL1o="},"indexInfo":{"baseKey":"BVh3QUfhiLPlM2m9dsZRgFdfcKNSSQsTxFU6hnskLNgS","baseKeyType":1,"closed":-1,"used":1716074382165,"created":1716074382165,"remoteIdentityKey":"BSSbniNn1KEQ60Tw79VUi4MR8gZeYfFpcbrxwipye4g5"},"_chains":{"BXdRnOVudpmmwuNiDqGh67CJMbUQP98aSIAoxYttw4w5":{"chainKey":{"counter":0,"key":"vPyX2vCyoPggwKRrImvRLQf4fquF3Sb6hhnTgnwTxNU="},"chainType":1,"messageKeys":{}}},"pendingPreKey":{"signedKeyId":3,"baseKey":"BVh3QUfhiLPlM2m9dsZRgFdfcKNSSQsTxFU6hnskLNgS","preKeyId":4142022}}},"version":"v1"}