{"_sessions":{"BRUnGZfeO96hk5UGzhxBU28OXCASi7kViaMN36ZtxMpP":{"registrationId":1492618387,"currentRatchet":{"ephemeralKeyPair":{"pubKey":"BRmDHOtz0Tj4RpXcXnAQaZm4T2SX30mHvGvupDvnilsl","privKey":"0PGkCsfU5+Rr3m3OuxsVMIJ6cqc45nUhbIWyorHqakw="},"lastRemoteEphemeralKey":"BeCp78B3oKImLzhTtGsMEfK3ncpya9RQL4mgDwvEFLVo","previousCounter":0,"rootKey":"i+2Nb1/MkBbAdbwHNVTOsPveI+1WAmATCcUGJJODgZ8="},"indexInfo":{"baseKey":"BRUnGZfeO96hk5UGzhxBU28OXCASi7kViaMN36ZtxMpP","baseKeyType":1,"closed":-1,"used":1716074382704,"created":1716074382704,"remoteIdentityKey":"BWt5TwufnGhfu/Z+P1nkz6yK8T8JHSWIEiN35ToaThN/"},"_chains":{"BRmDHOtz0Tj4RpXcXnAQaZm4T2SX30mHvGvupDvnilsl":{"chainKey":{"counter":0,"key":"BI/uphFHEhBcALNjy5zURrcbuI2loDriNY79dpcr1ks="},"chainType":1,"messageKeys":{}}},"pendingPreKey":{"signedKeyId":0,"baseKey":"BRUnGZfeO96hk5UGzhxBU28OXCASi7kViaMN36ZtxMpP"}}},"version":"v1"}