{"_sessions":{"Bb7w0/Ky8+enitfWY5rTICMJZCFHTnsRAPZyGGGlxMBv":{"registrationId":1894194390,"currentRatchet":{"ephemeralKeyPair":{"pubKey":"BUKNfJBjRdR0yoiOXRkv41bZs56mO2/AWU8CJcLKDwEc","privKey":"MB7REHL8mb9TUUrhwsSsp33B/ZMmPF+C5z63vFtjL0M="},"lastRemoteEphemeralKey":"BZ4m+VmrvD4zKzXyKyukRYAxP8NKKNj8pqYeTuWN2zR8","previousCounter":0,"rootKey":"rPi6GO4u+rxi+EUSkQk9YmAXP6613fOnPKjph74SKO0="},"indexInfo":{"baseKey":"Bb7w0/Ky8+enitfWY5rTICMJZCFHTnsRAPZyGGGlxMBv","baseKeyType":1,"closed":-1,"used":1716074382188,"created":1716074382188,"remoteIdentityKey":"BZYXidP1vTVQx3TbCCEfDLT2dgKuWqeNaDTH9T8jH4sI"},"_chains":{"BUKNfJBjRdR0yoiOXRkv41bZs56mO2/AWU8CJcLKDwEc":{"chainKey":{"counter":0,"key":"oxdoNCDYFeYhF9ljINyR+7Zs3WwRLmIfQ3coUMueaCc="},"chainType":1,"messageKeys":{}}},"pendingPreKey":{"signedKeyId":18,"baseKey":"Bb7w0/Ky8+enitfWY5rTICMJZCFHTnsRAPZyGGGlxMBv","preKeyId":7437644}}},"version":"v1"}