{"_sessions":{"BVj1mmNIgYOqJ2lviKkzTOhfSWv6zKNxicpdmnmf4rE2":{"registrationId":115232143,"currentRatchet":{"ephemeralKeyPair":{"pubKey":"BVK2sB0ERbY4yB0yEDPwh40XdU4TG4UjI6rMB58eK7g5","privKey":"WMKrkDKuBkBgR22rZUbUvzkHxhpFBz5FODP9Yqb6XmM="},"lastRemoteEphemeralKey":"Bf+qhqJxTcBR0P8Pa31csnHs3dvgxGVhvnFluibg9pQ9","previousCounter":0,"rootKey":"vES96brxBMBSgnwgMoO6jHKu77p6/SbDqb0A9XI6WhI="},"indexInfo":{"baseKey":"BVj1mmNIgYOqJ2lviKkzTOhfSWv6zKNxicpdmnmf4rE2","baseKeyType":1,"closed":-1,"used":1716074382276,"created":1716074382276,"remoteIdentityKey":"Be0mvpM5K9jlXXdDeFzPm8ykwKwQzmAMN3mM00ZjWj4X"},"_chains":{"BVK2sB0ERbY4yB0yEDPwh40XdU4TG4UjI6rMB58eK7g5":{"chainKey":{"counter":0,"key":"qSLpb3mIiQeou2ion3SaljntLJ+13L6ABm+4iEHnaCA="},"chainType":1,"messageKeys":{}}},"pendingPreKey":{"signedKeyId":2,"baseKey":"BVj1mmNIgYOqJ2lviKkzTOhfSWv6zKNxicpdmnmf4rE2","preKeyId":14032560}}},"version":"v1"}