{"_sessions":{"Bfm0oynfm0I5Xdd9urxvlH5DKUs/zA6jOuc+Zfa9o/ET":{"registrationId":503377319,"currentRatchet":{"ephemeralKeyPair":{"pubKey":"BV+RDJG6G88ORWJQ2wkcXTnAvZp6VOt697VYPhVMvX0t","privKey":"YOOTCqAY6Cf6GDxWRF/REnTv2D3DV2g43pPDnyZXi3c="},"lastRemoteEphemeralKey":"BYNgXi/1dvEtM5UfxBkFVaYya2QhyPkOy/6LMXnPPwsm","previousCounter":0,"rootKey":"k0IxMN9BsNlCg32D4WManEm5oWQyla+8pNfJcJG75N8="},"indexInfo":{"baseKey":"Bfm0oynfm0I5Xdd9urxvlH5DKUs/zA6jOuc+Zfa9o/ET","baseKeyType":1,"closed":-1,"used":1716074381733,"created":1716074381733,"remoteIdentityKey":"BXyYxbfK6HON3D5SZ8tBFKd+n3c+CANKLJB2rEW9xExs"},"_chains":{"BV+RDJG6G88ORWJQ2wkcXTnAvZp6VOt697VYPhVMvX0t":{"chainKey":{"counter":0,"key":"gGOksEUMR/tq5WIj05TlMHK9W0dvbtTw5U4cxp49buw="},"chainType":1,"messageKeys":{}}},"pendingPreKey":{"signedKeyId":1,"baseKey":"Bfm0oynfm0I5Xdd9urxvlH5DKUs/zA6jOuc+Zfa9o/ET","preKeyId":14697947}}},"version":"v1"}