{"_sessions":{"BeYYM8Y2ivXRjvuKucPJJ+xAlF7SxwicZae9mnKlLDgh":{"registrationId":1384536089,"currentRatchet":{"ephemeralKeyPair":{"pubKey":"BaEbTK9BPZe2AILdAk2jzVzTLX3QazcEOpRYuSFOZLge","privKey":"ONvu2PqUWywK6Y1Cj/CYfWhU0wj0veSLjXfyZLQ3qlk="},"lastRemoteEphemeralKey":"BRMgZWYkRpH1G8tEimAxx+Qwq0vnciF7WTfZBMXfD4x5","previousCounter":0,"rootKey":"YGDnxx+7mMwoYXoNzIDcHc4WkFU5JjucQI3+5n0bbQg="},"indexInfo":{"baseKey":"BeYYM8Y2ivXRjvuKucPJJ+xAlF7SxwicZae9mnKlLDgh","baseKeyType":1,"closed":-1,"used":1716074382408,"created":1716074382408,"remoteIdentityKey":"BcJKhp4RFiHjqrgmB9da0eZhZmWb9aLq6BghBusA1uF/"},"_chains":{"BaEbTK9BPZe2AILdAk2jzVzTLX3QazcEOpRYuSFOZLge":{"chainKey":{"counter":0,"key":"a5gkyGszBcGOe5WHY7hv3sA/iBHcc6ZNTy7MNHsfDDE="},"chainType":1,"messageKeys":{}}},"pendingPreKey":{"signedKeyId":14974533,"baseKey":"BeYYM8Y2ivXRjvuKucPJJ+xAlF7SxwicZae9mnKlLDgh","preKeyId":4597}}},"version":"v1"}