{"_sessions":{"BQqpBklgR22wvfy3t48lrpJMDx5fVhQo3pBIZN+TSmpD":{"registrationId":2058612898,"currentRatchet":{"ephemeralKeyPair":{"pubKey":"BWixKDneM2FlaASNBiUkKyzxPfnRAuuS+KWgu8uJPr5n","privKey":"mBsPsYCZvdAJR9Qt/UUX9l5FFoj62DvISko+X2gQU1w="},"lastRemoteEphemeralKey":"BZ7g0j9ixMLZX7CqIoWJqbwd8Rpss+bLeZgDLXJPqJR4","previousCounter":0,"rootKey":"4CfS3xxyVWvhb9bAgTlQUEtD6FHfRyF7QO9vnvclrx4="},"indexInfo":{"baseKey":"BQqpBklgR22wvfy3t48lrpJMDx5fVhQo3pBIZN+TSmpD","baseKeyType":1,"closed":-1,"used":1716074382586,"created":1716074382586,"remoteIdentityKey":"BTWC61drD8Y5SA+/oPPTLGO89Tk/XG6mpO6cS/dvybMd"},"_chains":{"BWixKDneM2FlaASNBiUkKyzxPfnRAuuS+KWgu8uJPr5n":{"chainKey":{"counter":0,"key":"5GAkQtmYJG6g7Fa6PeeIjjnIcSQ2O83o/rhYFUwyNVs="},"chainType":1,"messageKeys":{}}},"pendingPreKey":{"signedKeyId":2,"baseKey":"BQqpBklgR22wvfy3t48lrpJMDx5fVhQo3pBIZN+TSmpD","preKeyId":12175482}}},"version":"v1"}