{"_sessions":{"BUfJatptsBq0sPuYRZXiWxYGNKWGY5r2OtmeSBazB4Zc":{"registrationId":937482461,"currentRatchet":{"ephemeralKeyPair":{"pubKey":"BaFW+WRU/t3cCHNv8lK0EUNRHOm1JTqZwnelWQyRnUsJ","privKey":"aIIxy1FfD8T5SOlXOfIJQW3iPOGTxcgo3FJGSDujxkI="},"lastRemoteEphemeralKey":"BRHDgodXO3hDD0Aq3xdledzMczeJq4JBg7yxhylrqTkG","previousCounter":0,"rootKey":"+q/Og3O6bCFwYcXlWWiAhfcPTdjYxBaGI++t45nKClE="},"indexInfo":{"baseKey":"BUfJatptsBq0sPuYRZXiWxYGNKWGY5r2OtmeSBazB4Zc","baseKeyType":1,"closed":-1,"used":1716074382510,"created":1716074382510,"remoteIdentityKey":"BdnvgVxM0tqQ3f9YafseSuQ3gAXKnOGABCtGyqp0zrZ5"},"_chains":{"BaFW+WRU/t3cCHNv8lK0EUNRHOm1JTqZwnelWQyRnUsJ":{"chainKey":{"counter":0,"key":"Edp1fbKaOtpR0N9Z61f+mo6fBMxd5H6rEzOlBCR9pXo="},"chainType":1,"messageKeys":{}}},"pendingPreKey":{"signedKeyId":2,"baseKey":"BUfJatptsBq0sPuYRZXiWxYGNKWGY5r2OtmeSBazB4Zc","preKeyId":4980773}}},"version":"v1"}