{"_sessions":{"BXyzjDrLoAamYmHohVoD8GGBQ8QiyitzKsThH+dEb/An":{"registrationId":696425429,"currentRatchet":{"ephemeralKeyPair":{"pubKey":"BUF5b+4klgW5Bu8kDz5Gb34o3IOLOrG5QG5i2zUrWsAh","privKey":"mKTdKZ96nfV+qkJG/WlQ5CbRieuSqN9nQ+NoPwDEfGQ="},"lastRemoteEphemeralKey":"BZx8MqgUwyiijHoUBKDGC9TrYS/WyVuYT53/+oyG3IZ0","previousCounter":0,"rootKey":"KTTFUcpiwFl5Es+nbzxSCSpAE15ezfCjBaEicDQFxn4="},"indexInfo":{"baseKey":"BXyzjDrLoAamYmHohVoD8GGBQ8QiyitzKsThH+dEb/An","baseKeyType":1,"closed":-1,"used":1716074382406,"created":1716074382406,"remoteIdentityKey":"BZ1i8gRiXJyWa707XelPi0E+Tu2QAV/+ODgC9L6uyagq"},"_chains":{"BUF5b+4klgW5Bu8kDz5Gb34o3IOLOrG5QG5i2zUrWsAh":{"chainKey":{"counter":0,"key":"EssTOipAu90uS7/AtRu+zT+yHTUeGny3KTj9oK5zSwE="},"chainType":1,"messageKeys":{}}},"pendingPreKey":{"signedKeyId":5,"baseKey":"BXyzjDrLoAamYmHohVoD8GGBQ8QiyitzKsThH+dEb/An","preKeyId":14489442}}},"version":"v1"}