{"_sessions":{"BbGWiVFP2XMlDY4nLVvj7hQAT0OgcHCcmi6b5n+eHid0":{"registrationId":750713147,"currentRatchet":{"ephemeralKeyPair":{"pubKey":"Ba3kzbfavGEUeEVkgfmb5uDLydDo9Tu2RcJS+WKxYGx7","privKey":"CI8+UKWhlzsLFojDxEaHuV6b/eDEDj7Sz+gkqcU6NHU="},"lastRemoteEphemeralKey":"Bao/OkS4HS8C83j/QJKZF/i9SjBEMVcZK0zel8JRuDYq","previousCounter":0,"rootKey":"SIC/o+2ReF6lAi4Tl9MxA8zJt59tWjh+ypST37xGDVc="},"indexInfo":{"baseKey":"BbGWiVFP2XMlDY4nLVvj7hQAT0OgcHCcmi6b5n+eHid0","baseKeyType":1,"closed":-1,"used":1716074382449,"created":1716074382449,"remoteIdentityKey":"BWV+lgm6Zy6Czvk44tX1Vt2XhhG4YsfjiH1dzSVkglQh"},"_chains":{"Ba3kzbfavGEUeEVkgfmb5uDLydDo9Tu2RcJS+WKxYGx7":{"chainKey":{"counter":0,"key":"E4AOnYE1VrMaBiHdoelsoy0AT6XSW2hFOdfzSllYiZs="},"chainType":1,"messageKeys":{}}},"pendingPreKey":{"signedKeyId":1,"baseKey":"BbGWiVFP2XMlDY4nLVvj7hQAT0OgcHCcmi6b5n+eHid0","preKeyId":9711427}}},"version":"v1"}