{"_sessions":{"BY+VNnMoz2xN3SsT6tOp0QHUzk3R+cS5a83svBJtiboF":{"registrationId":1820687126,"currentRatchet":{"ephemeralKeyPair":{"pubKey":"Be+MAujruAFOgIfvRbITxDu/oV6Mo6UlRSB/rxCQmc8Q","privKey":"6Hx0D2JlyLZWwtAD/Ebe6KU2sDLoPGeRz2cQVw6PHkE="},"lastRemoteEphemeralKey":"BfEGKuaD9D+QuQ9tKQ8I+MDP0v4UVcv69YJV1OuzvLwS","previousCounter":0,"rootKey":"0l55aOyR+Ff98o4UyV8K4ts1GQPSTl/4u28w/mn6Evw="},"indexInfo":{"baseKey":"BY+VNnMoz2xN3SsT6tOp0QHUzk3R+cS5a83svBJtiboF","baseKeyType":1,"closed":-1,"used":1716074382445,"created":1716074382445,"remoteIdentityKey":"BfwhU1eKaaC2zc/wNrVeskW8zK24tDr7QotYyGOwHsQf"},"_chains":{"Be+MAujruAFOgIfvRbITxDu/oV6Mo6UlRSB/rxCQmc8Q":{"chainKey":{"counter":0,"key":"rEB7uV9anszlAovh0hjDjrWEWGHVnwnZh7E4XEd3ZoM="},"chainType":1,"messageKeys":{}}},"pendingPreKey":{"signedKeyId":0,"baseKey":"BY+VNnMoz2xN3SsT6tOp0QHUzk3R+cS5a83svBJtiboF","preKeyId":1772819}}},"version":"v1"}