{"_sessions":{"BcuhE0Waqr/ivBIbWxlysW1J84GoZaKOS26GjGihHP1s":{"registrationId":2042187080,"currentRatchet":{"ephemeralKeyPair":{"pubKey":"Bay2pJjlzvJVVa3Tqw/bjsSfWxy/HrvQKIYKqNP7zRM9","privKey":"6NebrYJppfuWlj3YNGiM4rCRrdBh60XtUW9Nv+Q7fnE="},"lastRemoteEphemeralKey":"BbKD795BT4M8gr9a3dtKORflWMl0naO+CTP8zwhzX6Bs","previousCounter":0,"rootKey":"m66vJ2W79YQ7FWJHhDC7p9CT0z+pzUvrUetgQZEkTRk="},"indexInfo":{"baseKey":"BcuhE0Waqr/ivBIbWxlysW1J84GoZaKOS26GjGihHP1s","baseKeyType":1,"closed":-1,"used":1716074382341,"created":1716074382341,"remoteIdentityKey":"BUflOvaZRgxxqFneC70vq4AtigHZnWF5CRZoSqEM48Eo"},"_chains":{"Bay2pJjlzvJVVa3Tqw/bjsSfWxy/HrvQKIYKqNP7zRM9":{"chainKey":{"counter":0,"key":"GuKaIP7RYoq2iS3Oid3OHRIAIUM2YjNnokLY2Be+O5I="},"chainType":1,"messageKeys":{}}},"pendingPreKey":{"signedKeyId":0,"baseKey":"BcuhE0Waqr/ivBIbWxlysW1J84GoZaKOS26GjGihHP1s","preKeyId":12349755}}},"version":"v1"}