{"_sessions":{"BXrV8946ivCqtsyOmT9sizK9PGjpZuJ9MLesEgNhO/BS":{"registrationId":2072371656,"currentRatchet":{"ephemeralKeyPair":{"pubKey":"BdiwYWu7PU5Qo36ZHgM0gPBHubPP85V1CZpcAzh48htV","privKey":"oIkfDReAjjQx3l9zwUeZusU352b1ecY9zfYC6PleoVE="},"lastRemoteEphemeralKey":"BY+Lb+wOVdJHdOVlREMy8ZduouqCUq1HacBPXhBxuT4M","previousCounter":0,"rootKey":"dfalGPDM1Q3daPhKnC8S+4R/FXNan3hYDUcnnm70ECs="},"indexInfo":{"baseKey":"BXrV8946ivCqtsyOmT9sizK9PGjpZuJ9MLesEgNhO/BS","baseKeyType":1,"closed":-1,"used":1716074382278,"created":1716074382278,"remoteIdentityKey":"BQLArH2EUAyQ6PgUYw9MaoVYLemJVnSRJOeMO4nnEv0x"},"_chains":{"BdiwYWu7PU5Qo36ZHgM0gPBHubPP85V1CZpcAzh48htV":{"chainKey":{"counter":0,"key":"KDsXpa4MX0YdCmmvt+jWIBoCqj2OpZyOv+8oUcaRt5M="},"chainType":1,"messageKeys":{}}},"pendingPreKey":{"signedKeyId":7,"baseKey":"BXrV8946ivCqtsyOmT9sizK9PGjpZuJ9MLesEgNhO/BS","preKeyId":1926822}}},"version":"v1"}