{"_sessions":{"BUYBgck2D1yDYfDCiaW8RkjfxpJRDI7AZsUkQ3BxeS9V":{"registrationId":62075999,"currentRatchet":{"ephemeralKeyPair":{"pubKey":"BbmuujdhEZuDN9//t99o3EOq8OR2asOo6LZITPwMCI0k","privKey":"ULLorJYch5SjMFeG79LEw+K9oGrLmclaIXOXGCcsY1g="},"lastRemoteEphemeralKey":"BTpVNVtIwrkma9Bv2aTIZYA2bF7DtXNtE7EQND83dD86","previousCounter":0,"rootKey":"Lwj8bcVuyj1jWnpNLMCPu4pZ0q2jA7yzHQCVcUenlgU="},"indexInfo":{"baseKey":"BUYBgck2D1yDYfDCiaW8RkjfxpJRDI7AZsUkQ3BxeS9V","baseKeyType":1,"closed":-1,"used":1716074382388,"created":1716074382388,"remoteIdentityKey":"BbtIw8dOdrRszEj/aG67c5lB/ZK1x//uFzdVlmFvoeBg"},"_chains":{"BbmuujdhEZuDN9//t99o3EOq8OR2asOo6LZITPwMCI0k":{"chainKey":{"counter":0,"key":"HlsVRQnb0KKJg0KBsyYvnE4tFb35YbDbp3EW1sS82qU="},"chainType":1,"messageKeys":{}}},"pendingPreKey":{"signedKeyId":13,"baseKey":"BUYBgck2D1yDYfDCiaW8RkjfxpJRDI7AZsUkQ3BxeS9V","preKeyId":13463098}}},"version":"v1"}