{"_sessions":{"BdE7wq3PJ3eJ8h+akmEfkexa5WyZe9rd77WA9DzsWnVx":{"registrationId":1658095442,"currentRatchet":{"ephemeralKeyPair":{"pubKey":"BVC+CKh8VJcrB4a05P4+I28tGbmrcgXGnUKyYPGESnwI","privKey":"SB3Ln1bkzojukAwdq01cu50W/7MgK41zWYrEtpM/9VY="},"lastRemoteEphemeralKey":"BUGTlZ/h+QIM+NiXBRsBaS1C4dgMoL7AWPS2zEFltmA4","previousCounter":0,"rootKey":"JZdZgiWCFxsbINTcR0491OKFPbyWpZlMxPA87ltg3Js="},"indexInfo":{"baseKey":"BdE7wq3PJ3eJ8h+akmEfkexa5WyZe9rd77WA9DzsWnVx","baseKeyType":1,"closed":-1,"used":1716074382489,"created":1716074382489,"remoteIdentityKey":"BQtPRZJmVJeI15nowm4W+xUTLlT4wxjB53VxURuMcNUx"},"_chains":{"BVC+CKh8VJcrB4a05P4+I28tGbmrcgXGnUKyYPGESnwI":{"chainKey":{"counter":0,"key":"UCndNrFAQat9Wh3Dw5JBrOVolj9+owi/28m0hWh/tTw="},"chainType":1,"messageKeys":{}}},"pendingPreKey":{"signedKeyId":0,"baseKey":"BdE7wq3PJ3eJ8h+akmEfkexa5WyZe9rd77WA9DzsWnVx","preKeyId":12931848}}},"version":"v1"}