{"_sessions":{"BenvsdJ1QPiU0GMDYwdRBk2xPSRgsR+8cEbz36ZkLv4J":{"registrationId":1998666461,"currentRatchet":{"ephemeralKeyPair":{"pubKey":"BfhXT2jl4bEspG9maB0Xnhln4ELNAIqZdSEIVNY4xXEF","privKey":"GFopb4obZTCBvlNEzMiuCvvPROduQU9lmKZmChnzDVM="},"lastRemoteEphemeralKey":"BfWGctGOvew7PjDdDY0daMHnbZvFN+HLckGz04orWYFl","previousCounter":0,"rootKey":"kHVj0KEB+TmdXNnTzS1YW0YPlt+sZJFZQaS0FVuxd+c="},"indexInfo":{"baseKey":"BenvsdJ1QPiU0GMDYwdRBk2xPSRgsR+8cEbz36ZkLv4J","baseKeyType":1,"closed":-1,"used":1716074382530,"created":1716074382530,"remoteIdentityKey":"BUvPxJ37eAYdMGm1nK/kimm3xfl6nkwIvDfr0GwHr+8Y"},"_chains":{"BfhXT2jl4bEspG9maB0Xnhln4ELNAIqZdSEIVNY4xXEF":{"chainKey":{"counter":0,"key":"GSH2g1LLZ8dNouBi61fzF2nTrYTyzFKCIqQfbHBSvA4="},"chainType":1,"messageKeys":{}}},"pendingPreKey":{"signedKeyId":3,"baseKey":"BenvsdJ1QPiU0GMDYwdRBk2xPSRgsR+8cEbz36ZkLv4J","preKeyId":15943353}}},"version":"v1"}