{"_sessions":{"BVj6e+AFYvpI48hGjPZz7wrMRhH4r/3Se4RwG1n2lpMo":{"registrationId":1533547568,"currentRatchet":{"ephemeralKeyPair":{"pubKey":"BQLai27l3FLQfG2R0ykZ3UvcLxusmvZkuzXXlCSdCz1l","privKey":"IKb25vG5GHyOS3/FOWc/CQHyYbf7BG89eTTEgrThhG8="},"lastRemoteEphemeralKey":"BVJOnbvIk3RdC3RFIBQVNNwX/DQGPfbNtr/7fXPjRDB6","previousCounter":0,"rootKey":"sNmfjouybbc/PxXecYhh3eRlcPv89cuKIxkMGgoFIH4="},"indexInfo":{"baseKey":"BVj6e+AFYvpI48hGjPZz7wrMRhH4r/3Se4RwG1n2lpMo","baseKeyType":1,"closed":-1,"used":1716074382926,"created":1716074382926,"remoteIdentityKey":"BSO2HA49kvGN1CIKrgA+P+vI7Yc0wDyKmvlBaB/ScANY"},"_chains":{"BQLai27l3FLQfG2R0ykZ3UvcLxusmvZkuzXXlCSdCz1l":{"chainKey":{"counter":0,"key":"SO2mmdpX0oU0KrPV4oF/tKd+UxcZjSc0MibasfNY8X8="},"chainType":1,"messageKeys":{}}},"pendingPreKey":{"signedKeyId":0,"baseKey":"BVj6e+AFYvpI48hGjPZz7wrMRhH4r/3Se4RwG1n2lpMo"}}},"version":"v1"}