{"_sessions":{"BdpPY9Ib9WWsHIkVNKy7MOOTsQ/OHaAxs5kuzWUhbHdk":{"registrationId":759122273,"currentRatchet":{"ephemeralKeyPair":{"pubKey":"BVzJKaS4YBMnA3eF1mOYwJJDEyLX/36dbjIYHfH9ZNoa","privKey":"KINeaSF/3k60mcHfNENlKWMTX+H3d48J+srhB1Bu9Vs="},"lastRemoteEphemeralKey":"BXnvFwhvTgjNSSKo4giBIQnxRkgLSRSgE42BAxCG1Vdz","previousCounter":0,"rootKey":"wWEX2ofXwc/gGO+92emOHp+DdgPQFnjq3Ug2F3wCsHc="},"indexInfo":{"baseKey":"BdpPY9Ib9WWsHIkVNKy7MOOTsQ/OHaAxs5kuzWUhbHdk","baseKeyType":1,"closed":-1,"used":1716074382155,"created":1716074382155,"remoteIdentityKey":"BUmDht4coRm+sisukwZS4jDA6c1CmydQKbVkIBTqecFc"},"_chains":{"BVzJKaS4YBMnA3eF1mOYwJJDEyLX/36dbjIYHfH9ZNoa":{"chainKey":{"counter":0,"key":"SeZQyOpL5XQeYhr9GoRuBoxC9H/lDZYtfKB6fU2MMjc="},"chainType":1,"messageKeys":{}}},"pendingPreKey":{"signedKeyId":8,"baseKey":"BdpPY9Ib9WWsHIkVNKy7MOOTsQ/OHaAxs5kuzWUhbHdk","preKeyId":1420567}}},"version":"v1"}