{"_sessions":{"BSWYrYZ+ucQuO13T206XK+z+AiVGgRg3go4SE9nCglp7":{"registrationId":174026587,"currentRatchet":{"ephemeralKeyPair":{"pubKey":"BTggHvuBUmc+vAiJ/FQ3X0uiFpQvslFZvGZ9pbMcowxY","privKey":"YLjAudcGP2zH+f1ktQtamdtN4CuOaxN6lhCBpHzkaHU="},"lastRemoteEphemeralKey":"BfpYBPocYDAWTF8+gAkhHuZQaV/HvvtZluds6ZFJejwl","previousCounter":0,"rootKey":"UYkrqfDHP6VRI1YJzCV4mO9UbHatyBzHPGBaYub3db0="},"indexInfo":{"baseKey":"BSWYrYZ+ucQuO13T206XK+z+AiVGgRg3go4SE9nCglp7","baseKeyType":1,"closed":-1,"used":1716074382992,"created":1716074382992,"remoteIdentityKey":"BctF9I59xvGK2cAmvcyx96wUJXjds2WrGCk6As4eccYn"},"_chains":{"BTggHvuBUmc+vAiJ/FQ3X0uiFpQvslFZvGZ9pbMcowxY":{"chainKey":{"counter":0,"key":"PQn3FhoEc8uBJIMagnqCAqRHQeRDZIOkRPIc9Eh9IMk="},"chainType":1,"messageKeys":{}}},"pendingPreKey":{"signedKeyId":31,"baseKey":"BSWYrYZ+ucQuO13T206XK+z+AiVGgRg3go4SE9nCglp7","preKeyId":11864833}}},"version":"v1"}