{"_sessions":{"BVGn3Etpfz6cGBjWUoJEA6mcH/rjkQ/N3dq4mNGWppsl":{"registrationId":1792790992,"currentRatchet":{"ephemeralKeyPair":{"pubKey":"BVIyJ61MRMkOvH7ZkImcTnqkevlKsVfGxJp/30RH3e0V","privKey":"mDU9qWsM3ME1mk2RG8wLvAdfier2Nn9TBKtiRqUUQEk="},"lastRemoteEphemeralKey":"BRL+5vxDZG3Wy0TdUaaYsM57RnnB4Tn0l7xTqOwh1Dgz","previousCounter":0,"rootKey":"UJkQl5xX5pTyZRsuJ4z13ROgL7EFZCKsC9wYR72wn7A="},"indexInfo":{"baseKey":"BVGn3Etpfz6cGBjWUoJEA6mcH/rjkQ/N3dq4mNGWppsl","baseKeyType":1,"closed":-1,"used":1716074382791,"created":1716074382791,"remoteIdentityKey":"BfGvMmU57QaJ6iJbThY4ZOEDTd6pWMeZtDRAp8JzaLt4"},"_chains":{"BVIyJ61MRMkOvH7ZkImcTnqkevlKsVfGxJp/30RH3e0V":{"chainKey":{"counter":0,"key":"Qbe28Kf06iKGyhOQq/dpYqSbZBWoHpKSYz0QQtfKvEY="},"chainType":1,"messageKeys":{}}},"pendingPreKey":{"signedKeyId":2,"baseKey":"BVGn3Etpfz6cGBjWUoJEA6mcH/rjkQ/N3dq4mNGWppsl","preKeyId":13677756}}},"version":"v1"}