{"_sessions":{"BWs+QTkkuSUSQFCXGkc2aAJoOYsY0pum33TGI/Cy8sh6":{"registrationId":1164879687,"currentRatchet":{"ephemeralKeyPair":{"pubKey":"BT4tVvBt40tnlapH6AwNx4+/5cWBpKImPL/9jynYEApX","privKey":"WKBbS1jMOohc/319KFRPAWcWRyPumNltzrf0O84Ral4="},"lastRemoteEphemeralKey":"BcTUwPpdndqpmi6eS4hwya6CWyOp0LAWBW25ZepdKF4N","previousCounter":0,"rootKey":"203yfX2VRRDMTKJp+YwLNEV3/fBubIIqT6OSiRQN+9E="},"indexInfo":{"baseKey":"BWs+QTkkuSUSQFCXGkc2aAJoOYsY0pum33TGI/Cy8sh6","baseKeyType":1,"closed":-1,"used":1716074381683,"created":1716074381683,"remoteIdentityKey":"BWN38WxrvtPuHzo5HngollwLXe9YWXqSvLMU36gPFWt/"},"_chains":{"BT4tVvBt40tnlapH6AwNx4+/5cWBpKImPL/9jynYEApX":{"chainKey":{"counter":0,"key":"Xd6gUbI4gPiFjgzLVsJT98EYMavZINg0qNPE/nvUAm8="},"chainType":1,"messageKeys":{}}},"pendingPreKey":{"signedKeyId":0,"baseKey":"BWs+QTkkuSUSQFCXGkc2aAJoOYsY0pum33TGI/Cy8sh6","preKeyId":830150}}},"version":"v1"}