{"_sessions":{"BVYEMUusOAyb3N5neRu1CYJpvgEThxcouHyAcGD4UdVb":{"registrationId":578,"currentRatchet":{"ephemeralKeyPair":{"pubKey":"BTFwALbf/O8Dr2/6fKQ3g2xkCd6Nuk+VuB2zwIvfs5Me","privKey":"EJ+vzaWRRJ+Q1THG24iuwqtuGwTBcAeFoGLoUG3JqVc="},"lastRemoteEphemeralKey":"BaoFdFfog273S/5IZX5FJNJQOoFZMKclJpM1iEmsH+4i","previousCounter":0,"rootKey":"0dDVj11zESt0i2dnFNu5Y9fOX4m5sycig9rW+eojuc4="},"indexInfo":{"baseKey":"BVYEMUusOAyb3N5neRu1CYJpvgEThxcouHyAcGD4UdVb","baseKeyType":1,"closed":-1,"used":1716074382037,"created":1716074382037,"remoteIdentityKey":"BRb5foKaAj48Ij1BZgw+rx1Lv62rPjARd1s7P5yONJ8i"},"_chains":{"BTFwALbf/O8Dr2/6fKQ3g2xkCd6Nuk+VuB2zwIvfs5Me":{"chainKey":{"counter":0,"key":"P/FZC738nhqX+IogtJVHyP19pzjb06ZzMujdlaWCkJk="},"chainType":1,"messageKeys":{}}},"pendingPreKey":{"signedKeyId":1,"baseKey":"BVYEMUusOAyb3N5neRu1CYJpvgEThxcouHyAcGD4UdVb"}}},"version":"v1"}