{"_sessions":{"BettoE4bupOP38mPcBh3SVInndaBblzv3NaF+YTn/6kt":{"registrationId":8014,"currentRatchet":{"ephemeralKeyPair":{"pubKey":"BQXToeFHz0g9RzpPt3G15KQ8ElHOmNTChNIe+sYy1+10","privKey":"KIkwzcRL+jrf5mmQn6fpI8SRvyGaCqnJbauH4cP0d1U="},"lastRemoteEphemeralKey":"BU3KP+a78hboznVERHRKA6SbNTgpFrxxn4j0r0U5MPxO","previousCounter":0,"rootKey":"E8PoR//unwf3yAhrGfeXeAIfLRxrLQ7a3g1SoEpGaVk="},"indexInfo":{"baseKey":"BettoE4bupOP38mPcBh3SVInndaBblzv3NaF+YTn/6kt","baseKeyType":1,"closed":-1,"used":1716074381977,"created":1716074381977,"remoteIdentityKey":"BX2xK6nsl0F+OercFwlOsfuvOrNCVzrnBFBvSSTxOFIx"},"_chains":{"BQXToeFHz0g9RzpPt3G15KQ8ElHOmNTChNIe+sYy1+10":{"chainKey":{"counter":0,"key":"A5mL2wkmVO8rI9vEPwpQs5HAhHOazR4P4TpPT3GMRjM="},"chainType":1,"messageKeys":{}}},"pendingPreKey":{"signedKeyId":1,"baseKey":"BettoE4bupOP38mPcBh3SVInndaBblzv3NaF+YTn/6kt"}}},"version":"v1"}