{"_sessions":{"Bb6AnYrKX/xqSrInio3rz8ixpzNuhHV2pY3Q6B7yHhx6":{"registrationId":6228,"currentRatchet":{"ephemeralKeyPair":{"pubKey":"BeHVwiEjn6LGHQciaWUD3eN0nsZWU0ssJK6DXB3U/+pn","privKey":"SLar3/jbDXC112nUuzLE5EuyJSFnEo9ry2KE8ZmcmVo="},"lastRemoteEphemeralKey":"BZfUkBdeyND5pHfIAIakgxcdvmyuAAB8zXdqBYKgv0cu","previousCounter":0,"rootKey":"Xi0hBfT2lL8aHK2ZEh3657v8KH4LrF02EjNF+EwTb3c="},"indexInfo":{"baseKey":"Bb6AnYrKX/xqSrInio3rz8ixpzNuhHV2pY3Q6B7yHhx6","baseKeyType":1,"closed":-1,"used":1716074381653,"created":1716074381653,"remoteIdentityKey":"Bce0h9GY21/rPAdYvzH2aYRHaKKm5moG/ZgvmEfRKWku"},"_chains":{"BeHVwiEjn6LGHQciaWUD3eN0nsZWU0ssJK6DXB3U/+pn":{"chainKey":{"counter":0,"key":"iGVGWPKBLYGAl9YR02cqHp/8rEtKFDGIy+qayPh2IH4="},"chainType":1,"messageKeys":{}}},"pendingPreKey":{"signedKeyId":1,"baseKey":"Bb6AnYrKX/xqSrInio3rz8ixpzNuhHV2pY3Q6B7yHhx6","preKeyId":429}}},"version":"v1"}