{"_sessions":{"Bd8A0m2fA7KJ+ZgknJ8d7HxnnupG0r+iusgi2Nx2dK8A":{"registrationId":13201,"currentRatchet":{"ephemeralKeyPair":{"pubKey":"BQq1OljJuy5p4RFGTjsQl02C2GYhWowzKp+5ktbTeL8D","privKey":"uDhrf9ckBcDqhEgSHwob5lzqlSxv/wKiP1Ej6qmDZU8="},"lastRemoteEphemeralKey":"BThipAyrEwCQ14ajviN3wsZG1iIXu+VZj2ks3CtH828Q","previousCounter":0,"rootKey":"PhKykgofAUcJg+CBpMjgM7jOzFHYomfrrKVRwI4xN1I="},"indexInfo":{"baseKey":"Bd8A0m2fA7KJ+ZgknJ8d7HxnnupG0r+iusgi2Nx2dK8A","baseKeyType":1,"closed":-1,"used":1716074381668,"created":1716074381668,"remoteIdentityKey":"BSuLpRd+rMr5xlyooNPG4gNPrzS8sQaIGBPhFaM99h9c"},"_chains":{"BQq1OljJuy5p4RFGTjsQl02C2GYhWowzKp+5ktbTeL8D":{"chainKey":{"counter":0,"key":"IDmZZRkJwnZgdf0rfMXxe8MiL+V5pvuW9+v7W7crCsI="},"chainType":1,"messageKeys":{}}},"pendingPreKey":{"signedKeyId":1,"baseKey":"Bd8A0m2fA7KJ+ZgknJ8d7HxnnupG0r+iusgi2Nx2dK8A"}}},"version":"v1"}