{"_sessions":{"BQ26lwyrdLf4PG+tEJcNHG0EgbRNSqA2peXDn80eYrgi":{"registrationId":1342667028,"currentRatchet":{"ephemeralKeyPair":{"pubKey":"BSPewQwEbp4Ed5UIuqpiAgh462KVz9itJmgl02joTMpr","privKey":"KKf5cczkrTZwRtxjAJOOKY7mS6/EeDjQTT2PoRJ3llk="},"lastRemoteEphemeralKey":"BWu3TIfhZMPnkB/1BCj6L8ROtuZWH+76+4w7KkW6MBE9","previousCounter":0,"rootKey":"wLw8YevcSDzObRasuiJJvtN77N5RiRdhFLPg+Y/y/Nk="},"indexInfo":{"baseKey":"BQ26lwyrdLf4PG+tEJcNHG0EgbRNSqA2peXDn80eYrgi","baseKeyType":1,"closed":-1,"used":1716074382363,"created":1716074382363,"remoteIdentityKey":"BTJTHtIEDcV+O1yG/P43MNGvy+e0jPhmbSNxAgo3nRAK"},"_chains":{"BSPewQwEbp4Ed5UIuqpiAgh462KVz9itJmgl02joTMpr":{"chainKey":{"counter":0,"key":"eds3cizmC9aOkdrHJm8tso6yxVQjkZ/5h/rafxZXZno="},"chainType":1,"messageKeys":{}}},"pendingPreKey":{"signedKeyId":1,"baseKey":"BQ26lwyrdLf4PG+tEJcNHG0EgbRNSqA2peXDn80eYrgi","preKeyId":1061095}}},"version":"v1"}