{"_sessions":{"BedBa/kZwDUljRSAxshPpcNjsXXR2g+b6ALdsgnsKgMH":{"registrationId":1531888148,"currentRatchet":{"ephemeralKeyPair":{"pubKey":"BejsojOlajQJYKwQYK2EWfQFRpKXb/OW6o5s1882Eaci","privKey":"yNQL5FMS3sH/dQ+oazT/9vfvzlZaGGL0QFLVkqjO0Fk="},"lastRemoteEphemeralKey":"BXaeOtODjvUiEb5zkjY5rbSIzWxok14buE6sZ7B/WSBb","previousCounter":0,"rootKey":"fI1Yv1FtCLKEWz9O/o00dB0C0qNQLKpcgkrl7q/LzYw="},"indexInfo":{"baseKey":"BedBa/kZwDUljRSAxshPpcNjsXXR2g+b6ALdsgnsKgMH","baseKeyType":1,"closed":-1,"used":1716074382949,"created":1716074382949,"remoteIdentityKey":"BY6++yCkKk3kgJyQNZgFON5TgZwZV7xxdIfI8lzNOmRV"},"_chains":{"BejsojOlajQJYKwQYK2EWfQFRpKXb/OW6o5s1882Eaci":{"chainKey":{"counter":0,"key":"s+0X6mU+NUQcnKO1DA4NsTfCRvlsIPfIZ0WzER1tQaE="},"chainType":1,"messageKeys":{}}},"pendingPreKey":{"signedKeyId":0,"baseKey":"BedBa/kZwDUljRSAxshPpcNjsXXR2g+b6ALdsgnsKgMH"}}},"version":"v1"}