{"_sessions":{"BUj42FVyQUhU4ZB1pp2QXoG0aAZqszgWbIJmDwbKdBUI":{"registrationId":1715217555,"currentRatchet":{"ephemeralKeyPair":{"pubKey":"BfmLANr+zt1C5LvG4l1lV1no/8UFBfELJOfTvSiIGd9b","privKey":"iNySeeMlR4LcmkYw443BKCSJPe7OqBQ9tjKKUWmo4lM="},"lastRemoteEphemeralKey":"BXIfyoP+siLCpMTgzTD6jsgVdVTygaTLdjlOsUKbpc1/","previousCounter":0,"rootKey":"+RTpq3fc/hSg0zwbRxSVoEIORcGqauYVP4qyydyyPWw="},"indexInfo":{"baseKey":"BUj42FVyQUhU4ZB1pp2QXoG0aAZqszgWbIJmDwbKdBUI","baseKeyType":1,"closed":-1,"used":1716074382505,"created":1716074382505,"remoteIdentityKey":"BSR6XN5vtyVYGIesnlqelaLeBl29CjBTPPEYoGGJmVFQ"},"_chains":{"BfmLANr+zt1C5LvG4l1lV1no/8UFBfELJOfTvSiIGd9b":{"chainKey":{"counter":0,"key":"hQlr86H70OtZ8H178t8K1H6GlzubEr6d2ltH4Wrvd84="},"chainType":1,"messageKeys":{}}},"pendingPreKey":{"signedKeyId":0,"baseKey":"BUj42FVyQUhU4ZB1pp2QXoG0aAZqszgWbIJmDwbKdBUI"}}},"version":"v1"}