{"_sessions":{"BTy+1DCwH32ww2Fn1pSmbsFgmHLxV5ECySfS9FDYBGgq":{"registrationId":1310423799,"currentRatchet":{"ephemeralKeyPair":{"pubKey":"BU8dKX8eAqd31Za/+ZzN8c/XvGsvOj5rlfu2UbAujtIe","privKey":"QNYrKqPdge1FUd5v/VTyL3q3O428b3ro8l1551p2uGk="},"lastRemoteEphemeralKey":"BYuqw3BJpCKfQGKHFW+oF43gfC1m3QRTF6kTmhGobCkq","previousCounter":0,"rootKey":"ENdQFiTZsi+htUDwrsz8Q357Htuoo6T4JSJhdrB+bMo="},"indexInfo":{"baseKey":"BTy+1DCwH32ww2Fn1pSmbsFgmHLxV5ECySfS9FDYBGgq","baseKeyType":1,"closed":-1,"used":1716074382548,"created":1716074382548,"remoteIdentityKey":"BS5rzv5zkHsjg2j95+WOT1ScRErXS5pTuyQzxpTqTUob"},"_chains":{"BU8dKX8eAqd31Za/+ZzN8c/XvGsvOj5rlfu2UbAujtIe":{"chainKey":{"counter":0,"key":"adEHKc49OwsQvmhU1IG4N2mVNbjsmTVOIM71BbD3R18="},"chainType":1,"messageKeys":{}}},"pendingPreKey":{"signedKeyId":1,"baseKey":"BTy+1DCwH32ww2Fn1pSmbsFgmHLxV5ECySfS9FDYBGgq","preKeyId":3136046}}},"version":"v1"}