{"_sessions":{"BXZ9jYafyaaiA+eUJl/6eD2EP4WJMobcJJVclOuRD9s4":{"registrationId":1145280337,"currentRatchet":{"ephemeralKeyPair":{"pubKey":"BdcNoq2EUYDkJPzhmr+ic6Ps9iVdRHjDfovzaXeXMWpE","privKey":"SDiB6DhqTBeASgz2yjWo4zKFHsju0ocvx5J+KYseqk0="},"lastRemoteEphemeralKey":"BX+seL4htyW3nY/QB82WT8uZFg0Gb0s1/aFXh38Xynt3","previousCounter":0,"rootKey":"hfv0ZzI+QUoW+9RmzbEBS++Dq1EVRG5hg67B0QqGQDU="},"indexInfo":{"baseKey":"BXZ9jYafyaaiA+eUJl/6eD2EP4WJMobcJJVclOuRD9s4","baseKeyType":1,"closed":-1,"used":1716074382675,"created":1716074382675,"remoteIdentityKey":"BVuTQNEMYJW2FlK8DT6a8expfHebKFnW5bczUQLkK9Bz"},"_chains":{"BdcNoq2EUYDkJPzhmr+ic6Ps9iVdRHjDfovzaXeXMWpE":{"chainKey":{"counter":0,"key":"7EYSCNodxeSMHL6CD13j0UCQgNm7pcHlfvRgi+gq2u8="},"chainType":1,"messageKeys":{}}},"pendingPreKey":{"signedKeyId":8,"baseKey":"BXZ9jYafyaaiA+eUJl/6eD2EP4WJMobcJJVclOuRD9s4"}}},"version":"v1"}