{"_sessions":{"Bebd1MA9MMWqn5HoSj/IOSYsiv9PBpGPr3+8A9C2vLkV":{"registrationId":247499412,"currentRatchet":{"ephemeralKeyPair":{"pubKey":"BcKgDbbQ0plhAI5ufl0/cqwPeWSoU+AnD6Li6Vvu1DYt","privKey":"UL+l0il/xk9qvb/vkxHfusBZ4zxG1jZf1lXnqyJbW2Y="},"lastRemoteEphemeralKey":"BUApNVt0BeFhpiG0aqxW8quRN2sewHSI4n9LQbv/+AA/","previousCounter":0,"rootKey":"1opkZNc4xWwhGoVt3/uiab9ibFJl4PToKk8uq9wLGuw="},"indexInfo":{"baseKey":"Bebd1MA9MMWqn5HoSj/IOSYsiv9PBpGPr3+8A9C2vLkV","baseKeyType":1,"closed":-1,"used":1716074382658,"created":1716074382658,"remoteIdentityKey":"BUleZLyQZqu3/8W5PzmOcIXzdPDssTQ8aM63njBcHsxH"},"_chains":{"BcKgDbbQ0plhAI5ufl0/cqwPeWSoU+AnD6Li6Vvu1DYt":{"chainKey":{"counter":0,"key":"H4H2szGqkg48jHxrZqLuvULTKx+YaBTfxGpDSLguA14="},"chainType":1,"messageKeys":{}}},"pendingPreKey":{"signedKeyId":1,"baseKey":"Bebd1MA9MMWqn5HoSj/IOSYsiv9PBpGPr3+8A9C2vLkV"}}},"version":"v1"}