{"_sessions":{"BSeErSkaEe3WTxLPKlRrI/7Cxh0twdUy4A8OlQT7Gy9s":{"registrationId":1899693720,"currentRatchet":{"ephemeralKeyPair":{"pubKey":"BUzP4kM0rKvHALv/3UxDtd9HmjvlhZqLuiq69qeOMUpw","privKey":"0AfxUCvHq/KLHSXkDJT96B/OwOrG9Ijo8AY4p+vgbXk="},"lastRemoteEphemeralKey":"BT/y60HjL1MXw5EVhAGNPvYlSVIoidL0RNBweiA52gZJ","previousCounter":0,"rootKey":"R4I1Yo0mtZ1BD7mlrvCS3F3oNdAKU3cUs5Z+hs1Eruc="},"indexInfo":{"baseKey":"BSeErSkaEe3WTxLPKlRrI/7Cxh0twdUy4A8OlQT7Gy9s","baseKeyType":1,"closed":-1,"used":1716074382330,"created":1716074382330,"remoteIdentityKey":"BTd9e6ZbFQgO2oPE2Z1xF/9fBof68tPOt+3N8/kt9WMR"},"_chains":{"BUzP4kM0rKvHALv/3UxDtd9HmjvlhZqLuiq69qeOMUpw":{"chainKey":{"counter":0,"key":"3E9FFAwH3d8kix2U4m7yaio+jqtDoYNfb//ChImI5N0="},"chainType":1,"messageKeys":{}}},"pendingPreKey":{"signedKeyId":29,"baseKey":"BSeErSkaEe3WTxLPKlRrI/7Cxh0twdUy4A8OlQT7Gy9s","preKeyId":12593144}}},"version":"v1"}