{"_sessions":{"BQDlbVqawdwyb9HMCk5pY/8GjL2cbcfaEVzgEYuQrqtQ":{"registrationId":148730863,"currentRatchet":{"ephemeralKeyPair":{"pubKey":"BXVFhzD8ShF273vz/aFCB2qaIT72/3tr7B4oq2V63lFC","privKey":"UII1tBAXcr+vNPugRgzWl2Nz8t/Mk6aDhsGu8+zDXl0="},"lastRemoteEphemeralKey":"BX+8jyB/WERHi8YgnYcwKT+1cTOUT9XylyKYvOm889kq","previousCounter":0,"rootKey":"kVYmRP9x37GpowjOBVmC7+pUbD4XZJH6UIOl8T8f7QI="},"indexInfo":{"baseKey":"BQDlbVqawdwyb9HMCk5pY/8GjL2cbcfaEVzgEYuQrqtQ","baseKeyType":1,"closed":-1,"used":1716074382625,"created":1716074382625,"remoteIdentityKey":"BVxMOozdy0AwHuv6Eue7u8uiSYiSXBQIxihhg11tqZkR"},"_chains":{"BXVFhzD8ShF273vz/aFCB2qaIT72/3tr7B4oq2V63lFC":{"chainKey":{"counter":0,"key":"LbRMOHJEYNirn1QKtr0MfpdSjcL2FDzJuNBj0ADq2Ic="},"chainType":1,"messageKeys":{}}},"pendingPreKey":{"signedKeyId":7,"baseKey":"BQDlbVqawdwyb9HMCk5pY/8GjL2cbcfaEVzgEYuQrqtQ","preKeyId":2488210}}},"version":"v1"}