{"_sessions":{"Bcm+lt4in8WUt2dodjekQ//N5bJO/2iwWzbCK7uUUwtz":{"registrationId":244166826,"currentRatchet":{"ephemeralKeyPair":{"pubKey":"BVjB+6bWSkhB3NfmRTrSqHBNj8MQBSKxlzCUKalTeQF2","privKey":"6CcFZ5luRLF/+FJrhusG33mSPJvwDQj/c3hCbjbnKmo="},"lastRemoteEphemeralKey":"BQy9YvPUtTD1SPuMW3YUKv9LMcCZptsx4zzHYYB3ghxJ","previousCounter":0,"rootKey":"BhlMhy924tQ5DB55bnQ1JgfgR0dbvZBv0EJbZcxjBLA="},"indexInfo":{"baseKey":"Bcm+lt4in8WUt2dodjekQ//N5bJO/2iwWzbCK7uUUwtz","baseKeyType":1,"closed":-1,"used":1716074382982,"created":1716074382982,"remoteIdentityKey":"BSLlZ1t6aaBtnFiGBZFUXYydKY94BvC/aQR9D1FccQR/"},"_chains":{"BVjB+6bWSkhB3NfmRTrSqHBNj8MQBSKxlzCUKalTeQF2":{"chainKey":{"counter":0,"key":"K4vBHLHxfd7AKspDDO0e56FfTtthQwbUH5ZZFIay3R4="},"chainType":1,"messageKeys":{}}},"pendingPreKey":{"signedKeyId":0,"baseKey":"Bcm+lt4in8WUt2dodjekQ//N5bJO/2iwWzbCK7uUUwtz"}}},"version":"v1"}