{"_sessions":{"Ba/sturtHmjTHXNYEvCpb3jOzUygmbdAY/QfpYLuPDIS":{"registrationId":281210998,"currentRatchet":{"ephemeralKeyPair":{"pubKey":"BWOowcDXWXuxI98T/QfX3ty11Ineng7Z+hUA463jZ4dl","privKey":"sEiHRj3Shxt/ejXXWFf5NHKr0Lbwyva/8/t5FdrTh1E="},"lastRemoteEphemeralKey":"Bcs3T3BBHJ5ruoOYfPyfK+FqUJ9DbUgAvw3zYewFl4Q7","previousCounter":0,"rootKey":"4AesTRc0NwrrwtQDAg3aa8J3OT01HbezVkIJ1+yqhBA="},"indexInfo":{"baseKey":"Ba/sturtHmjTHXNYEvCpb3jOzUygmbdAY/QfpYLuPDIS","baseKeyType":1,"closed":-1,"used":1716074382357,"created":1716074382357,"remoteIdentityKey":"BSZhyE/F17NUILtwaNN1wLFXj76BewpEOtrL62XnXqZ3"},"_chains":{"BWOowcDXWXuxI98T/QfX3ty11Ineng7Z+hUA463jZ4dl":{"chainKey":{"counter":0,"key":"6667bhOl8iuXJNQ+SYlnhukjN3oGNVe6MvtnXGdY8dM="},"chainType":1,"messageKeys":{}}},"pendingPreKey":{"signedKeyId":5,"baseKey":"Ba/sturtHmjTHXNYEvCpb3jOzUygmbdAY/QfpYLuPDIS","preKeyId":8559409}}},"version":"v1"}