{"_sessions":{"BZ9+kqfvRcLGiczxaIcXDLMngQh2PuruHiQnX/Ijzo0h":{"registrationId":231917118,"currentRatchet":{"ephemeralKeyPair":{"pubKey":"BSUXRtQBtK61ZdMeb+ONHKXnpf3wG4tWjm4aTXBMZXE6","privKey":"kJ4CyOBQDyQkyOpkdpUwCfXj2QrX2dwNv7xog8HTpEQ="},"lastRemoteEphemeralKey":"BcMX78KSwWV7I+w/rCcjeVw91DSYLpi7t6ALnrTAL+dw","previousCounter":0,"rootKey":"aNWpP+fVEzNsPztCBQEcWah0daGN2MyRr0PvLbyAccU="},"indexInfo":{"baseKey":"BZ9+kqfvRcLGiczxaIcXDLMngQh2PuruHiQnX/Ijzo0h","baseKeyType":1,"closed":-1,"used":1716074382724,"created":1716074382724,"remoteIdentityKey":"BdtDolg1AqlfYE93elniExvYb7+eUnCP+zq9Lc3PRJ4w"},"_chains":{"BSUXRtQBtK61ZdMeb+ONHKXnpf3wG4tWjm4aTXBMZXE6":{"chainKey":{"counter":0,"key":"O24iCyQCLsHvWKXmGeCORGf8XL7ej7K36sCmRP75+Ro="},"chainType":1,"messageKeys":{}}},"pendingPreKey":{"signedKeyId":1,"baseKey":"BZ9+kqfvRcLGiczxaIcXDLMngQh2PuruHiQnX/Ijzo0h","preKeyId":4876706}}},"version":"v1"}