{"_sessions":{"BahvyZNoV+8ET2ETP9+l8I5o3cNCpYW42OQkilnGu2UH":{"registrationId":2088162301,"currentRatchet":{"ephemeralKeyPair":{"pubKey":"BfVTbVrxd4OSDM9d2wpAj5wxHLpBQ29Q2uuVe6uy50db","privKey":"KA6uwqwF8gv3wn8gygVhbJBrIOhYnGCBYe9w8+8+Onw="},"lastRemoteEphemeralKey":"BYJGqAfLmV2lttDfEwSzZ3rf2DdfyoIMnkGMS12apxwB","previousCounter":0,"rootKey":"ffQrTTwhGYQZGbjx7oVwS5qtBYHoL0Veqh5ESb5P0eo="},"indexInfo":{"baseKey":"BahvyZNoV+8ET2ETP9+l8I5o3cNCpYW42OQkilnGu2UH","baseKeyType":1,"closed":-1,"used":1716074382255,"created":1716074382255,"remoteIdentityKey":"BWwnxpZ8wwGOKOhPh1br26PGUj3L+Za8dWWSsoTJU2hf"},"_chains":{"BfVTbVrxd4OSDM9d2wpAj5wxHLpBQ29Q2uuVe6uy50db":{"chainKey":{"counter":0,"key":"1rMcf7SAgE6oXYdG+LFZ112B5djv1hi9kE5qIsA23V4="},"chainType":1,"messageKeys":{}}},"pendingPreKey":{"signedKeyId":32,"baseKey":"BahvyZNoV+8ET2ETP9+l8I5o3cNCpYW42OQkilnGu2UH","preKeyId":15195114}}},"version":"v1"}