{"_sessions":{"BW/Lbk2BfF9bqH6zE0lPbZ82y6yPt5X26zXVGwu9dCIP":{"registrationId":3561239342,"currentRatchet":{"ephemeralKeyPair":{"pubKey":"BYcTZ8NmWj5QefsfIDQ+Fshx6shmumF537fWmqwgzUM7","privKey":"GOwTB9zfHExg4AZmgVCTCuOW9toSqA8ZxXIAmwlR31k="},"lastRemoteEphemeralKey":"BdlqY4ptkBIIGeA/q4s78WVAznUQ/JF2ZF3yQ82p5+IH","previousCounter":0,"rootKey":"p0v3UDPsdtQ3TuuFNtiOxEctJv3yCVLK35Uf3jeFFwc="},"indexInfo":{"baseKey":"BW/Lbk2BfF9bqH6zE0lPbZ82y6yPt5X26zXVGwu9dCIP","baseKeyType":1,"closed":-1,"used":1716074381907,"created":1716074381907,"remoteIdentityKey":"Ba7FNK9ELOZ0mwefFkiX6q4J2GGCVtjIFE1exqLfIVdn"},"_chains":{"BYcTZ8NmWj5QefsfIDQ+Fshx6shmumF537fWmqwgzUM7":{"chainKey":{"counter":0,"key":"rt160o+1lLRl8fxExE6ciAynq4dGRyIvNoRy7sSZMRc="},"chainType":1,"messageKeys":{}}},"pendingPreKey":{"signedKeyId":1,"baseKey":"BW/Lbk2BfF9bqH6zE0lPbZ82y6yPt5X26zXVGwu9dCIP"}}},"version":"v1"}