{"_sessions":{"BQiDMU466XpnV1W4wXRccxutrGcIOCVy48mkXg5hMwUY":{"registrationId":44185072,"currentRatchet":{"ephemeralKeyPair":{"pubKey":"BcRfdh0Gs1g7LzlRn46rLD68f33qzva4t4pc0XT2LO9T","privKey":"YCYQv9xPuh8GIQpGGstdGapwyc6T0S8ThVpgp5L56Gg="},"lastRemoteEphemeralKey":"BaZb/aKQ089hofFynDqGi/P+HlKNRVohkY/InyZYnUhF","previousCounter":0,"rootKey":"GcjANdVdb+cFUiGuKhBdwbCjqpsCjiGNe5zo88zySHg="},"indexInfo":{"baseKey":"BQiDMU466XpnV1W4wXRccxutrGcIOCVy48mkXg5hMwUY","baseKeyType":1,"closed":-1,"used":1716074382391,"created":1716074382391,"remoteIdentityKey":"BXcR1ALUTbvScc7hGcZ3jMyZnqD7hQwhWj6cb8yMwdAJ"},"_chains":{"BcRfdh0Gs1g7LzlRn46rLD68f33qzva4t4pc0XT2LO9T":{"chainKey":{"counter":0,"key":"Tu+vF0oOha/GsqZnrKgRaDcv6JNe0Vc7g0oUTEDXsvI="},"chainType":1,"messageKeys":{}}},"pendingPreKey":{"signedKeyId":2,"baseKey":"BQiDMU466XpnV1W4wXRccxutrGcIOCVy48mkXg5hMwUY","preKeyId":7811023}}},"version":"v1"}