{"_sessions":{"BXjQuJ60jhszLyz0NKWaKkcdAHYiXkmfbuzEbVqPvX05":{"registrationId":457782195,"currentRatchet":{"ephemeralKeyPair":{"pubKey":"BXOZR/pyaSt0uPE4NGMYat75kDC5O/X22ShKfPzjtMMV","privKey":"uCoBOQOwdxvXYQ49zCcKr2ufT0wdFA0mh+dx8xhhXHk="},"lastRemoteEphemeralKey":"BWoyH+xyPEQ7RbMKAK4vS6JIsYmILISjUbcWbz/9aHND","previousCounter":0,"rootKey":"o2IyJXQUQnEQvDrbAn7XX1NTwUjqx39KVqVOENAHsjA="},"indexInfo":{"baseKey":"BXjQuJ60jhszLyz0NKWaKkcdAHYiXkmfbuzEbVqPvX05","baseKeyType":1,"closed":-1,"used":1716074382760,"created":1716074382760,"remoteIdentityKey":"BWRkhoTGZBFKTjRaBvtxbzUMolCGhCRml60bz/lpcdMx"},"_chains":{"BXOZR/pyaSt0uPE4NGMYat75kDC5O/X22ShKfPzjtMMV":{"chainKey":{"counter":0,"key":"lNkgW+mFmEjxPrQA1oJEcKOTqDguKQAmadcoDItlVmk="},"chainType":1,"messageKeys":{}}},"pendingPreKey":{"signedKeyId":0,"baseKey":"BXjQuJ60jhszLyz0NKWaKkcdAHYiXkmfbuzEbVqPvX05","preKeyId":16192190}}},"version":"v1"}