{"_sessions":{"BYIxS2IilnyN6oROvYGK3r9icfpJHnfEmbhE9tuA5Ztq":{"registrationId":1982165359,"currentRatchet":{"ephemeralKeyPair":{"pubKey":"BaSxLvQNBi6JAcDHpQdUqTQazSK/+etU99GjclCjXspF","privKey":"CCrTm0jaerf1GP3AieouzT4RotfTPrz1+UslN6fdiG4="},"lastRemoteEphemeralKey":"BSdeRM56/Pc9S/SHOOW6mjRhvesb4vMDGPiryvYWY6Rf","previousCounter":0,"rootKey":"Y3iUEVNNJTZ9tcRzAuA7w1z37w7thVrIrmZdZw8VjKc="},"indexInfo":{"baseKey":"BYIxS2IilnyN6oROvYGK3r9icfpJHnfEmbhE9tuA5Ztq","baseKeyType":1,"closed":-1,"used":1716074382784,"created":1716074382784,"remoteIdentityKey":"BUOdEojVFgEgWF3UdVpC81abyXLprVSbFsxmmLuX9ZUl"},"_chains":{"BaSxLvQNBi6JAcDHpQdUqTQazSK/+etU99GjclCjXspF":{"chainKey":{"counter":0,"key":"q0IwQQVfb9bYvkuAPeBEaFeoLqwcNbloutHxkD9KI40="},"chainType":1,"messageKeys":{}}},"pendingPreKey":{"signedKeyId":2,"baseKey":"BYIxS2IilnyN6oROvYGK3r9icfpJHnfEmbhE9tuA5Ztq","preKeyId":1110584}}},"version":"v1"}