{"_sessions":{"BfznaFnP+5WMBNmGAY6Z+AN/8GcmgGm2ic5DBXTRwYJs":{"registrationId":385427069,"currentRatchet":{"ephemeralKeyPair":{"pubKey":"BYg8gC1JD3Aa40HloCBL6z8Hf0faIc5022NBe83q3Acn","privKey":"mB5lxDSLIQwPLhUNovMpQsXO7ftU2d86BERBeGblc3o="},"lastRemoteEphemeralKey":"BXFZJG8K3WK3tPzjKFlLiYOso8PQjq1/FkXHXU5Z5+w/","previousCounter":0,"rootKey":"gxpN4H/B7zXhw+XxV/EjE2n/Wes02F8be0ETLRCC9TE="},"indexInfo":{"baseKey":"BfznaFnP+5WMBNmGAY6Z+AN/8GcmgGm2ic5DBXTRwYJs","baseKeyType":1,"closed":-1,"used":1716074382381,"created":1716074382381,"remoteIdentityKey":"BdD2o5nOXOmpKYAY6YrlTlo9GKRmCOYeqRJLGy0HXsdz"},"_chains":{"BYg8gC1JD3Aa40HloCBL6z8Hf0faIc5022NBe83q3Acn":{"chainKey":{"counter":0,"key":"jU3pLgcVMmSPaEok7vNAYpWCuXZI9bEQ3FWQ60DedEA="},"chainType":1,"messageKeys":{}}},"pendingPreKey":{"signedKeyId":3,"baseKey":"BfznaFnP+5WMBNmGAY6Z+AN/8GcmgGm2ic5DBXTRwYJs","preKeyId":1698960}}},"version":"v1"}