{"_sessions":{"BePKQ4sJzzf93ObSJSYc+d2AqzjdDKyg4w0J2Yu1w0QO":{"registrationId":813774221,"currentRatchet":{"ephemeralKeyPair":{"pubKey":"Bbqp15fUmhDShmDkwTUjotQx00ftVOg7zNNhL7Xmt2kK","privKey":"+M2CsEWtR1hOh4B+uHPhz/K/801DgO0GSn8fzoCroGo="},"lastRemoteEphemeralKey":"BelhW2t6C3pdVfJlZ1iAFgyHpXzgzLVfL96KvIP48HhL","previousCounter":0,"rootKey":"/4fXPhkPtNwoor1My+/NlkPGfr5JbD1h1xiKkIjfItg="},"indexInfo":{"baseKey":"BePKQ4sJzzf93ObSJSYc+d2AqzjdDKyg4w0J2Yu1w0QO","baseKeyType":1,"closed":-1,"used":1716074382508,"created":1716074382508,"remoteIdentityKey":"BebK/HrIDzW0aw32jcINNTUqL6lOXxBfm3Sx5hoczBcI"},"_chains":{"Bbqp15fUmhDShmDkwTUjotQx00ftVOg7zNNhL7Xmt2kK":{"chainKey":{"counter":0,"key":"BDcrn7fU6nE/Zi8g1WrVz4V74WghV2ZdqBGiwr7mdl4="},"chainType":1,"messageKeys":{}}},"pendingPreKey":{"signedKeyId":1,"baseKey":"BePKQ4sJzzf93ObSJSYc+d2AqzjdDKyg4w0J2Yu1w0QO","preKeyId":12844439}}},"version":"v1"}