{"_sessions":{"BZ4bZ1X3QO0g0vGnNQMXZjKcbjXtmSPhr93HD7aB+44X":{"registrationId":1864545025,"currentRatchet":{"ephemeralKeyPair":{"pubKey":"BdwG7euq4a3L0TKOVsjAy+OoWNkneLUbqnk+7QDfVQ4K","privKey":"IAr9MGZ3A4WY3iE847GHL8exysXmJi7nZyqXIshEe20="},"lastRemoteEphemeralKey":"BYgik8WLIMypWGSHoTEQMaajYsldasCs3EnNWLakbnM5","previousCounter":0,"rootKey":"hCS1olK02DUPqj9sesngcCXIl6jdofBc0xcHbUXonVA="},"indexInfo":{"baseKey":"BZ4bZ1X3QO0g0vGnNQMXZjKcbjXtmSPhr93HD7aB+44X","baseKeyType":1,"closed":-1,"used":1716074382706,"created":1716074382706,"remoteIdentityKey":"BcaF2SBtUAzIuBZtxHM6VL2tTG9bww51sWSCwFcozkFV"},"_chains":{"BdwG7euq4a3L0TKOVsjAy+OoWNkneLUbqnk+7QDfVQ4K":{"chainKey":{"counter":0,"key":"Y5fw39hX++vDdSRDJ2pzin8pObFT0/utIhkFQhVWJ5k="},"chainType":1,"messageKeys":{}}},"pendingPreKey":{"signedKeyId":0,"baseKey":"BZ4bZ1X3QO0g0vGnNQMXZjKcbjXtmSPhr93HD7aB+44X","preKeyId":8357667}}},"version":"v1"}