{"_sessions":{"BU0z/rfODkGUlGhimhZuiHTi9M8TAo2IXbPNCzz6EBAl":{"registrationId":1333104585,"currentRatchet":{"ephemeralKeyPair":{"pubKey":"BVOXqPz6Qx4exjpuwUCKhuz9+JssqScHvXaHDSTiSPJ5","privKey":"QIQILYusRvTZ9vhzCmHun0Q1TYA5Q35bBFrrtBpEqk0="},"lastRemoteEphemeralKey":"BaRmy/9hD6mR8CaiL/x3ozWjivpl9QjwD5/oeQ36xD1X","previousCounter":0,"rootKey":"skIa/LZFVpYdXH+OwGPPXzqDMMo0rTc939xs5wOmwWo="},"indexInfo":{"baseKey":"BU0z/rfODkGUlGhimhZuiHTi9M8TAo2IXbPNCzz6EBAl","baseKeyType":1,"closed":-1,"used":1716074382910,"created":1716074382910,"remoteIdentityKey":"BWTj9Enztke6s0gNHswv8rHtKNhtURjpTWVyf8RCe8kk"},"_chains":{"BVOXqPz6Qx4exjpuwUCKhuz9+JssqScHvXaHDSTiSPJ5":{"chainKey":{"counter":0,"key":"aIS3uwLDD8RAgWNp44gqKF43GTL74zcBEerUSG5DT5E="},"chainType":1,"messageKeys":{}}},"pendingPreKey":{"signedKeyId":5,"baseKey":"BU0z/rfODkGUlGhimhZuiHTi9M8TAo2IXbPNCzz6EBAl","preKeyId":682199}}},"version":"v1"}