{"_sessions":{"BdEQUZoXf2si9O14kmAI5qKDGuHpLbthk537QLjMwWhS":{"registrationId":438230100,"currentRatchet":{"ephemeralKeyPair":{"pubKey":"Bb4qd0YOPi2p/Z1nA4RU9xx9GCVOU88M+x6uino+uGoa","privKey":"wE8Lw8pFR6a8/cwrfMACqlNPEh2wVyaB9GlXGZVgnVw="},"lastRemoteEphemeralKey":"BQs7xDHDCobYsLOXI8ofkA5eXHgufuEr2nFCaa0Htl58","previousCounter":0,"rootKey":"PgMB5mRZIHX5xqhPBlslPtK5WzatdRaBopy4jzzwZO4="},"indexInfo":{"baseKey":"BdEQUZoXf2si9O14kmAI5qKDGuHpLbthk537QLjMwWhS","baseKeyType":1,"closed":-1,"used":1716074382034,"created":1716074382034,"remoteIdentityKey":"BaioJldQPXW1c50BA/RBltNNKo1Xvcu64MMtjFoiPu4p"},"_chains":{"Bb4qd0YOPi2p/Z1nA4RU9xx9GCVOU88M+x6uino+uGoa":{"chainKey":{"counter":0,"key":"wiAk/SRl8VTLSRkO0FODPI4PF3grzLw+KUXSyHXKBBg="},"chainType":1,"messageKeys":{}}},"pendingPreKey":{"signedKeyId":3,"baseKey":"BdEQUZoXf2si9O14kmAI5qKDGuHpLbthk537QLjMwWhS","preKeyId":16244818}}},"version":"v1"}