{"_sessions":{"BbkfWD3Wd1Q17Y98x1fujB2guCjcEdZ+cngnhrOW9wJ0":{"registrationId":1955496726,"currentRatchet":{"ephemeralKeyPair":{"pubKey":"BZQyCZeEyJaISvsg64UR9fjHh/6FuHCCo5rzi3Qq5Hs9","privKey":"0GEXy9e8IRQhWbcoaHags+RGL07qHfkGEHggXubMGU8="},"lastRemoteEphemeralKey":"BZr6acqokrJjC13Xvry6XBDri4gb+cHEBEA2GwR3fBo+","previousCounter":0,"rootKey":"rFfW9R5mfs2MNRg0l9AV7bj03PWx1bdl+sBcbZyrPGc="},"indexInfo":{"baseKey":"BbkfWD3Wd1Q17Y98x1fujB2guCjcEdZ+cngnhrOW9wJ0","baseKeyType":1,"closed":-1,"used":1716074382650,"created":1716074382650,"remoteIdentityKey":"BdA0p3hCSoEPBm/A8zDWeoFuWY1mssBqD/GFxWhZfwgU"},"_chains":{"BZQyCZeEyJaISvsg64UR9fjHh/6FuHCCo5rzi3Qq5Hs9":{"chainKey":{"counter":0,"key":"xHVA/0dzmhW4vde/f6U5htLBoj/N92aA+YslSYOscdk="},"chainType":1,"messageKeys":{}}},"pendingPreKey":{"signedKeyId":0,"baseKey":"BbkfWD3Wd1Q17Y98x1fujB2guCjcEdZ+cngnhrOW9wJ0","preKeyId":8966958}}},"version":"v1"}