{"_sessions":{"BcH1SIyF+C7VojC/S5jj6BmpD8Mf2Ytfb4ueDma1DGEP":{"registrationId":317178932,"currentRatchet":{"ephemeralKeyPair":{"pubKey":"BRp/tu9yWG5tqXv+1Y3itMucR/OhVcZhDC5xuQ5xQvpR","privKey":"iMVd1NkDBJmzl4nzg0oqSxo0FCkf4r8bBaliLj7AX0E="},"lastRemoteEphemeralKey":"BfiSm3+Ng9eboYE0St9hcWN+iYsccAZkEpYn0I+ECah2","previousCounter":0,"rootKey":"Ye6JcKvbezDu8vkzKJJ1Y5ZCfl/13KwToM4JBaOv2js="},"indexInfo":{"baseKey":"BcH1SIyF+C7VojC/S5jj6BmpD8Mf2Ytfb4ueDma1DGEP","baseKeyType":1,"closed":-1,"used":1716074382636,"created":1716074382636,"remoteIdentityKey":"Be85I+CZjR4dO2DhafIgpJKyrRIoF9OpAFMio2wS51NO"},"_chains":{"BRp/tu9yWG5tqXv+1Y3itMucR/OhVcZhDC5xuQ5xQvpR":{"chainKey":{"counter":0,"key":"aBsiUrlPWYGqxp7FPAJw4EuYCa1tN88T1lNIvI1Lkj0="},"chainType":1,"messageKeys":{}}},"pendingPreKey":{"signedKeyId":0,"baseKey":"BcH1SIyF+C7VojC/S5jj6BmpD8Mf2Ytfb4ueDma1DGEP","preKeyId":15679637}}},"version":"v1"}