{"_sessions":{"BSSnc0zHmUUcNv+jc5avRc/2+s4Qds/xk0CG/ro/q61y":{"registrationId":1160518548,"currentRatchet":{"ephemeralKeyPair":{"pubKey":"BURhOxfeDe8lHV34erG0T1BsU/HWnPTz35OKpvSeGe4v","privKey":"sPyw5wnpzM2kDYY/GbES6uEcIsbwslGLt/O4LtnIrXM="},"lastRemoteEphemeralKey":"BYc4kKDBv4gOHs061pWKKNkd4igX1tZ0IlRy+n4ZyCkq","previousCounter":0,"rootKey":"oCxK5Mziw3BNO7YcJzwrn2eAVPDvGsTyijGd/JNrRVs="},"indexInfo":{"baseKey":"BSSnc0zHmUUcNv+jc5avRc/2+s4Qds/xk0CG/ro/q61y","baseKeyType":1,"closed":-1,"used":1716074382359,"created":1716074382359,"remoteIdentityKey":"BdFuKCJEObvPYw1UYNsZTr3y/iw59ccYcIrRDYeYv55g"},"_chains":{"BURhOxfeDe8lHV34erG0T1BsU/HWnPTz35OKpvSeGe4v":{"chainKey":{"counter":0,"key":"wbZ2ajVTZ5y1sdT4cGJX63czlO4xiC1LZs8SW10MVss="},"chainType":1,"messageKeys":{}}},"pendingPreKey":{"signedKeyId":3,"baseKey":"BSSnc0zHmUUcNv+jc5avRc/2+s4Qds/xk0CG/ro/q61y","preKeyId":1312114}}},"version":"v1"}