{"_sessions":{"BYYCS4vQgzT8p6QcQBorDW8PiX8bHn9iryc+BUKPlE8m":{"registrationId":1462121002,"currentRatchet":{"ephemeralKeyPair":{"pubKey":"BdpYa95Pb/EUcOoUIZL4ZnlAWP9vfJ7SvgexCUy92VZX","privKey":"GM90DfonTwlY2vC2KrkfE6tFiLaqrYz5+K9+xLUqMlA="},"lastRemoteEphemeralKey":"BUzBsgXl0zzN9CcjI/63C33M3+I2/PFxQhRYwDI3ItNa","previousCounter":0,"rootKey":"yyvWHsXa1XIBvv2Ra8HrCAsCbcZp104iMqYN72X9vHQ="},"indexInfo":{"baseKey":"BYYCS4vQgzT8p6QcQBorDW8PiX8bHn9iryc+BUKPlE8m","baseKeyType":1,"closed":-1,"used":1716074382551,"created":1716074382551,"remoteIdentityKey":"BQqUYcN0fFc3IfodaU1WUzpmegmsOwt0fZ8VufgXYx40"},"_chains":{"BdpYa95Pb/EUcOoUIZL4ZnlAWP9vfJ7SvgexCUy92VZX":{"chainKey":{"counter":0,"key":"Va3CkjMlSViiZDqoBlD9uUdhH4OAUdbf8UZHIa2zFXw="},"chainType":1,"messageKeys":{}}},"pendingPreKey":{"signedKeyId":1,"baseKey":"BYYCS4vQgzT8p6QcQBorDW8PiX8bHn9iryc+BUKPlE8m","preKeyId":13932898}}},"version":"v1"}