{"_sessions":{"BXlwXdFLXIAvAkpeZ2HQa/PZNvSA7AgxQRljVqBFzTs9":{"registrationId":965580282,"currentRatchet":{"ephemeralKeyPair":{"pubKey":"BXWni+8IVvarCtHCTG1t7gH6b6EhDAl34G256b6cbCJk","privKey":"YLsDgmWLQw03AyudI54r3L1t7YBhZbxBFeqYgxljkFM="},"lastRemoteEphemeralKey":"BWUTt4/74o+dQeS51lkA/Od8TieMDtgs0DWmDy8MMYhr","previousCounter":0,"rootKey":"3LT7LoQgR9Z38hQqu6U5s7sK1xDdVbKG3xnhxVf/h6k="},"indexInfo":{"baseKey":"BXlwXdFLXIAvAkpeZ2HQa/PZNvSA7AgxQRljVqBFzTs9","baseKeyType":1,"closed":-1,"used":1716074382179,"created":1716074382179,"remoteIdentityKey":"BWgaaxtjxZtMR0EowGnTFGP6AixSrEmMOVqkfpCSMLwM"},"_chains":{"BXWni+8IVvarCtHCTG1t7gH6b6EhDAl34G256b6cbCJk":{"chainKey":{"counter":0,"key":"FNI8YLHai/Z1RXEBH9EwcAswSOOeIZjOmqY/4jjJw2U="},"chainType":1,"messageKeys":{}}},"pendingPreKey":{"signedKeyId":9,"baseKey":"BXlwXdFLXIAvAkpeZ2HQa/PZNvSA7AgxQRljVqBFzTs9","preKeyId":8042126}}},"version":"v1"}