{"_sessions":{"BXxnpdAE6n+cEVcHhhVRQ7F3HRavX89oRWvfzMMegIYM":{"registrationId":581405497,"currentRatchet":{"ephemeralKeyPair":{"pubKey":"BWGiv1qnWLnk6W19hFZYmrEYZo03ogJ9kfDiova/EBlu","privKey":"WPGYDsm531OoVGabrnhfS5WR6hfV50hxavHdq76d9UQ="},"lastRemoteEphemeralKey":"BdriiCflqeaxu5yzsMUxp4uDOG7RmLspEFBkmLXKf4YG","previousCounter":0,"rootKey":"MmdxzJd7jRCWsK+4Y9ZBo6uuonrR50nTonXPDpmbxGE="},"indexInfo":{"baseKey":"BXxnpdAE6n+cEVcHhhVRQ7F3HRavX89oRWvfzMMegIYM","baseKeyType":1,"closed":-1,"used":1716074382620,"created":1716074382620,"remoteIdentityKey":"BY+BTu3x3zptlWSiKftz/UVLOxA3Gq83vCfKHbeUBfMC"},"_chains":{"BWGiv1qnWLnk6W19hFZYmrEYZo03ogJ9kfDiova/EBlu":{"chainKey":{"counter":0,"key":"L+jQscCpk0b9QswN5K/+gEVXUfxkciwpqV6qXFOeUOg="},"chainType":1,"messageKeys":{}}},"pendingPreKey":{"signedKeyId":0,"baseKey":"BXxnpdAE6n+cEVcHhhVRQ7F3HRavX89oRWvfzMMegIYM","preKeyId":10099913}}},"version":"v1"}