{"_sessions":{"BTQ00lgLstNf8UJSNJiCDGCb1zhtxyWDtWUhhkhpdNVO":{"registrationId":1399200332,"currentRatchet":{"ephemeralKeyPair":{"pubKey":"BYzAt6OnVclQCpXF+6AOJVv3dlcFFlgEiySXfx7cyhB3","privKey":"aNuzgA5Qe+lcCyUngFR6ZRagZZOwaMtGhdFLdaPFMXE="},"lastRemoteEphemeralKey":"BVIqLqbw+kEUREV2BZaJK1/mtXkEG9K5Z8jKQx8H+/Vn","previousCounter":0,"rootKey":"XEGwgSFZloXYzAcX0AoCrwU48ztyCvwKSLEXmp+SzIY="},"indexInfo":{"baseKey":"BTQ00lgLstNf8UJSNJiCDGCb1zhtxyWDtWUhhkhpdNVO","baseKeyType":1,"closed":-1,"used":1716074382546,"created":1716074382546,"remoteIdentityKey":"BScrhWMBhdn0nTu47OtjDQPYw9fS1rIO+StxHC8zRr0R"},"_chains":{"BYzAt6OnVclQCpXF+6AOJVv3dlcFFlgEiySXfx7cyhB3":{"chainKey":{"counter":0,"key":"FBCFFA5/1RCd6BpLbU36OIDH2alg6vZooDNZk4rstmI="},"chainType":1,"messageKeys":{}}},"pendingPreKey":{"signedKeyId":15,"baseKey":"BTQ00lgLstNf8UJSNJiCDGCb1zhtxyWDtWUhhkhpdNVO","preKeyId":6027651}}},"version":"v1"}