{"_sessions":{"BaXb1eI/unwL8EbuzvlastBMT9aLdUvCJ0yWh/YNGaQZ":{"registrationId":16065,"currentRatchet":{"ephemeralKeyPair":{"pubKey":"BXiPfTdncA0J+I5vwSQcHvKS9f6TEnslwbJPFjz7LBpV","privKey":"gBf61dsk5JrimcV72WN+omXKSg6v6hpufARq1j2EG1c="},"lastRemoteEphemeralKey":"BfFuWc4nThhVazcqcSPwkwPPIN+nLwxwZXKcDiWRa1MU","previousCounter":0,"rootKey":"4JX4oh+cRlPWAthvhsgN6f+g9BikG5sYgEiAEI5kB8c="},"indexInfo":{"baseKey":"BaXb1eI/unwL8EbuzvlastBMT9aLdUvCJ0yWh/YNGaQZ","baseKeyType":1,"closed":-1,"used":1716074382021,"created":1716074382021,"remoteIdentityKey":"BcVkikyX2ge8aQC0HBo5vawFbLgL8wnvSezMYagsgh1d"},"_chains":{"BXiPfTdncA0J+I5vwSQcHvKS9f6TEnslwbJPFjz7LBpV":{"chainKey":{"counter":0,"key":"9xEFDnmWuL4+R0bU89UmT7DpZBEPcq1jo4tVs3vwJYU="},"chainType":1,"messageKeys":{}}},"pendingPreKey":{"signedKeyId":2,"baseKey":"BaXb1eI/unwL8EbuzvlastBMT9aLdUvCJ0yWh/YNGaQZ","preKeyId":1301}}},"version":"v1"}