{"_sessions":{"Bbp9UQqLqKB+x/qjHwr9WrN0kzjD6U6LD8zcASWuK9sU":{"registrationId":804641706,"currentRatchet":{"ephemeralKeyPair":{"pubKey":"BcY1Hm3JaeYQwNhpZ4YHMLUzOozQLkM/Kf6kIBl+5eFz","privKey":"qDQbbbSeiu8pI+DU7q+qygpzecOKyCX+Gh2VXdeisk8="},"lastRemoteEphemeralKey":"BS7kVHVRAOLfn0qwOMcxMvi3Ddnwi8aCKic6+1joyow/","previousCounter":0,"rootKey":"/+O2pINy9YouX4Yf+81rKnGljKqVS+4/elVnHKMBKEM="},"indexInfo":{"baseKey":"Bbp9UQqLqKB+x/qjHwr9WrN0kzjD6U6LD8zcASWuK9sU","baseKeyType":1,"closed":-1,"used":1716074382631,"created":1716074382631,"remoteIdentityKey":"BSO1Ro3wp9GXGq2n1V3YLngbrV+leZnoo5X8oaXptRJt"},"_chains":{"BcY1Hm3JaeYQwNhpZ4YHMLUzOozQLkM/Kf6kIBl+5eFz":{"chainKey":{"counter":0,"key":"byFAOmFzuf9MHgDRCounEOXK13avyMphjHvoBWwUWvQ="},"chainType":1,"messageKeys":{}}},"pendingPreKey":{"signedKeyId":0,"baseKey":"Bbp9UQqLqKB+x/qjHwr9WrN0kzjD6U6LD8zcASWuK9sU","preKeyId":14320247}}},"version":"v1"}