{"_sessions":{"BTpzWGuBvjRKudMhLAFxwGHVdnl4SJaOHutdwkCXiwoq":{"registrationId":9362,"currentRatchet":{"ephemeralKeyPair":{"pubKey":"BXY67wMzTZzUhTmWxI12XJssDCEw8RHOUZWcOchWCKQ/","privKey":"mLBOnU41D8RZO585Nv5LiUi1B1Cm4mugF3bvfHNtTFk="},"lastRemoteEphemeralKey":"BVXzphkjZR4aN8Pc0VJFQoJDTIS++P34LZLx07w07bVE","previousCounter":0,"rootKey":"og9pq1n1UcvXj23UjuOfFdTzzvD+19kXGniVZ0NXYr4="},"indexInfo":{"baseKey":"BTpzWGuBvjRKudMhLAFxwGHVdnl4SJaOHutdwkCXiwoq","baseKeyType":1,"closed":-1,"used":1716074381823,"created":1716074381823,"remoteIdentityKey":"BW8nmu/oDmWxUTPiwzeAEtE2pxd6+GvrR37g/Fi7/3Qt"},"_chains":{"BXY67wMzTZzUhTmWxI12XJssDCEw8RHOUZWcOchWCKQ/":{"chainKey":{"counter":0,"key":"PGkvqUIIl/RnABeOkhYFSh8O5EYFHAi38161VpY6jWk="},"chainType":1,"messageKeys":{}}},"pendingPreKey":{"signedKeyId":1,"baseKey":"BTpzWGuBvjRKudMhLAFxwGHVdnl4SJaOHutdwkCXiwoq","preKeyId":533}}},"version":"v1"}