{"_sessions":{"Bf6NsTxtJOI/yJJlnsYTgH8eprvpJUw89P+qYH86kXg9":{"registrationId":1886406992,"currentRatchet":{"ephemeralKeyPair":{"pubKey":"BU5/huXkmp6+Esm1LW0Ffp5LPjtZRi+4GmK1VPWG3YwO","privKey":"AKn+j+f+/7Fm2DkSJHVcTJ7sNHRGhD2vFsuiN7YPLkY="},"lastRemoteEphemeralKey":"BdbTzzcVNLq8ip7Tyt32AlUIxT++6/BykqMMDqymfDlH","previousCounter":0,"rootKey":"3cN65I+ET2Jzwpr3qVqGBsOPERU6t8N60Y9zzKZFQmM="},"indexInfo":{"baseKey":"Bf6NsTxtJOI/yJJlnsYTgH8eprvpJUw89P+qYH86kXg9","baseKeyType":1,"closed":-1,"used":1716074381988,"created":1716074381988,"remoteIdentityKey":"BeqccOmUTQ+xO0U6/KgnedIsoscSIXGYs6vU4ZFP8mVs"},"_chains":{"BU5/huXkmp6+Esm1LW0Ffp5LPjtZRi+4GmK1VPWG3YwO":{"chainKey":{"counter":0,"key":"QpeZZQZh25epXQx+1VjbrwY+F/nNzrR0ek2FrGIsFq4="},"chainType":1,"messageKeys":{}}},"pendingPreKey":{"signedKeyId":0,"baseKey":"Bf6NsTxtJOI/yJJlnsYTgH8eprvpJUw89P+qYH86kXg9","preKeyId":8975492}}},"version":"v1"}