{"_sessions":{"BWZAIUmQ2Kzda5uN5TpVTF1Uh+KJcIoY70qvxV+8rhQP":{"registrationId":1872719111,"currentRatchet":{"ephemeralKeyPair":{"pubKey":"BU9uIgrJ5G9nGDo4wt9JjXB4l28ddnEgKnn1qrOxXvV3","privKey":"kIiAjChjUgEAaolBwo1JY9WodBUvM2t1tKcUSS1GLUw="},"lastRemoteEphemeralKey":"BdtW4SHadeg8kYmsPclS5uEmvgVrbAEch7zWgStmepIK","previousCounter":0,"rootKey":"4fpyFUWIAa5sw4v3tT8kFKW6E/NSmmbVAL6a+PYNt/A="},"indexInfo":{"baseKey":"BWZAIUmQ2Kzda5uN5TpVTF1Uh+KJcIoY70qvxV+8rhQP","baseKeyType":1,"closed":-1,"used":1716074382901,"created":1716074382901,"remoteIdentityKey":"BRyoZffBqeMsaD7NWWJgp93p0wxvEqdjcLEtU+RjJFY7"},"_chains":{"BU9uIgrJ5G9nGDo4wt9JjXB4l28ddnEgKnn1qrOxXvV3":{"chainKey":{"counter":0,"key":"piFQj5oq4YkIg3VydjGBEjs34NmH2bP+GI9Axk0ycpI="},"chainType":1,"messageKeys":{}}},"pendingPreKey":{"signedKeyId":6,"baseKey":"BWZAIUmQ2Kzda5uN5TpVTF1Uh+KJcIoY70qvxV+8rhQP","preKeyId":7647737}}},"version":"v1"}