{"_sessions":{"BZVTEdxSCE4KiiaIYm1Q6BEB7uqY0c1rsw+xcwf2Ib5W":{"registrationId":1992106074,"currentRatchet":{"ephemeralKeyPair":{"pubKey":"BW7LWmPs+mW9VuTd3GmWADl3tokfjAe6in0tXKVA7z9D","privKey":"MDaxshbz+Iohk7jRRlPvYuq5y9YN8jZUm2mNa9Hf43w="},"lastRemoteEphemeralKey":"BYwl3E92wpizRLgzmFNP7i/mV+zkIMAARY5KNk3NEYAq","previousCounter":0,"rootKey":"jo3Bo/iswxXCTs1+qhc2mvMAJVaDL1pI21IF3vvZ0j0="},"indexInfo":{"baseKey":"BZVTEdxSCE4KiiaIYm1Q6BEB7uqY0c1rsw+xcwf2Ib5W","baseKeyType":1,"closed":-1,"used":1716074382866,"created":1716074382866,"remoteIdentityKey":"BbowW0x1QmIfwjO/X3Ii03Wdgb18KOh/TJz72TurQ/0U"},"_chains":{"BW7LWmPs+mW9VuTd3GmWADl3tokfjAe6in0tXKVA7z9D":{"chainKey":{"counter":0,"key":"KvPfaWqBRAm1L04qB9aL/z3ImPpQ32kfi4K3+N/zyIE="},"chainType":1,"messageKeys":{}}},"pendingPreKey":{"signedKeyId":1,"baseKey":"BZVTEdxSCE4KiiaIYm1Q6BEB7uqY0c1rsw+xcwf2Ib5W","preKeyId":9013209}}},"version":"v1"}