{"_sessions":{"BYFbVuXWPq0QWaCmTU92z+FoeMghsjy7tch63qfHE4hX":{"registrationId":2108280603,"currentRatchet":{"ephemeralKeyPair":{"pubKey":"BfQRtQTfBENisOsQUKRWHahcMsWsJk+rF/a3Q2bX9ldH","privKey":"KHgpr8NWWhtUXtFG0f2Nk1wKQ5RoPrZefY1PEkHODHo="},"lastRemoteEphemeralKey":"Ba9KlL0xjhkkLlqNDmqFCVJrzjPPsCJ52GKyjcte3uwv","previousCounter":0,"rootKey":"XjJU+OCGbFdW5bgMnBy04Ql/DtGx/IdTt0ybEGvfNqI="},"indexInfo":{"baseKey":"BYFbVuXWPq0QWaCmTU92z+FoeMghsjy7tch63qfHE4hX","baseKeyType":1,"closed":-1,"used":1716074382007,"created":1716074382007,"remoteIdentityKey":"BbJP0ZuKRwTEF2wsAM2KUyNicFwX1K28h/1hcI8thD9b"},"_chains":{"BfQRtQTfBENisOsQUKRWHahcMsWsJk+rF/a3Q2bX9ldH":{"chainKey":{"counter":0,"key":"WIaAa3JzGkSLd0GLUrUcGyMbcFYK56oNHlGmxfiNpzg="},"chainType":1,"messageKeys":{}}},"pendingPreKey":{"signedKeyId":1,"baseKey":"BYFbVuXWPq0QWaCmTU92z+FoeMghsjy7tch63qfHE4hX","preKeyId":12037}}},"version":"v1"}