{"_sessions":{"Bc4zTLAEYnZDxkIYYOKzxoyauhOII7M3iR6XfaOg28Bz":{"registrationId":1957799863,"currentRatchet":{"ephemeralKeyPair":{"pubKey":"BftF22+RP3xi08BxkPJXiIVpgf83BLi/gCTKUJZ716w9","privKey":"4Amga5JFGufiYkL+out4egFYEDuMa/JGoSD/ZL31cXk="},"lastRemoteEphemeralKey":"BfmeODnqLjEEsjQohhcilbX1IB+Pam8u7hn1vYiwwrFY","previousCounter":0,"rootKey":"0rUvoCCwQNQsaJLRSW1L5sCcKKCKaidn0kvXS9qViTY="},"indexInfo":{"baseKey":"Bc4zTLAEYnZDxkIYYOKzxoyauhOII7M3iR6XfaOg28Bz","baseKeyType":1,"closed":-1,"used":1716074382688,"created":1716074382688,"remoteIdentityKey":"BUx/UWOWal9CHFuT87PwzAr9Js4N6UL/bRQPSiaOoiM0"},"_chains":{"BftF22+RP3xi08BxkPJXiIVpgf83BLi/gCTKUJZ716w9":{"chainKey":{"counter":0,"key":"URGW6W/uXBY3vQLDLqSavCP1BqCiRBDkJ2Q5bKbdiPc="},"chainType":1,"messageKeys":{}}},"pendingPreKey":{"signedKeyId":1,"baseKey":"Bc4zTLAEYnZDxkIYYOKzxoyauhOII7M3iR6XfaOg28Bz","preKeyId":7362433}}},"version":"v1"}