{"_sessions":{"BVNXXzHmWnWL1d2i+fwuATsi2umelRt9SGVuBVk8X4Jj":{"registrationId":1295145621,"currentRatchet":{"ephemeralKeyPair":{"pubKey":"BciHgssqlJ5Iehr0LGxi5y/bs7ar0LLi7dic75tDEnl4","privKey":"gAjZu7EOIJo5BQadFdnzfyk1mM/CHma6KL5eZP9VtHQ="},"lastRemoteEphemeralKey":"Bes/vT5eq7i/82TZdTamkkhE/ndt+1Vd869ogXjY9CIL","previousCounter":0,"rootKey":"U9vuEazqrAgtAQoIEMgM2e6aKWo6VYTEETfcWMreERU="},"indexInfo":{"baseKey":"BVNXXzHmWnWL1d2i+fwuATsi2umelRt9SGVuBVk8X4Jj","baseKeyType":1,"closed":-1,"used":1716074383024,"created":1716074383024,"remoteIdentityKey":"BdnYodgYeV7ZrHHpsr3YcT9zNQ8obT3q9oJtjLt/XRRW"},"_chains":{"BciHgssqlJ5Iehr0LGxi5y/bs7ar0LLi7dic75tDEnl4":{"chainKey":{"counter":0,"key":"Z7bl3+kJybTIdxdUhboDNpVe3tCzkXpFdVHrudxGzUo="},"chainType":1,"messageKeys":{}}},"pendingPreKey":{"signedKeyId":14,"baseKey":"BVNXXzHmWnWL1d2i+fwuATsi2umelRt9SGVuBVk8X4Jj","preKeyId":11020189}}},"version":"v1"}