{"_sessions":{"BfzMG3f7iYV1yv557I1jcAbmjkXaGQNVYUnnJubk26EK":{"registrationId":1349471532,"currentRatchet":{"ephemeralKeyPair":{"pubKey":"BZ+InqPS4Nt9+eTkb+FvcjuOApQ6gEHfCnQQvqaJMOc8","privKey":"AMmAi3FsqbbUiUgEKF3lh2BA5aPGnmFkUsw3J7PhKls="},"lastRemoteEphemeralKey":"BcX4H5Yoq1IG5B0No0ypoISzquTNSyr3jxt5sffwSy1F","previousCounter":0,"rootKey":"zrtCNnmg6K+QxtLTjj++NeF+4ihgMEtwZTve0UayByk="},"indexInfo":{"baseKey":"BfzMG3f7iYV1yv557I1jcAbmjkXaGQNVYUnnJubk26EK","baseKeyType":1,"closed":-1,"used":1716074382480,"created":1716074382480,"remoteIdentityKey":"BZx9ihfWPsoLu+YFT3HCR49uG7O1qbeNE+LtKV5PG1Mo"},"_chains":{"BZ+InqPS4Nt9+eTkb+FvcjuOApQ6gEHfCnQQvqaJMOc8":{"chainKey":{"counter":0,"key":"q/remOH4fNz25ebugaY7R5Rp/gIAFaMG7xb2w0qFcOE="},"chainType":1,"messageKeys":{}}},"pendingPreKey":{"signedKeyId":2,"baseKey":"BfzMG3f7iYV1yv557I1jcAbmjkXaGQNVYUnnJubk26EK"}}},"version":"v1"}