{"_sessions":{"Befu8jIytzi7g8XNQA6cC8iSOKu+ApZyxU3QCgDPCadM":{"registrationId":5782,"currentRatchet":{"ephemeralKeyPair":{"pubKey":"BQik2QYOh3v6C795hDnqlGQOfk0ZG+v1X0pwltiSkYgE","privKey":"KLmMhH52aEgE/AupC8oNuXbeom+YZJf9Rx0SvXyGMnk="},"lastRemoteEphemeralKey":"BQW6CeHomnBlLOSZap9uJPcLxvachdxcJY7BdvijLIYb","previousCounter":0,"rootKey":"5Oxh1bx7MXGF3ODbjwlEv1w4/tDMZT5OF0MQDD0v4Wc="},"indexInfo":{"baseKey":"Befu8jIytzi7g8XNQA6cC8iSOKu+ApZyxU3QCgDPCadM","baseKeyType":1,"closed":-1,"used":1716074381737,"created":1716074381737,"remoteIdentityKey":"BUtp3FSgxCbDdax/7CkESYuD9skhFPwalm9+1f7hNih8"},"_chains":{"BQik2QYOh3v6C795hDnqlGQOfk0ZG+v1X0pwltiSkYgE":{"chainKey":{"counter":0,"key":"69fd64qwkkNYG6KJBIhttip2gajAA7CR0S2eilNPDxI="},"chainType":1,"messageKeys":{}}},"pendingPreKey":{"signedKeyId":1,"baseKey":"Befu8jIytzi7g8XNQA6cC8iSOKu+ApZyxU3QCgDPCadM"}}},"version":"v1"}