{"_sessions":{"BYlV53cYq2VVgjVXhEsO8LsoHT3vtpoPOL80qPhpMMUO":{"registrationId":2074440091,"currentRatchet":{"ephemeralKeyPair":{"pubKey":"BfdnLgCfewSTE6r11DHK5ClHTzUcfcfA5T8jw62eZ4Rg","privKey":"OPZiLbma4eWB4JVqAgzp0+HYtHJlJBPiUgre2mEdF0s="},"lastRemoteEphemeralKey":"BczmC0W94BSQBDN+bWUUEk+hnAHeo57ge38nZLicMaEd","previousCounter":0,"rootKey":"0FFcHPsrK4LwrFC8sRjdKxblqvS3SwuYPdysslm6G7U="},"indexInfo":{"baseKey":"BYlV53cYq2VVgjVXhEsO8LsoHT3vtpoPOL80qPhpMMUO","baseKeyType":1,"closed":-1,"used":1716074382591,"created":1716074382591,"remoteIdentityKey":"BX0hrq+fMDvF4PBBL3s1Jz8kcVWrG+vf4ISSeIcmKP5p"},"_chains":{"BfdnLgCfewSTE6r11DHK5ClHTzUcfcfA5T8jw62eZ4Rg":{"chainKey":{"counter":0,"key":"JNoH5IvbMCksa6CmFReLxOTUX5lm6BkEMgbqerz9Z0I="},"chainType":1,"messageKeys":{}}},"pendingPreKey":{"signedKeyId":1,"baseKey":"BYlV53cYq2VVgjVXhEsO8LsoHT3vtpoPOL80qPhpMMUO","preKeyId":15357438}}},"version":"v1"}