{"_sessions":{"BWo6sZ+SYmjIRq8ULy4OmAsfJ7kidOIOeJUQcoCRSi5f":{"registrationId":3854624515,"currentRatchet":{"ephemeralKeyPair":{"pubKey":"Bcvel4Qoi//lLFn0uBsffczzGID4jZFGbB2H3rvlktcT","privKey":"8OQEx5yihwT1L6ZBo6A2BjzH6Q51WTMhcV3nGHuRYFY="},"lastRemoteEphemeralKey":"BYmAfnqYktY9rVKQkvjS9t7wk+PS5O6c4PpacWowBoIu","previousCounter":0,"rootKey":"Cly3bw/M7qa4RSA5H/qwSTpglkaHS7sRbaw+Eat9Sdo="},"indexInfo":{"baseKey":"BWo6sZ+SYmjIRq8ULy4OmAsfJ7kidOIOeJUQcoCRSi5f","baseKeyType":1,"closed":-1,"used":1716074381847,"created":1716074381847,"remoteIdentityKey":"Bc9MrrD8sJ9+1j78ovhb+AY1Ejfes4Ey97paUd+jb8wB"},"_chains":{"Bcvel4Qoi//lLFn0uBsffczzGID4jZFGbB2H3rvlktcT":{"chainKey":{"counter":0,"key":"v3MmQMMEH+QLuk2hui4tBz6Ndp/n5Ky4qbGCbMLetJE="},"chainType":1,"messageKeys":{}}},"pendingPreKey":{"signedKeyId":1,"baseKey":"BWo6sZ+SYmjIRq8ULy4OmAsfJ7kidOIOeJUQcoCRSi5f"}}},"version":"v1"}