{"_sessions":{"BZ9bYm6vGM9endlApcYETqL+O5RJSH5cPIa8lwSzV7kU":{"registrationId":494821029,"currentRatchet":{"ephemeralKeyPair":{"pubKey":"BZ+fJRs2sjxBOa+y38F9b147BZzkqRgvWG/NZ27Gu5Md","privKey":"ACMJFRIF4n9nnz3lWgV+z6Wws5TJaLi9qJS26JPVwXY="},"lastRemoteEphemeralKey":"BUHLjVtyvscuGqmG3mK+iN96YZzkubwSKnFoV/26t+5m","previousCounter":0,"rootKey":"DPUC1A21Mt03gd/xp0KEk2xG08Pz/8MKkV997e5wfuw="},"indexInfo":{"baseKey":"BZ9bYm6vGM9endlApcYETqL+O5RJSH5cPIa8lwSzV7kU","baseKeyType":1,"closed":-1,"used":1716074382075,"created":1716074382075,"remoteIdentityKey":"BacMRf0f+BSOxJHcoxUD/34vqdcJ7BwZo516bqtY+XBZ"},"_chains":{"BZ+fJRs2sjxBOa+y38F9b147BZzkqRgvWG/NZ27Gu5Md":{"chainKey":{"counter":0,"key":"dsn+jm66YkA5utr6FCPSO8gZdvuzrYtueJuT3LA+PWM="},"chainType":1,"messageKeys":{}}},"pendingPreKey":{"signedKeyId":5,"baseKey":"BZ9bYm6vGM9endlApcYETqL+O5RJSH5cPIa8lwSzV7kU","preKeyId":4872531}}},"version":"v1"}