{"_sessions":{"Bfyp/+Fxkcyoeec6f9tprn12M0Hf3mkNLSPQOLtjSX5E":{"registrationId":1016161188,"currentRatchet":{"ephemeralKeyPair":{"pubKey":"BRNTtUavv49YBMCmC6pZMskLbTTQ2K2a71FOM2RDKLNR","privKey":"iL1IhqjY5YMRc7tMO7RoInk2QwI4DwwfZIdYBLpNi18="},"lastRemoteEphemeralKey":"BXR4eHMg8mVUY6VvDxbJFp+TlTRyMjgSfKPWEyX+9s88","previousCounter":0,"rootKey":"4RXCxaam5JcYonA/Qg2aEWxh0y+0B8rqNJLVROzv/eo="},"indexInfo":{"baseKey":"Bfyp/+Fxkcyoeec6f9tprn12M0Hf3mkNLSPQOLtjSX5E","baseKeyType":1,"closed":-1,"used":1716074382499,"created":1716074382499,"remoteIdentityKey":"BY559RnDJjz205PISif1FGVLoBMx/z1/HHTwm+bT8ud9"},"_chains":{"BRNTtUavv49YBMCmC6pZMskLbTTQ2K2a71FOM2RDKLNR":{"chainKey":{"counter":0,"key":"2oj+6xLPbNCQWSsU65ggAZL/Dqw7rlTjyxwXwLzBHKI="},"chainType":1,"messageKeys":{}}},"pendingPreKey":{"signedKeyId":0,"baseKey":"Bfyp/+Fxkcyoeec6f9tprn12M0Hf3mkNLSPQOLtjSX5E","preKeyId":4053869}}},"version":"v1"}