{"_sessions":{"BW0ruXWxRTrbxpeH5lOZPEJd9UKaYey3Vkdk3QDj9DB5":{"registrationId":22924465,"currentRatchet":{"ephemeralKeyPair":{"pubKey":"BeXNy86F96Wu12Ndh75TJuLWyrmqGDYTlmVw8dPPnJpa","privKey":"qIQkphNE3erLgqyCnp4JY7YExXLDEdtRoiGvuhMtyU4="},"lastRemoteEphemeralKey":"BdVk+SDtTMXxD/Q+BXmHP/1RWhue7vLNp7q1/snbLPEB","previousCounter":0,"rootKey":"lZHHaz8Blx9a0s9vUiXROyeNs/jdiKwpF4QW7lLfnJg="},"indexInfo":{"baseKey":"BW0ruXWxRTrbxpeH5lOZPEJd9UKaYey3Vkdk3QDj9DB5","baseKeyType":1,"closed":-1,"used":1716074383012,"created":1716074383012,"remoteIdentityKey":"BSZCgsRr1gbMTCiQqqjnMQx00OA3XoXdLdV3B9eKA912"},"_chains":{"BeXNy86F96Wu12Ndh75TJuLWyrmqGDYTlmVw8dPPnJpa":{"chainKey":{"counter":0,"key":"or7OQc9WzFBKyy6amthVjzBEqBrtdXaUsWIaGg7DWaQ="},"chainType":1,"messageKeys":{}}},"pendingPreKey":{"signedKeyId":1,"baseKey":"BW0ruXWxRTrbxpeH5lOZPEJd9UKaYey3Vkdk3QDj9DB5","preKeyId":4142951}}},"version":"v1"}