{"_sessions":{"BXeaPpUY99BiFaolMrAjgHlilF9Fpf8lpsf4S21oEpFL":{"registrationId":605205059,"currentRatchet":{"ephemeralKeyPair":{"pubKey":"BbSZkuPSzido12k81Ne20Q+EmGcgd2tlqhpkPjaoYkNU","privKey":"6FX8eVVbYLtRA7Zeqb2z+m3GZQKsPjDnFvM33gGkH0U="},"lastRemoteEphemeralKey":"BXumb9HRagpl+k8UPOcBMSiul0o3mv69/fhabqLBaaUO","previousCounter":0,"rootKey":"sdTUvELSEebSHydLTZIE/A+OOf/c9txexsBG2W/2BEQ="},"indexInfo":{"baseKey":"BXeaPpUY99BiFaolMrAjgHlilF9Fpf8lpsf4S21oEpFL","baseKeyType":1,"closed":-1,"used":1716074382652,"created":1716074382652,"remoteIdentityKey":"BbM8Z9FZX9ccWFX8t2aTHJnKB56V+knRJ5rFori3O3tB"},"_chains":{"BbSZkuPSzido12k81Ne20Q+EmGcgd2tlqhpkPjaoYkNU":{"chainKey":{"counter":0,"key":"ZxQEV7ZlU4ldZSi8bnzDaUYns9m77Zl7M/HRcxCAYRY="},"chainType":1,"messageKeys":{}}},"pendingPreKey":{"signedKeyId":1,"baseKey":"BXeaPpUY99BiFaolMrAjgHlilF9Fpf8lpsf4S21oEpFL"}}},"version":"v1"}