{"_sessions":{"BdIGQvf8pwN3gYg4TUDN1J9xV3yYdYW5Qc7ue2fd8V5H":{"registrationId":8734,"currentRatchet":{"ephemeralKeyPair":{"pubKey":"Ba3++mquWHS1dk4kt+8f+/Ut1zGA4GmLGFbSFNeNGKFA","privKey":"IFjqwkpBcNgyw13xXU8ATE9qLYReV29Sqj3nzscEs30="},"lastRemoteEphemeralKey":"Bb7pmT5WBfiepSAyiJR/WJZOLhvHFLJyco5+CDlj/4Mc","previousCounter":0,"rootKey":"kzrHam9ohmOlZaaBiC/J/l0PRSX1x+8/rFJMCOF2YH8="},"indexInfo":{"baseKey":"BdIGQvf8pwN3gYg4TUDN1J9xV3yYdYW5Qc7ue2fd8V5H","baseKeyType":1,"closed":-1,"used":1716074381817,"created":1716074381817,"remoteIdentityKey":"BT/+ra3Tt7NlDvviM8Pfi8NggTJKoyhT64++T04ulZkz"},"_chains":{"Ba3++mquWHS1dk4kt+8f+/Ut1zGA4GmLGFbSFNeNGKFA":{"chainKey":{"counter":0,"key":"zxIZTuquVW/xTEN2uIhSP9eYSi/BtqbEP3R7gb1ItF4="},"chainType":1,"messageKeys":{}}},"pendingPreKey":{"signedKeyId":1,"baseKey":"BdIGQvf8pwN3gYg4TUDN1J9xV3yYdYW5Qc7ue2fd8V5H"}}},"version":"v1"}