{"_sessions":{"BXEAPAc7Z6Zai8Q7ICGy293EGpr54K3XYGPGcQn/HBpE":{"registrationId":764432701,"currentRatchet":{"ephemeralKeyPair":{"pubKey":"BWveUgv1ODeneiB4/+SKHGsev8kWUD2zLTl5X6FnlQ8v","privKey":"CLK27y1YGD0p7d4GV78YlnSiLvdEkbtpX2aBPHPUx3o="},"lastRemoteEphemeralKey":"Bcaq0YMG9mUNPM4BWTenR5abk/lL0XEGtARMdgTkqoIR","previousCounter":0,"rootKey":"D0vk9qmJhW9NWCoiQf4qboZzao3TsDV/23SY1xL6Af8="},"indexInfo":{"baseKey":"BXEAPAc7Z6Zai8Q7ICGy293EGpr54K3XYGPGcQn/HBpE","baseKeyType":1,"closed":-1,"used":1716074382204,"created":1716074382204,"remoteIdentityKey":"BVYFdGWvvszT8xgGp4vJKN/7+xxXsLJ0H4ymsr/4uDBV"},"_chains":{"BWveUgv1ODeneiB4/+SKHGsev8kWUD2zLTl5X6FnlQ8v":{"chainKey":{"counter":0,"key":"PRBsf93yoh3PsH/NnsA2zI09/TQF2EsMdj6oeInSbG0="},"chainType":1,"messageKeys":{}}},"pendingPreKey":{"signedKeyId":4,"baseKey":"BXEAPAc7Z6Zai8Q7ICGy293EGpr54K3XYGPGcQn/HBpE"}}},"version":"v1"}