{"_sessions":{"BY9btz7REw6OjHL8oGIC+wqxF1CtVurFbwiNnW+Oamsn":{"registrationId":2135696553,"currentRatchet":{"ephemeralKeyPair":{"pubKey":"BZsCsycINuTWqBsvy87EEf4Cvf0ZMWiLtVfMwWrBoj8v","privKey":"4Nyqar7iffIgFLCzJvJmdLQdWh/nA2I29m659PxBiV8="},"lastRemoteEphemeralKey":"BcsTsWKkWyF31Ee8rSP9a5HlL2mbTfn6N5QWSeC/Ybgg","previousCounter":0,"rootKey":"RBsQ1jzke12s6XR9vY3WRTcdzlofrC3kMLzSzTbV8YY="},"indexInfo":{"baseKey":"BY9btz7REw6OjHL8oGIC+wqxF1CtVurFbwiNnW+Oamsn","baseKeyType":1,"closed":-1,"used":1716074382226,"created":1716074382226,"remoteIdentityKey":"BWL/TEffIoiBAeOjTk8qbPWU3zBiZnXLzlVWqw6S951b"},"_chains":{"BZsCsycINuTWqBsvy87EEf4Cvf0ZMWiLtVfMwWrBoj8v":{"chainKey":{"counter":0,"key":"PA6Rs1uLq9DTGFWgsktHUhaUpSrmaWNFOSX+/nv1C50="},"chainType":1,"messageKeys":{}}},"pendingPreKey":{"signedKeyId":1,"baseKey":"BY9btz7REw6OjHL8oGIC+wqxF1CtVurFbwiNnW+Oamsn","preKeyId":13244809}}},"version":"v1"}