{"_sessions":{"BQh2J+0Fl+adIJHsOJE6kAMfhyRNIbEdjjoFEn7CPz4D":{"registrationId":459520324,"currentRatchet":{"ephemeralKeyPair":{"pubKey":"BeKuqPslM8Usubg5TnE6eicmxYPvuR3C/e5ZDsJcrSVL","privKey":"8HQZF9h200cPd1w4R2vlC+zEGDHS1kXYmmCQdDOnyHo="},"lastRemoteEphemeralKey":"BSTQjVKS+jXs0wP1dm0WmI2OxtFgtiS+R3uLZog/Y5ga","previousCounter":0,"rootKey":"lRsKBrOvvrfamyh/EshnY74vJNRTKrqkl5NV85HpmHI="},"indexInfo":{"baseKey":"BQh2J+0Fl+adIJHsOJE6kAMfhyRNIbEdjjoFEn7CPz4D","baseKeyType":1,"closed":-1,"used":1716074382470,"created":1716074382470,"remoteIdentityKey":"BQHobzxxlePpTUNsxzrDotK1tBG+D2ugMo+jL2uKNmpX"},"_chains":{"BeKuqPslM8Usubg5TnE6eicmxYPvuR3C/e5ZDsJcrSVL":{"chainKey":{"counter":0,"key":"1Xa5R/QG6h1dSIqSTove0rUrLq4ZsDLtIGkw1QgEkJo="},"chainType":1,"messageKeys":{}}},"pendingPreKey":{"signedKeyId":2,"baseKey":"BQh2J+0Fl+adIJHsOJE6kAMfhyRNIbEdjjoFEn7CPz4D","preKeyId":14090416}}},"version":"v1"}