{"_sessions":{"Bf17AtCTLokl/m3nKuPafj3wIODoF3Xu2a7YuvMwMIog":{"registrationId":2051478549,"currentRatchet":{"ephemeralKeyPair":{"pubKey":"Bf3aJV15l0GOE2YSvmDkPDxxWhcF8N1z2q2xtcHNZ6pZ","privKey":"aNMev0hgBuzLl0s4riDu1Yc6Yt0MOy+3ZG+WC5GLyV8="},"lastRemoteEphemeralKey":"BR68ZKUZOWqRwadUI9R5Ve0Gg2fD/pjapdRO55skBsd2","previousCounter":0,"rootKey":"pm1wGhSeuoQp541L6iUjk7Hvwlzo4UhcTWwJksb29ro="},"indexInfo":{"baseKey":"Bf17AtCTLokl/m3nKuPafj3wIODoF3Xu2a7YuvMwMIog","baseKeyType":1,"closed":-1,"used":1716074382623,"created":1716074382623,"remoteIdentityKey":"BW7OTD0Lf5c+SwniF3HcD7HM+QtOwCRHN/XkmyWkD6Z1"},"_chains":{"Bf3aJV15l0GOE2YSvmDkPDxxWhcF8N1z2q2xtcHNZ6pZ":{"chainKey":{"counter":0,"key":"9G+QFrAArq31nts1Z/R3KfkP98nwBwyFWpHkyvN4Ugo="},"chainType":1,"messageKeys":{}}},"pendingPreKey":{"signedKeyId":2,"baseKey":"Bf17AtCTLokl/m3nKuPafj3wIODoF3Xu2a7YuvMwMIog","preKeyId":6266901}}},"version":"v1"}