{"_sessions":{"BVpdurprhNL1o17GACA342uVVe5ww7EGDVBGB7v7m4li":{"registrationId":827610142,"currentRatchet":{"ephemeralKeyPair":{"pubKey":"BQpCnw6MuL69ruL2hanraSyvEqXMd6FHy4TgMsoQIRUv","privKey":"MHzOGiX8aILMQe/+Jh35WcF5chM0K5QPtiTIikdC/0A="},"lastRemoteEphemeralKey":"BUIT5sXVBmD6VGxJVUFpVzBQzb/EerY+X5EvzB5tMbJ6","previousCounter":0,"rootKey":"ddY4K9URPsqu7ynWECPXZiRLb9rvJ3tBH6oWif1j5YU="},"indexInfo":{"baseKey":"BVpdurprhNL1o17GACA342uVVe5ww7EGDVBGB7v7m4li","baseKeyType":1,"closed":-1,"used":1716074382332,"created":1716074382332,"remoteIdentityKey":"BdyVePJgH8oS3mXZ5h9hyVtpZjnOhPgq1iqg4Rab5LN7"},"_chains":{"BQpCnw6MuL69ruL2hanraSyvEqXMd6FHy4TgMsoQIRUv":{"chainKey":{"counter":0,"key":"slEEzXU0z0pGpsvepvQEue4tVkA+UaM9lAzTNaMLwxw="},"chainType":1,"messageKeys":{}}},"pendingPreKey":{"signedKeyId":22,"baseKey":"BVpdurprhNL1o17GACA342uVVe5ww7EGDVBGB7v7m4li","preKeyId":14434198}}},"version":"v1"}