{"_sessions":{"BR47TwfqjsESR5SkF1+LJnSw6JTDE8hCFk4glPHiIiIb":{"registrationId":5886,"currentRatchet":{"ephemeralKeyPair":{"pubKey":"BbbFBr5CMioMZ19srP4VG/FbXVYgAkgWX8htOLEZH2IM","privKey":"AODNzwh6ELT+0phziunq6QM1tZ9CvmLHVkgcZx1S5FE="},"lastRemoteEphemeralKey":"BZQXil6DbG8y6SMMi70WdZTfMkkeGccC3pVjBD9YRkAB","previousCounter":0,"rootKey":"YJcazeOc9N17rbIgF3RLOKTX9YbPYhG0BcTUAOKvlhw="},"indexInfo":{"baseKey":"BR47TwfqjsESR5SkF1+LJnSw6JTDE8hCFk4glPHiIiIb","baseKeyType":1,"closed":-1,"used":1716074381741,"created":1716074381741,"remoteIdentityKey":"BdPVvSvbahaLw9fuj/eG9v0DFIXBtpINxynDcnVJr14m"},"_chains":{"BbbFBr5CMioMZ19srP4VG/FbXVYgAkgWX8htOLEZH2IM":{"chainKey":{"counter":0,"key":"FBuvDALBLxXoCULew2a1eOpcUFbAFM8yChsi54FMP34="},"chainType":1,"messageKeys":{}}},"pendingPreKey":{"signedKeyId":1,"baseKey":"BR47TwfqjsESR5SkF1+LJnSw6JTDE8hCFk4glPHiIiIb"}}},"version":"v1"}