{"_sessions":{"BVUpIi2eeoukzoklJ4gyGx4oVCmswkKYjgzl0OCK7wos":{"registrationId":4840,"currentRatchet":{"ephemeralKeyPair":{"pubKey":"BfZVRyRzo25FVVVjdyOZYmB7cOwgucIWYwP+XYFnZz19","privKey":"oADvezDvyjVLX+EmSF3+1Oas0bEOxd+0IizdQbn7ik8="},"lastRemoteEphemeralKey":"BQIIOlT/WIqa71csZuityyyhTzewr0ga4Bf9/kR4I+ZG","previousCounter":0,"rootKey":"0WJxwgjfPw3iFfk034rqXBgbXOA53T/z5DMmUn/05Gs="},"indexInfo":{"baseKey":"BVUpIi2eeoukzoklJ4gyGx4oVCmswkKYjgzl0OCK7wos","baseKeyType":1,"closed":-1,"used":1716074381726,"created":1716074381726,"remoteIdentityKey":"BRr1AXnprPBZaSMLvqASdzEjn8PC5GqmWep5d83QzNJ7"},"_chains":{"BfZVRyRzo25FVVVjdyOZYmB7cOwgucIWYwP+XYFnZz19":{"chainKey":{"counter":0,"key":"JQulQumUDFiGWvMapJEMDi46qSyo4Njp7tYWcXA8sLk="},"chainType":1,"messageKeys":{}}},"pendingPreKey":{"signedKeyId":1,"baseKey":"BVUpIi2eeoukzoklJ4gyGx4oVCmswkKYjgzl0OCK7wos"}}},"version":"v1"}