{"_sessions":{"BbTADF2tb6/62RyP9N8K6XHWdEMzvKkgZ1kaNNIkdn0X":{"registrationId":1548492971,"currentRatchet":{"ephemeralKeyPair":{"pubKey":"BZARPjlEOdqaj87Ot6ymv3UnQEoZUsbxJHA7gxOEK9FD","privKey":"QPW7rucdq921n23HUjm7us1AFP0S9ueOOqDi1PIcLGI="},"lastRemoteEphemeralKey":"BWtp6C5fEHOTlS3zn/JL9SYB8P/1we7ICmgNklO9G/JS","previousCounter":0,"rootKey":"Hf3WeUMOPD/v7jqhvksH8q8zTurJG/NeyVfZ6OMZxMY="},"indexInfo":{"baseKey":"BbTADF2tb6/62RyP9N8K6XHWdEMzvKkgZ1kaNNIkdn0X","baseKeyType":1,"closed":-1,"used":1716074382465,"created":1716074382465,"remoteIdentityKey":"BYHNiFxgax4dGl8IipaQoAuVBcJNViax+3reFmG0+YQa"},"_chains":{"BZARPjlEOdqaj87Ot6ymv3UnQEoZUsbxJHA7gxOEK9FD":{"chainKey":{"counter":0,"key":"K3A4owGxR7eb297vOU6JPUYjJq9r3JYLVMcZW06c4As="},"chainType":1,"messageKeys":{}}},"pendingPreKey":{"signedKeyId":0,"baseKey":"BbTADF2tb6/62RyP9N8K6XHWdEMzvKkgZ1kaNNIkdn0X","preKeyId":6573037}}},"version":"v1"}