{"_sessions":{"BTG9zHtCqiMiM4y3LmfI1QsUZWeW/A0v/4/TaliXx7sZ":{"registrationId":677191389,"currentRatchet":{"ephemeralKeyPair":{"pubKey":"BSCNKfbx0SyoizuBX9MwRmCoPgLf8DYjICKQEePSPvBp","privKey":"YE3jiwVFr/9mAu/sq7/iLrXEKlcTUb3lfOUy9vRB/kk="},"lastRemoteEphemeralKey":"Bffj/bUQR/BluQ6J45Qy2TIN8pWS/SH+/tuzVU3GvAEA","previousCounter":0,"rootKey":"7UEhvq7FOsYYX1Sda+6V5BPNELOcCi53YYA9MhjF8LM="},"indexInfo":{"baseKey":"BTG9zHtCqiMiM4y3LmfI1QsUZWeW/A0v/4/TaliXx7sZ","baseKeyType":1,"closed":-1,"used":1716074382987,"created":1716074382987,"remoteIdentityKey":"BSUddR2kORbfG7pG4PZL6WOsk2RBTHbBwHc3sEFQYeYB"},"_chains":{"BSCNKfbx0SyoizuBX9MwRmCoPgLf8DYjICKQEePSPvBp":{"chainKey":{"counter":0,"key":"FZcbHntAhHsm51s+ZfzhKoeL48o5cIkoO9YXE4bPz0Y="},"chainType":1,"messageKeys":{}}},"pendingPreKey":{"signedKeyId":10,"baseKey":"BTG9zHtCqiMiM4y3LmfI1QsUZWeW/A0v/4/TaliXx7sZ","preKeyId":15777687}}},"version":"v1"}