{"_sessions":{"BVLM1d/Ka+rlY6nF7FAOcsV85tNlRPzQNMqPajvqc2lY":{"registrationId":1992542515,"currentRatchet":{"ephemeralKeyPair":{"pubKey":"BRbZdowO8P+Af9lShu4gspaJwdCtBme4Xr21/NFDCF94","privKey":"wIMDe3UR/zdeDRAlNlh6E3BR2nNKhCQPwxXD4ohXD04="},"lastRemoteEphemeralKey":"BShMemSg+EnF1tuC4BB3vblrHg/gKc61hUf/yLJGdJFR","previousCounter":0,"rootKey":"WSaVfsBJqvlolQbimgxOrfGnY8Uha3bkwhZBD4BfWb4="},"indexInfo":{"baseKey":"BVLM1d/Ka+rlY6nF7FAOcsV85tNlRPzQNMqPajvqc2lY","baseKeyType":1,"closed":-1,"used":1716074383000,"created":1716074383000,"remoteIdentityKey":"BSsxUkKZkzHBT7aaXq8fzXqexqIEkj3iu8fFKNOIN9o1"},"_chains":{"BRbZdowO8P+Af9lShu4gspaJwdCtBme4Xr21/NFDCF94":{"chainKey":{"counter":0,"key":"UmeLVge2fsbR2YgbVm8f4ivMjmyuOjlKknwwqtEYiHw="},"chainType":1,"messageKeys":{}}},"pendingPreKey":{"signedKeyId":2,"baseKey":"BVLM1d/Ka+rlY6nF7FAOcsV85tNlRPzQNMqPajvqc2lY","preKeyId":9365640}}},"version":"v1"}