{"_sessions":{"BSXjW8P/ShgwFnGoIjzA72qsDJfFHzxgliTgr5NaKaQU":{"registrationId":769081905,"currentRatchet":{"ephemeralKeyPair":{"pubKey":"BZ8wr6Ha2TyXHrHoFXEXI13dxvFBN6LXGZpcttpsQZ5I","privKey":"OOk1uRwfF7YOtsBuPcj/Qyv/DToIHvXrlXXVivDdlWQ="},"lastRemoteEphemeralKey":"BXFTcAE7HKx8mcxpAE2oKamIrsys4tcbLnQsBZgJr9lA","previousCounter":0,"rootKey":"eEtdk3q4xrx10/MfRAUU1kWIXWoymXUmF43uhoBqLvw="},"indexInfo":{"baseKey":"BSXjW8P/ShgwFnGoIjzA72qsDJfFHzxgliTgr5NaKaQU","baseKeyType":1,"closed":-1,"used":1716074382742,"created":1716074382742,"remoteIdentityKey":"BXoNALx3dINjqdJKuui74/IzcEuIAQQXt/CRXHDQNR1U"},"_chains":{"BZ8wr6Ha2TyXHrHoFXEXI13dxvFBN6LXGZpcttpsQZ5I":{"chainKey":{"counter":0,"key":"1HBkiUIUyrcMjmrEMthiCDqQmPUcBfP7XgiBHZoeSHQ="},"chainType":1,"messageKeys":{}}},"pendingPreKey":{"signedKeyId":4,"baseKey":"BSXjW8P/ShgwFnGoIjzA72qsDJfFHzxgliTgr5NaKaQU","preKeyId":9652888}}},"version":"v1"}