{"_sessions":{"BSw/wS9ZvvButQqM3h55P69DLMyx4UZ1WCD52Cfg/VU0":{"registrationId":1865238934,"currentRatchet":{"ephemeralKeyPair":{"pubKey":"BS43z0wTiJZGCFhcILip4d9OXgs83q8SqmOUHfvslpRw","privKey":"WCkvNuTrNwumHZaNgBuc+fCAoFAUVI5ovLpOERCd8VM="},"lastRemoteEphemeralKey":"BbRBhxaGGIRYoYPNX51brn4vshH7ww4+eE1jo/FpNUVZ","previousCounter":0,"rootKey":"C5y5eqvKFb+x/mZNnYVK60gapRduPQOI56YXFUj9B2E="},"indexInfo":{"baseKey":"BSw/wS9ZvvButQqM3h55P69DLMyx4UZ1WCD52Cfg/VU0","baseKeyType":1,"closed":-1,"used":1716074382184,"created":1716074382184,"remoteIdentityKey":"BX/37aQOqVwDf+ZZtKC1dTWNLGGkI+4ApDF7t3CKf9si"},"_chains":{"BS43z0wTiJZGCFhcILip4d9OXgs83q8SqmOUHfvslpRw":{"chainKey":{"counter":0,"key":"ilxmqEZMHAngdCKlOnF/dEO27+ndz5jy8PZfEgJJT2s="},"chainType":1,"messageKeys":{}}},"pendingPreKey":{"signedKeyId":1,"baseKey":"BSw/wS9ZvvButQqM3h55P69DLMyx4UZ1WCD52Cfg/VU0","preKeyId":7923767}}},"version":"v1"}