{"_sessions":{"BVlhQLJijZ9HIcDi3BY65dLWgFJyr935RfJUu4GFYzlp":{"registrationId":775126360,"currentRatchet":{"ephemeralKeyPair":{"pubKey":"BVtppnwbJyJuYKy4Dl21CAeSjJbUO2PVgVmK2w1SdaBM","privKey":"GI9arpV88LqYViwrWU2CyAzEtPMPiRuRxhgF+5GAkHI="},"lastRemoteEphemeralKey":"BYxkwvDe/JDTE83qIoAbO/zoIYXtr/5wm/gdTFVP2CU3","previousCounter":0,"rootKey":"7t6k+c3TkGTrd9Yjz3wDMQKkbql5CDd98ZnH3Tul5b8="},"indexInfo":{"baseKey":"BVlhQLJijZ9HIcDi3BY65dLWgFJyr935RfJUu4GFYzlp","baseKeyType":1,"closed":-1,"used":1716074382410,"created":1716074382410,"remoteIdentityKey":"BRpdpXS+/gVyfzjaY96I+mR6XP1In+X2fE8aPVFdivhg"},"_chains":{"BVtppnwbJyJuYKy4Dl21CAeSjJbUO2PVgVmK2w1SdaBM":{"chainKey":{"counter":0,"key":"ECv7xT6RzWu8/x0oEHNSrmXM+mnQf4zDAcvykCur2mQ="},"chainType":1,"messageKeys":{}}},"pendingPreKey":{"signedKeyId":2,"baseKey":"BVlhQLJijZ9HIcDi3BY65dLWgFJyr935RfJUu4GFYzlp"}}},"version":"v1"}