{"_sessions":{"BbnqD8+2ZjvbmjzxYiJvKf95Ians2vYa0iwlMBDN97dB":{"registrationId":1400211623,"currentRatchet":{"ephemeralKeyPair":{"pubKey":"BRufYGRmwTdo9b8JjJUxgJXOr7LykM0jUGPw1+dbO+d3","privKey":"wH9QuAi3g8FJHx2wgx71UFQa9lcjj4gia+TaxV2G20A="},"lastRemoteEphemeralKey":"BfbeA9RXIXHNNpVb5gbEpF2IbshQnmYMha5FBJ1pT50c","previousCounter":0,"rootKey":"pmzm+al2OiVIYFSwl0WHjxz2LW24vrp4mN0r2hFq9Ko="},"indexInfo":{"baseKey":"BbnqD8+2ZjvbmjzxYiJvKf95Ians2vYa0iwlMBDN97dB","baseKeyType":1,"closed":-1,"used":1716074381570,"created":1716074381570,"remoteIdentityKey":"BUUt/qVd7OWCX3O1Z1CDuuNUNY2WOWCVc9K4TSgwEbsZ"},"_chains":{"BRufYGRmwTdo9b8JjJUxgJXOr7LykM0jUGPw1+dbO+d3":{"chainKey":{"counter":0,"key":"tMk2OU4m7D7MajnUCrNkege/sOqH15TiflFY3tilWEI="},"chainType":1,"messageKeys":{}}},"pendingPreKey":{"signedKeyId":2,"baseKey":"BbnqD8+2ZjvbmjzxYiJvKf95Ians2vYa0iwlMBDN97dB","preKeyId":465}}},"version":"v1"}