{"_sessions":{"BQm+YVs4cSYb99WRn4lHxKhTXbf2+eGj543pZTufbPs/":{"registrationId":1819910825,"currentRatchet":{"ephemeralKeyPair":{"pubKey":"BRTx4i0MFxU0FePWi1AFal14UfwTNF9s77Lc+gsgzRUL","privKey":"iARuJKHPEpbokwz2TyOlU5HNe1QDmLyiwLfmG4K6THM="},"lastRemoteEphemeralKey":"BfPP6AWcKoX5zTAUvegPLC7b9aMfcoSDEo6bQE3EqbI1","previousCounter":0,"rootKey":"lnGUTFclP8czmo4AHiQGvP1r7cQSbyR9XZ4pupfB0ic="},"indexInfo":{"baseKey":"BQm+YVs4cSYb99WRn4lHxKhTXbf2+eGj543pZTufbPs/","baseKeyType":1,"closed":-1,"used":1716074382361,"created":1716074382361,"remoteIdentityKey":"BeCll4AkxE/AWxqTdTFVjpHiTlYn8yKizsLN/hzkXgFg"},"_chains":{"BRTx4i0MFxU0FePWi1AFal14UfwTNF9s77Lc+gsgzRUL":{"chainKey":{"counter":0,"key":"C4JnuwdVxDCVnNtROymndUttX5xjjasHkJ5wRw6rWn0="},"chainType":1,"messageKeys":{}}},"pendingPreKey":{"signedKeyId":9,"baseKey":"BQm+YVs4cSYb99WRn4lHxKhTXbf2+eGj543pZTufbPs/"}}},"version":"v1"}