{"_sessions":{"BercttOKPL+1mPcWoZUSe3pFdkeoAMt9p+UaEG4TmbRq":{"registrationId":5333,"currentRatchet":{"ephemeralKeyPair":{"pubKey":"BfezO3LSa1Lyv6dPFv8dcj7GnmFDOWKOl4Di5PTn0QBG","privKey":"UM2hU3kaBqkUIPmxeFSPAr7vW38o/NLeVe1G5tdPZ3Y="},"lastRemoteEphemeralKey":"BYfvAiX2dnbtp5d+fsGyAGp43S5TcLZ1mxDa4sugbKRz","previousCounter":0,"rootKey":"mylMa/oegBodPFa54C8bK5faCn9/7PTg/bR2qmPIA1k="},"indexInfo":{"baseKey":"BercttOKPL+1mPcWoZUSe3pFdkeoAMt9p+UaEG4TmbRq","baseKeyType":1,"closed":-1,"used":1716074381812,"created":1716074381812,"remoteIdentityKey":"BQWrTxUpdzJ1SgV8gcCMmRh4GRxe1uSj88D/f0N1tMFp"},"_chains":{"BfezO3LSa1Lyv6dPFv8dcj7GnmFDOWKOl4Di5PTn0QBG":{"chainKey":{"counter":0,"key":"XzjxlryRlIZPRsYxccvigagk4LK1Keo/2+NajWlZHp0="},"chainType":1,"messageKeys":{}}},"pendingPreKey":{"signedKeyId":1,"baseKey":"BercttOKPL+1mPcWoZUSe3pFdkeoAMt9p+UaEG4TmbRq"}}},"version":"v1"}