{"_sessions":{"BWDcmci5r9S41ABiqE+SUwMGr5t1FbgP2BPxHioZuVgI":{"registrationId":3905,"currentRatchet":{"ephemeralKeyPair":{"pubKey":"Ben7sKFlbj5/fbjoNwkZLQiXdNcd4iHuK7jfvGjvzcVs","privKey":"oPlDQriG/bXlU6TL7qItm86YDzbLTGZrZ7QLN6J1fn8="},"lastRemoteEphemeralKey":"BXPkSNbmgcYOKLwXu8I6Qc2iNCUpuhqZlGwWlR+y9Hke","previousCounter":0,"rootKey":"z21W+hE1X4TmXubUvKuUcZTjBJq4Geom5YCYn2P3h5w="},"indexInfo":{"baseKey":"BWDcmci5r9S41ABiqE+SUwMGr5t1FbgP2BPxHioZuVgI","baseKeyType":1,"closed":-1,"used":1716074381897,"created":1716074381897,"remoteIdentityKey":"BZdEp9A0E3TzulEQT2m0iBmHzOHdpaE+bNZyBu3O2SU2"},"_chains":{"Ben7sKFlbj5/fbjoNwkZLQiXdNcd4iHuK7jfvGjvzcVs":{"chainKey":{"counter":0,"key":"Kif1m8CW+Rg7FvnYtjFHFjwIXRjp6EGRIkPGqEN1xN4="},"chainType":1,"messageKeys":{}}},"pendingPreKey":{"signedKeyId":1,"baseKey":"BWDcmci5r9S41ABiqE+SUwMGr5t1FbgP2BPxHioZuVgI","preKeyId":519}}},"version":"v1"}