{"_sessions":{"BU+i+E8OvNmIvIkEfjUiFiDL63CyrJEqladcqJf6MPIh":{"registrationId":2043698180,"currentRatchet":{"ephemeralKeyPair":{"pubKey":"Bd/0n0vQmJe/aVIxAAHAvh/75ikrvz40GGpQwa4B/M0A","privKey":"cNG3fyo5kCZfYxN9D0S2tSM6EjfV5Flt90yFgiCNTlk="},"lastRemoteEphemeralKey":"BdW903cY1/HmGXrssWFADvR+2Z3UCiQ271KgaqHC4lFa","previousCounter":0,"rootKey":"c5ovV8e+iup1c4aPWEjmrzyw4mhGhAvW5lcKMuTT+vo="},"indexInfo":{"baseKey":"BU+i+E8OvNmIvIkEfjUiFiDL63CyrJEqladcqJf6MPIh","baseKeyType":1,"closed":-1,"used":1716074381960,"created":1716074381960,"remoteIdentityKey":"Bdj6RK01kSxPxP+faP0FLZoiBQqX6ZDm7D4O9WD1Kx8Q"},"_chains":{"Bd/0n0vQmJe/aVIxAAHAvh/75ikrvz40GGpQwa4B/M0A":{"chainKey":{"counter":0,"key":"hj5Oimn6EU5q8nY352OsGx57JKnCLmjYBZih8l98UNs="},"chainType":1,"messageKeys":{}}},"pendingPreKey":{"signedKeyId":1,"baseKey":"BU+i+E8OvNmIvIkEfjUiFiDL63CyrJEqladcqJf6MPIh"}}},"version":"v1"}