{"_sessions":{"BXmJRxZUO6usW3CFRq/GNgZGbkIZrAdUnOg6eDNuSzJl":{"registrationId":10956,"currentRatchet":{"ephemeralKeyPair":{"pubKey":"BUpgu7C8PLamdWR3hjBZORowqqWlNDG2my2m7d4HFBtp","privKey":"uAsnzdXCpxUAQRVvdc6B3B+KfYru32qnYtvPGBgM1n0="},"lastRemoteEphemeralKey":"BcOcbGVfAeWGfyZSVkBt9CwE8/TdxNWKgMKhACgsY7Bp","previousCounter":0,"rootKey":"ALWUtbB5s+jc3prxaAx32ZJVjH6ASOUCzTHFX4nXpHA="},"indexInfo":{"baseKey":"BXmJRxZUO6usW3CFRq/GNgZGbkIZrAdUnOg6eDNuSzJl","baseKeyType":1,"closed":-1,"used":1716074381922,"created":1716074381922,"remoteIdentityKey":"BRFNicGZ1UfeGrsvsXVleWrHgM8NcnDBxeUWQe48qy49"},"_chains":{"BUpgu7C8PLamdWR3hjBZORowqqWlNDG2my2m7d4HFBtp":{"chainKey":{"counter":0,"key":"6OHN+jnd6Uffk2SoEyOcrd9Eb9l76NqShyC661wVrY0="},"chainType":1,"messageKeys":{}}},"pendingPreKey":{"signedKeyId":1,"baseKey":"BXmJRxZUO6usW3CFRq/GNgZGbkIZrAdUnOg6eDNuSzJl"}}},"version":"v1"}