{"_sessions":{"BQUlMFrPtjh7wJDHZJcDYE2L+y2HwatAbncBsb1RpQop":{"registrationId":1310564763,"currentRatchet":{"ephemeralKeyPair":{"pubKey":"BWdtNj0tzQm7rhWVaNmZGR8M9wSTdw2tPp6jYBoK/GMm","privKey":"SLA1uFICwl9ALyqMWkw3uPBSe0o2cganI33XsL85okQ="},"lastRemoteEphemeralKey":"BR7DbDCQ02rgRSY4B2nSBYJIlekn/3mgxYGOfRz+ZEFx","previousCounter":0,"rootKey":"W0TGEQXmtmuDkb8/tcZ5EPzzSdWkLy3dBHvOLI+gBXw="},"indexInfo":{"baseKey":"BQUlMFrPtjh7wJDHZJcDYE2L+y2HwatAbncBsb1RpQop","baseKeyType":1,"closed":-1,"used":1716074382968,"created":1716074382968,"remoteIdentityKey":"BROm6URVbb5zEyAGlEidxcTRZVEVU5CE1ip2gIELTmo8"},"_chains":{"BWdtNj0tzQm7rhWVaNmZGR8M9wSTdw2tPp6jYBoK/GMm":{"chainKey":{"counter":0,"key":"XxychpDkz0/7JcxCMftV2g5BZBaZ58PXXmO9ya+4Mvw="},"chainType":1,"messageKeys":{}}},"pendingPreKey":{"signedKeyId":5,"baseKey":"BQUlMFrPtjh7wJDHZJcDYE2L+y2HwatAbncBsb1RpQop","preKeyId":1025908}}},"version":"v1"}