{"_sessions":{"BZqj6gnF+T8Jq2DZKKm9v62YT5gFQru24mCmmiHXRwl6":{"registrationId":1320710630,"currentRatchet":{"ephemeralKeyPair":{"pubKey":"BUHZVZG4dSutrrbgH1Bpmr29o/4BwanGJw+l9j1Tcfg+","privKey":"MLMGI614eRlJYURC+Lhd0gd8dMACtqjX8TMrYqhOME0="},"lastRemoteEphemeralKey":"BYXvmXQ2TVduiWitQ6aj9QfTLTmisgRonbJiMgY2aFYM","previousCounter":0,"rootKey":"e0lOuPG/ObmoOp0eRmuxFG2P9beOgoXHGCxFYXYUH/M="},"indexInfo":{"baseKey":"BZqj6gnF+T8Jq2DZKKm9v62YT5gFQru24mCmmiHXRwl6","baseKeyType":1,"closed":-1,"used":1716074382395,"created":1716074382395,"remoteIdentityKey":"BTi3KEk6eDLsF190iqA9sTeHnNVhVUYMzABpv5ru4Kdt"},"_chains":{"BUHZVZG4dSutrrbgH1Bpmr29o/4BwanGJw+l9j1Tcfg+":{"chainKey":{"counter":0,"key":"qi1hUeShX6aU2d7D2hFE2oZdHIFYMKfvgKNdhAmpXMk="},"chainType":1,"messageKeys":{}}},"pendingPreKey":{"signedKeyId":6481119,"baseKey":"BZqj6gnF+T8Jq2DZKKm9v62YT5gFQru24mCmmiHXRwl6","preKeyId":7140}}},"version":"v1"}