{"_sessions":{"BawfjsdtrGwThlqZv7cLe0zR4iUfXLvRnufYK+uKaBMR":{"registrationId":1198865346,"currentRatchet":{"ephemeralKeyPair":{"pubKey":"BTaivSeEvUTOkrop798A4BnAH+gDubzyEb0olp0maZoB","privKey":"QP1cYSalc80EK7kWq4W3JjKoEPqRg4+Up61ZRTEA0W4="},"lastRemoteEphemeralKey":"BXdcC/T6obmm1sRX01/GtqQGuJxSD7a1VNExwt5Xafhc","previousCounter":0,"rootKey":"VnwaKjZsUnyT+q5z7rIz3rXbYB11GBCBZn5kHK4nY9s="},"indexInfo":{"baseKey":"BawfjsdtrGwThlqZv7cLe0zR4iUfXLvRnufYK+uKaBMR","baseKeyType":1,"closed":-1,"used":1716074382438,"created":1716074382438,"remoteIdentityKey":"BXwYjuP4XjWe1iZSktr6jS68VuSekeDNkTyEFuSkXOxG"},"_chains":{"BTaivSeEvUTOkrop798A4BnAH+gDubzyEb0olp0maZoB":{"chainKey":{"counter":0,"key":"xsrQE2YelEm0L5pm3omqofYCYNFPL9El09/c0e+J1do="},"chainType":1,"messageKeys":{}}},"pendingPreKey":{"signedKeyId":24,"baseKey":"BawfjsdtrGwThlqZv7cLe0zR4iUfXLvRnufYK+uKaBMR","preKeyId":15632468}}},"version":"v1"}