{"_sessions":{"Bb4a/9KlEyHR6Teiv1FywcoaQnRRD2ST0kT6eEZCTbgy":{"registrationId":1108,"currentRatchet":{"ephemeralKeyPair":{"pubKey":"BS2zYe2/N1NTnLbhfd6UHcr9zTWDg3Ub9LlclwQ/1HxZ","privKey":"SIfl4ENwi0iLojiTqxSid7X4Trfgth6uZ+0yIc8GGX8="},"lastRemoteEphemeralKey":"Bc2/D15ZVcVQMspO4F10V/5A/W4HsDElQpyDetWRtqNB","previousCounter":0,"rootKey":"4fHq88y4A5sjoq/uxnsNF8iNTa0OxRq0BtM8ibc0pqg="},"indexInfo":{"baseKey":"Bb4a/9KlEyHR6Teiv1FywcoaQnRRD2ST0kT6eEZCTbgy","baseKeyType":1,"closed":-1,"used":1716074381937,"created":1716074381937,"remoteIdentityKey":"BWTUJ/va2iggO/1MeGiDyDP/rnSjdYWwYTzt8J4y69QR"},"_chains":{"BS2zYe2/N1NTnLbhfd6UHcr9zTWDg3Ub9LlclwQ/1HxZ":{"chainKey":{"counter":0,"key":"1o/P/2vyJJPlVru3uwpHc0IG+Rw/XuYNTiAoHdD5PJo="},"chainType":1,"messageKeys":{}}},"pendingPreKey":{"signedKeyId":1,"baseKey":"Bb4a/9KlEyHR6Teiv1FywcoaQnRRD2ST0kT6eEZCTbgy"}}},"version":"v1"}