{"_sessions":{"Bfm/AkcbsZAbcZJVZX0nr0YuliLHHkSWAqST47vHjp4e":{"registrationId":8257,"currentRatchet":{"ephemeralKeyPair":{"pubKey":"BWoeVVKAEKF5i4rdejwAH4xJLbwSD9s0DTVev0t89dUe","privKey":"mFE7GyFiqzBXGY9Ono1YTmSaUHR9u/Rtwj0uiXbQsnc="},"lastRemoteEphemeralKey":"Bf9vNGQVkbvQ5JA3332s4rfXOapf8ogIB4vwyBOZ849P","previousCounter":0,"rootKey":"ndB5gXMvtgNPEJtbvHtZDdveoPRA923PihseD/BhxXw="},"indexInfo":{"baseKey":"Bfm/AkcbsZAbcZJVZX0nr0YuliLHHkSWAqST47vHjp4e","baseKeyType":1,"closed":-1,"used":1716074381808,"created":1716074381808,"remoteIdentityKey":"BaGUaqjVoddYEQhRqM9JeBzJyC9Us1GWRZMS0jeQLS5k"},"_chains":{"BWoeVVKAEKF5i4rdejwAH4xJLbwSD9s0DTVev0t89dUe":{"chainKey":{"counter":0,"key":"fqFkD9lmMDnuRXhFfXyix+NlPPHCB9s2e8UVSAQlDNA="},"chainType":1,"messageKeys":{}}},"pendingPreKey":{"signedKeyId":6,"baseKey":"Bfm/AkcbsZAbcZJVZX0nr0YuliLHHkSWAqST47vHjp4e","preKeyId":5185}}},"version":"v1"}