{"_sessions":{"BZM9saOPg60BqVGCYs9+j4wJS47HBeALLwVcYeeewkcd":{"registrationId":2034501158,"currentRatchet":{"ephemeralKeyPair":{"pubKey":"BbBGugfVTNgbwBITDsZqzss1luREk9yhY1+NHKAhe0xD","privKey":"CPsJvigzzXznKj3rSen1B7ledfc8428WKbvFMfhifmU="},"lastRemoteEphemeralKey":"BWagsH9Yv2B5pIaPV6vV6tJHxXiKBzCcngeWJV9s74gt","previousCounter":0,"rootKey":"eAK6bHc+7CHG9oeK5VTanAGqCocQ26YA0RYXHaThvEY="},"indexInfo":{"baseKey":"BZM9saOPg60BqVGCYs9+j4wJS47HBeALLwVcYeeewkcd","baseKeyType":1,"closed":-1,"used":1716074382958,"created":1716074382958,"remoteIdentityKey":"BT0onjhv6FxSp6+WkKul4eisyg3XDwg2vGPqlqlr4BsY"},"_chains":{"BbBGugfVTNgbwBITDsZqzss1luREk9yhY1+NHKAhe0xD":{"chainKey":{"counter":0,"key":"7rw7J6IshFdc6OrE+4igEd/bfadtPENnZvOS3EJJ6Nw="},"chainType":1,"messageKeys":{}}},"pendingPreKey":{"signedKeyId":8,"baseKey":"BZM9saOPg60BqVGCYs9+j4wJS47HBeALLwVcYeeewkcd","preKeyId":13336503}}},"version":"v1"}