{"_sessions":{"Bd3BqNmjFWGcf1DWm9tWkU1dtTaqY33wLYq0ZIGKr7NX":{"registrationId":1575739552,"currentRatchet":{"ephemeralKeyPair":{"pubKey":"BQXweOasdxQ1N2dEeQRI430K5yihfuTjXxt+qvKB+nBF","privKey":"WAZPtXgjD57va/fjJ7Gs7k/h6VEEgCRlrLp9f8Y1Pks="},"lastRemoteEphemeralKey":"BQdSKDKAvs4HrR9em5JdWeu0G7w/xJJxUWIsuhlrO2tV","previousCounter":0,"rootKey":"cvN5AIpCk29HTf9zPM5bFxGG1Jdp1Z7r6yEjLf86k3A="},"indexInfo":{"baseKey":"Bd3BqNmjFWGcf1DWm9tWkU1dtTaqY33wLYq0ZIGKr7NX","baseKeyType":1,"closed":-1,"used":1716074382493,"created":1716074382493,"remoteIdentityKey":"BasJ/cw3o1czVQ4fI38dqu4P7RwcPFCL0AdiwaeN88N2"},"_chains":{"BQXweOasdxQ1N2dEeQRI430K5yihfuTjXxt+qvKB+nBF":{"chainKey":{"counter":0,"key":"MFeJ9VeSmuHzK1UyezALA1oBKj01tV6pZAGpR7fxosE="},"chainType":1,"messageKeys":{}}},"pendingPreKey":{"signedKeyId":8,"baseKey":"Bd3BqNmjFWGcf1DWm9tWkU1dtTaqY33wLYq0ZIGKr7NX"}}},"version":"v1"}