{"_sessions":{"BfVCVSaNMtq2OWancB7ZM176DQi0pQU510IhIwC8Jx4u":{"registrationId":3255597626,"currentRatchet":{"ephemeralKeyPair":{"pubKey":"Becaw3wzzgHrQOMjM1zDUO/k6T+5H46NldGyVl8MJJQO","privKey":"mKWEj98zhvYWz8AUkQfW6F0WVgKRPWgjPi1L82Wtnls="},"lastRemoteEphemeralKey":"BZX5c9a6rCCBQJbZZ5Oyypjyx76vIackkqyEHxXRfxcs","previousCounter":0,"rootKey":"6CUzCNKur6ITzK8jjtJYGyVtXKhYICVikWCnVJIkyTc="},"indexInfo":{"baseKey":"BfVCVSaNMtq2OWancB7ZM176DQi0pQU510IhIwC8Jx4u","baseKeyType":1,"closed":-1,"used":1716074381743,"created":1716074381743,"remoteIdentityKey":"BSp/8oApNBTij/FS/Vw1/M8Uw+R0xOc/IXI/ldQ09xEr"},"_chains":{"Becaw3wzzgHrQOMjM1zDUO/k6T+5H46NldGyVl8MJJQO":{"chainKey":{"counter":0,"key":"kzgxwsAj+9ySXvqTzIPbfc2zjCXB4vvgwOjZCj/XhVk="},"chainType":1,"messageKeys":{}}},"pendingPreKey":{"signedKeyId":1,"baseKey":"BfVCVSaNMtq2OWancB7ZM176DQi0pQU510IhIwC8Jx4u"}}},"version":"v1"}