{"_sessions":{"BV/e36avvfV+qiPuxmD5nkGRy0ceFkAKYmdkCGQw10AI":{"registrationId":1161692832,"currentRatchet":{"ephemeralKeyPair":{"pubKey":"BapqAzqwAm0z/eD6h5tK368VDMESKlMev6VjA9z+M8ti","privKey":"8LQv0C6AOXZGN0Qhs11KrRLxDxhVmKiBwFV4prYn3Ug="},"lastRemoteEphemeralKey":"BQvHTkq3rdLIO5oIFb0er8MI/WT9ehR/uTqA3jkodKVJ","previousCounter":0,"rootKey":"WD4jLyU9yolfQJ/b6nzJxH/wT0X+u08PyfnJac7jVok="},"indexInfo":{"baseKey":"BV/e36avvfV+qiPuxmD5nkGRy0ceFkAKYmdkCGQw10AI","baseKeyType":1,"closed":-1,"used":1716074382715,"created":1716074382715,"remoteIdentityKey":"BXQ37vxgyBYkkoTZ7QpQZ8wd9cO0NiN0dtgRbWA2BqYe"},"_chains":{"BapqAzqwAm0z/eD6h5tK368VDMESKlMev6VjA9z+M8ti":{"chainKey":{"counter":0,"key":"SGr4EeWBIeQZyU0h3p5JWyZUKH9b5r1Xl4eal5yswxc="},"chainType":1,"messageKeys":{}}},"pendingPreKey":{"signedKeyId":15053602,"baseKey":"BV/e36avvfV+qiPuxmD5nkGRy0ceFkAKYmdkCGQw10AI","preKeyId":178261}}},"version":"v1"}