{"_sessions":{"BWVqHqjVgyaEQz3/tkYH3WNH2pmYB4wbfRwgxIt5PYgs":{"registrationId":132,"currentRatchet":{"ephemeralKeyPair":{"pubKey":"BaRStYznTjFpEPc2/3r47cRQPcHjlopZcGzzHUN//oR3","privKey":"qKIpCzyEX58/R2nkqoI2KwfcgovTPDfhNuePCFA2JGc="},"lastRemoteEphemeralKey":"BRj5xvoAzoV/iUhTBiq1luyOUV7/zRYN10zypYb2tIsV","previousCounter":0,"rootKey":"hJbMdn1Ys3D+qzE/x3nX9CbgJYxr19NirWqs6Yn5i1s="},"indexInfo":{"baseKey":"BWVqHqjVgyaEQz3/tkYH3WNH2pmYB4wbfRwgxIt5PYgs","baseKeyType":1,"closed":-1,"used":1716074381685,"created":1716074381685,"remoteIdentityKey":"BUwZDGIV7k6ws51wjWsPB/oaGdvYLWGmsxRUcpAzRp0Y"},"_chains":{"BaRStYznTjFpEPc2/3r47cRQPcHjlopZcGzzHUN//oR3":{"chainKey":{"counter":0,"key":"9paC1jYMToG1zNTOlzpMM+MUZnbChjqVid1aQxdiuKE="},"chainType":1,"messageKeys":{}}},"pendingPreKey":{"signedKeyId":1,"baseKey":"BWVqHqjVgyaEQz3/tkYH3WNH2pmYB4wbfRwgxIt5PYgs"}}},"version":"v1"}