{"_sessions":{"BeJRAZz8ufb03btqCkj7RXplNSfKgcer6JnhD4cY5PpL":{"registrationId":664,"currentRatchet":{"ephemeralKeyPair":{"pubKey":"BeDs2fEXp7S6dAGtiT7/ERSzkGiPA4yCTByO+C4c7ihu","privKey":"IEnmWOE/GQqEZtfXj15fVVI4iANGoeQIGPSoEwPByXc="},"lastRemoteEphemeralKey":"Be87d0OHIoRKjuvw3RBDSBvSA3u8hExaiT1ngCxBMehd","previousCounter":0,"rootKey":"RBHxTi7IzAtFy100DT/BJdfcMmz2lJgOdQJYU93n98g="},"indexInfo":{"baseKey":"BeJRAZz8ufb03btqCkj7RXplNSfKgcer6JnhD4cY5PpL","baseKeyType":1,"closed":-1,"used":1716074381828,"created":1716074381828,"remoteIdentityKey":"BXTKbKeyrdBXEwDCNTCqJd7CVOKd4SqLWz16c4l6m7hR"},"_chains":{"BeDs2fEXp7S6dAGtiT7/ERSzkGiPA4yCTByO+C4c7ihu":{"chainKey":{"counter":0,"key":"VKW/lUN/jwWzLNKgWC6WyFcDMYJSAyRMtyljk9T/u6I="},"chainType":1,"messageKeys":{}}},"pendingPreKey":{"signedKeyId":1,"baseKey":"BeJRAZz8ufb03btqCkj7RXplNSfKgcer6JnhD4cY5PpL"}}},"version":"v1"}