{"_sessions":{"BXYrP/HlA/37WcsUjEV6lGvcgWBr7Y9SkUCjg0y+GNMC":{"registrationId":1092085911,"currentRatchet":{"ephemeralKeyPair":{"pubKey":"BayeLUkJ1s3iG2T7T3Zv3Zngdxicf4nCsFrR8ouaj/Aq","privKey":"gIEfUUKHCWU8LiYmvoSog1/+WrTSO9ullwV25hQAjV0="},"lastRemoteEphemeralKey":"Ba1/UD95DKOBT+PykpGGFPG10U+KNt6xvDHlGf2e6Ikp","previousCounter":0,"rootKey":"5R1FHKjcKRlTdzgYMh2sNf11wWTJ1Q67kPvKJcNcs5E="},"indexInfo":{"baseKey":"BXYrP/HlA/37WcsUjEV6lGvcgWBr7Y9SkUCjg0y+GNMC","baseKeyType":1,"closed":-1,"used":1716074382281,"created":1716074382281,"remoteIdentityKey":"BR3Bprw95/xh9VnGlhwTrXVP2d7o1M8UfWXbh2zNU1l4"},"_chains":{"BayeLUkJ1s3iG2T7T3Zv3Zngdxicf4nCsFrR8ouaj/Aq":{"chainKey":{"counter":0,"key":"oZnKWEWT6T6S/ot6BZjtFxYDAxyHUkxPqPVKwhi8Wqg="},"chainType":1,"messageKeys":{}}},"pendingPreKey":{"signedKeyId":8,"baseKey":"BXYrP/HlA/37WcsUjEV6lGvcgWBr7Y9SkUCjg0y+GNMC","preKeyId":8994081}}},"version":"v1"}