{"_sessions":{"Bf9HXUZBxGwMEEVjAmdkn/Lzct7APMXEs8ZD0EqxWs84":{"registrationId":1379502985,"currentRatchet":{"ephemeralKeyPair":{"pubKey":"BZ8eF0KgOLvpPWG40vIbqFCwKpLGuqta6khLDRnaK3Bh","privKey":"AFfOAIm0fFV6epwgGUb4u9Io+vCSDyYm9783rgrVHlk="},"lastRemoteEphemeralKey":"BR4UtN2O566LHzrPAjaJUUJ6U2EwdN11m2+W1SQG/htc","previousCounter":0,"rootKey":"PIJO6qF8wQaLZNxhAhgc53R3AlfT3M8zXI3cY96n/ck="},"indexInfo":{"baseKey":"Bf9HXUZBxGwMEEVjAmdkn/Lzct7APMXEs8ZD0EqxWs84","baseKeyType":1,"closed":-1,"used":1716074382377,"created":1716074382377,"remoteIdentityKey":"BeDqwV3ix3dmTfnOcjpwXOOh0+FGaaRwxoQuf2phurls"},"_chains":{"BZ8eF0KgOLvpPWG40vIbqFCwKpLGuqta6khLDRnaK3Bh":{"chainKey":{"counter":0,"key":"Xp5XKCre65IirkywuBGd4EuqJh2OV6GPLAGLu70K+Vo="},"chainType":1,"messageKeys":{}}},"pendingPreKey":{"signedKeyId":0,"baseKey":"Bf9HXUZBxGwMEEVjAmdkn/Lzct7APMXEs8ZD0EqxWs84","preKeyId":2999592}}},"version":"v1"}