{"_sessions":{"Beec9Eoql+ZwcI0HVtgYHsHzYkT/3AMaUszxjn6mE2hh":{"registrationId":779291050,"currentRatchet":{"ephemeralKeyPair":{"pubKey":"BSatIJv/dwMNnkCDSvv+zJllIKW1JCMh3EzJZJma9UdT","privKey":"IKzXp9AQEC+Mqke3xqAd9i/3UETOwqaHVAQiZhYTyFg="},"lastRemoteEphemeralKey":"BTynvd0arB1yPw6m2xL0gjAFGIaWdSPqUlLjnxmZ4zth","previousCounter":0,"rootKey":"wuUKYmvTaAz57Ui4eDIscpyQyw8M02vp8wf7sgb+LMs="},"indexInfo":{"baseKey":"Beec9Eoql+ZwcI0HVtgYHsHzYkT/3AMaUszxjn6mE2hh","baseKeyType":1,"closed":-1,"used":1716074382684,"created":1716074382684,"remoteIdentityKey":"BaBaEcpzs2EhMkkoG/EIY3DHwFMS4tvYTPLx/BlCL4pO"},"_chains":{"BSatIJv/dwMNnkCDSvv+zJllIKW1JCMh3EzJZJma9UdT":{"chainKey":{"counter":0,"key":"5I8oMtLhrKxeIZqG8Cj10KY+NiAHTmPw6owgoCmbsSo="},"chainType":1,"messageKeys":{}}},"pendingPreKey":{"signedKeyId":2,"baseKey":"Beec9Eoql+ZwcI0HVtgYHsHzYkT/3AMaUszxjn6mE2hh","preKeyId":5156017}}},"version":"v1"}