{"_sessions":{"BeibqgwG84aQR9AS3Hgfma4n/98D4NZaTRx9ix0uHJU0":{"registrationId":61099473,"currentRatchet":{"ephemeralKeyPair":{"pubKey":"BXclXwqd+Y5Ix6OYFTGRp29n/IeDyeCy5XRea0R92+du","privKey":"mMufZExkA2urxBYwDRKqyhAy28SrHTRcVim535K4R1U="},"lastRemoteEphemeralKey":"Bfb6hV3Rqvp1sZ7Ta5c1LlQQ/Om5diGC6MMbkjE+OTEo","previousCounter":0,"rootKey":"XRN8oyj7RXzMawtfNiJRUgGsnGxX6aI76Cmh7g760kg="},"indexInfo":{"baseKey":"BeibqgwG84aQR9AS3Hgfma4n/98D4NZaTRx9ix0uHJU0","baseKeyType":1,"closed":-1,"used":1716074381890,"created":1716074381890,"remoteIdentityKey":"BTpWqCvcZfrCgLF2Rlubebm9gGC1toRJvmLDNP6Mnw9G"},"_chains":{"BXclXwqd+Y5Ix6OYFTGRp29n/IeDyeCy5XRea0R92+du":{"chainKey":{"counter":0,"key":"X3DDigfim3ea/WiYffofFnHQVvS/xSU5xZ5nMi7+PSU="},"chainType":1,"messageKeys":{}}},"pendingPreKey":{"signedKeyId":5,"baseKey":"BeibqgwG84aQR9AS3Hgfma4n/98D4NZaTRx9ix0uHJU0","preKeyId":16242606}}},"version":"v1"}