{"_sessions":{"BVKkRjUwbO6rciMAumWRzCc/OA7cnDHv8PsiGEaVRBVp":{"registrationId":1669857050,"currentRatchet":{"ephemeralKeyPair":{"pubKey":"BekJK6zB35izVPZP0vgBS4PYLXgaBQ+hE93WokyGTFVL","privKey":"uOejvxVa6HWnpR7HlIm94WEzhYqVhcfWywS+AGybm3k="},"lastRemoteEphemeralKey":"BQlYkNmOvr6/+VFb5aTLkMtC9ozrK6tVATeCRJ48f11i","previousCounter":0,"rootKey":"w3Ipc5RCq42rgiavATnbn12UZg3FYWXdiw6zX7OAqSk="},"indexInfo":{"baseKey":"BVKkRjUwbO6rciMAumWRzCc/OA7cnDHv8PsiGEaVRBVp","baseKeyType":1,"closed":-1,"used":1716074382800,"created":1716074382800,"remoteIdentityKey":"BX4b18/3MX+8lQYbG/nBwzT8kyJLgHGP/uB7iDANp5U9"},"_chains":{"BekJK6zB35izVPZP0vgBS4PYLXgaBQ+hE93WokyGTFVL":{"chainKey":{"counter":0,"key":"gy1KvS9Gxa16mf0goYzxSuNk7Hpa4wV35j0BvG0MnHI="},"chainType":1,"messageKeys":{}}},"pendingPreKey":{"signedKeyId":0,"baseKey":"BVKkRjUwbO6rciMAumWRzCc/OA7cnDHv8PsiGEaVRBVp"}}},"version":"v1"}