{"_sessions":{"BWHMja5g0B1+P+owIR65gKDDJ0BTSKOkC54QoeRgFHdb":{"registrationId":1499953463,"currentRatchet":{"ephemeralKeyPair":{"pubKey":"BX97Bt+8UonwxXAPOqs95q+d38SA8F9CEpSjLpQNCls5","privKey":"ID92h5dMT1PTQ1bA3RC8pp8PvX4Pbkwrmp+12yuDAFo="},"lastRemoteEphemeralKey":"BbFh65yk3hquIFMXsLQsOprce0NHSfb/bk/pBEi5U95f","previousCounter":0,"rootKey":"G8a1Efowd+i09pDXQawwDeFznbyX6AZ+hlq1/Jq7ujk="},"indexInfo":{"baseKey":"BWHMja5g0B1+P+owIR65gKDDJ0BTSKOkC54QoeRgFHdb","baseKeyType":1,"closed":-1,"used":1716074382413,"created":1716074382413,"remoteIdentityKey":"BT+rvrNS/5i5g9zY79XrJgYDUIgCc+CYNGUMxTnxc5lJ"},"_chains":{"BX97Bt+8UonwxXAPOqs95q+d38SA8F9CEpSjLpQNCls5":{"chainKey":{"counter":0,"key":"a0+3g69M7RLpKtJHxjYNVHEAXSr1uPlg12zAlOMb43M="},"chainType":1,"messageKeys":{}}},"pendingPreKey":{"signedKeyId":0,"baseKey":"BWHMja5g0B1+P+owIR65gKDDJ0BTSKOkC54QoeRgFHdb","preKeyId":385192}}},"version":"v1"}