{"_sessions":{"BTyrUTCvZqFrQ6Zx5STbG6/7k/GJrwz6VZ9gs0BhJR94":{"registrationId":174693790,"currentRatchet":{"ephemeralKeyPair":{"pubKey":"BdcjE2qNcb8Il/QEZzuA53fGa/FVItSpHprXA946OTwq","privKey":"OBQP/dcAxWQnRWa9SFMLtrqUuhLW58OWs8fjTkoDD3I="},"lastRemoteEphemeralKey":"BbkKu5zeT0WRpUGHw2b16s/QCmJBjBUFLWl1q9A4dp0W","previousCounter":0,"rootKey":"FuxfavlVpxyeTBMPdysHMk5auqPketE58luoCH1CE4Q="},"indexInfo":{"baseKey":"BTyrUTCvZqFrQ6Zx5STbG6/7k/GJrwz6VZ9gs0BhJR94","baseKeyType":2,"closed":-1,"used":1716074366293,"created":1716074366293,"remoteIdentityKey":"Bfc9dqQFDAHZoHcv0p1eSE27QreNqU5+4FOXN/VaSf9B"},"_chains":{"BbkKu5zeT0WRpUGHw2b16s/QCmJBjBUFLWl1q9A4dp0W":{"chainKey":{"counter":0,"key":"b0MXwTj2E9g1fWX7eoML3o5p2hLE0K6UwcWwWtgSyrY="},"chainType":2,"messageKeys":{}},"BdcjE2qNcb8Il/QEZzuA53fGa/FVItSpHprXA946OTwq":{"chainKey":{"counter":0,"key":"rkS+7JHyQMX/W1XyPM2pha+cwdUZlnSFFhDPRfVdzJ4="},"chainType":1,"messageKeys":{}}}}},"version":"v1"}