{"_sessions":{"BeuCxryUSDcAXA0N1/XVhsadXc5sL9gBNYapurr+glxo":{"registrationId":59200998,"currentRatchet":{"ephemeralKeyPair":{"pubKey":"BQ0/XgOCV1G9o0YOfGiw/5hCADxzw1tadmfcjXJul/FI","privKey":"wAdE7heuEQpBZLxI8E5TR9QXgo1yPlqvCViMw9YKYmI="},"lastRemoteEphemeralKey":"BdNGMaP+jwMn/lqngGEgqskXJjQXKz1iKH5Emvl+lLQP","previousCounter":0,"rootKey":"iNE2ggml/qPKE3k3+AuH1l3qZkaUERqjjcSE5VfLTck="},"indexInfo":{"baseKey":"BeuCxryUSDcAXA0N1/XVhsadXc5sL9gBNYapurr+glxo","baseKeyType":1,"closed":-1,"used":1716074382662,"created":1716074382662,"remoteIdentityKey":"BVW2FCqICaKl9Tgd+9rY/9AXv8n/yF7pnCxs+5OrxCNq"},"_chains":{"BQ0/XgOCV1G9o0YOfGiw/5hCADxzw1tadmfcjXJul/FI":{"chainKey":{"counter":0,"key":"y+35d+X9cp0O/ZF+XUu2UBl0WQos+sS7d2czngn59bM="},"chainType":1,"messageKeys":{}}},"pendingPreKey":{"signedKeyId":2,"baseKey":"BeuCxryUSDcAXA0N1/XVhsadXc5sL9gBNYapurr+glxo","preKeyId":13980519}}},"version":"v1"}