{"_sessions":{"BW/g8xtXUMVBVIXhsCxeVZM1SjROyMiv2FtZsMPHmcpc":{"registrationId":1692530549,"currentRatchet":{"ephemeralKeyPair":{"pubKey":"Ba/jEz42IbeqnqzuK1pxn7EWKQLcqIQtXr22b8q1r1wn","privKey":"0ENvuiHythMx5aHGKiQ53AXVt0azdAsODCxpq+IbBEo="},"lastRemoteEphemeralKey":"BU21dDXle8L14hhw944SYAyaKBaJPxPS5rSpiCI0mfVk","previousCounter":0,"rootKey":"MTA25WSIt1kGPm7XQXJLBd3b4FLWhdm5u/PuJeO/IjM="},"indexInfo":{"baseKey":"BW/g8xtXUMVBVIXhsCxeVZM1SjROyMiv2FtZsMPHmcpc","baseKeyType":1,"closed":-1,"used":1716074382747,"created":1716074382747,"remoteIdentityKey":"BUZz+HkoDy6N+WIdn3uM0X8apARaGs6Nr6H7ATGCC/ll"},"_chains":{"Ba/jEz42IbeqnqzuK1pxn7EWKQLcqIQtXr22b8q1r1wn":{"chainKey":{"counter":0,"key":"JelNG0/PG4nkmyyDIig1tvFdCUmxBnZXAh1VZZrOTnI="},"chainType":1,"messageKeys":{}}},"pendingPreKey":{"signedKeyId":0,"baseKey":"BW/g8xtXUMVBVIXhsCxeVZM1SjROyMiv2FtZsMPHmcpc","preKeyId":2555156}}},"version":"v1"}