{"_sessions":{"BeOo4w6JNwUwaLOd9SOoNleXgsnwtwv+Jq5rVw7jrwBv":{"registrationId":1870286934,"currentRatchet":{"ephemeralKeyPair":{"pubKey":"BRw60zQHNj4iUXMyZ7xS7J2WUtPlSwhdYAgtcB8oOXg/","privKey":"CJN2pTu8Zkec7DKsZJNbnNMGxeN5Nbp21fiK7UDyQnQ="},"lastRemoteEphemeralKey":"BcrMcfiTSFHiPaoP1DT14orxPRUmbxrHnFmYh2zKXDd8","previousCounter":0,"rootKey":"4/ZmC24AAv5Fkg8kTBdWhkX6qYzpa++uYzlkstDd/N8="},"indexInfo":{"baseKey":"BeOo4w6JNwUwaLOd9SOoNleXgsnwtwv+Jq5rVw7jrwBv","baseKeyType":1,"closed":-1,"used":1716074382460,"created":1716074382460,"remoteIdentityKey":"BUsubTVKo/fWqn2QS+rAr58c3YYboq5HIv7FoNdHpec5"},"_chains":{"BRw60zQHNj4iUXMyZ7xS7J2WUtPlSwhdYAgtcB8oOXg/":{"chainKey":{"counter":0,"key":"OIjWCtUeiBp3FgrxBukdfCTPLo6ZAszG7ZjuV0hLcXI="},"chainType":1,"messageKeys":{}}},"pendingPreKey":{"signedKeyId":0,"baseKey":"BeOo4w6JNwUwaLOd9SOoNleXgsnwtwv+Jq5rVw7jrwBv","preKeyId":2470790}}},"version":"v1"}