{"_sessions":{"BZc+YWN/ikJGzEb4lHnlmNVrqzYAEqUs+imGN7qHMsda":{"registrationId":1472180584,"currentRatchet":{"ephemeralKeyPair":{"pubKey":"BWZLAPHboXF3CpyffSjkYGrYFTHO9UE0qYKdShgtNnB9","privKey":"QAuoT1Z1yJyE8OoXMsoq4or+dnP6exJsYaPoip9BoEQ="},"lastRemoteEphemeralKey":"BYd05TGyAJJrrS6rfrNgYv3QJyH9Xg0roqaWd81QzE19","previousCounter":0,"rootKey":"T0iERFHaSYaWNcSu3WmO33K7F14oTzu/Xb4y7rpVTu4="},"indexInfo":{"baseKey":"BZc+YWN/ikJGzEb4lHnlmNVrqzYAEqUs+imGN7qHMsda","baseKeyType":1,"closed":-1,"used":1716074381622,"created":1716074381622,"remoteIdentityKey":"BTOUO5/8P2xuggumxzk0lvKFchPPCx/M5hSIRK8RBudq"},"_chains":{"BWZLAPHboXF3CpyffSjkYGrYFTHO9UE0qYKdShgtNnB9":{"chainKey":{"counter":0,"key":"i8YLL59OP/X01eg4vXHVQuT4Hq9jHcdMYVcoLhg1CmI="},"chainType":1,"messageKeys":{}}},"pendingPreKey":{"signedKeyId":1,"baseKey":"BZc+YWN/ikJGzEb4lHnlmNVrqzYAEqUs+imGN7qHMsda"}}},"version":"v1"}