{"_sessions":{"BVrp4as/cAgb2nXHjfH7UAV71+iV7OeAP/Go8ug/DwRj":{"registrationId":1024349917,"currentRatchet":{"ephemeralKeyPair":{"pubKey":"BajxhpKAz08PC58fiI6XfYAVjTeWzhxzty7gLeD07o10","privKey":"4JEhqldeYD1n6f4DbEciHuFqiHW7Ip3gFPNJ2IL/W1w="},"lastRemoteEphemeralKey":"BdTwHBDdWwXHPTY3QQNYcfKVcn1w9DBphnYGXidhbrki","previousCounter":0,"rootKey":"z06H2fawmJcLtjSE2Ck9Pfdsjz3K2o9p7+qLHWJWr4A="},"indexInfo":{"baseKey":"BVrp4as/cAgb2nXHjfH7UAV71+iV7OeAP/Go8ug/DwRj","baseKeyType":2,"closed":-1,"used":1713914128346,"created":1713913773086,"remoteIdentityKey":"BW77nEDjunRR9rYUuxl/cYNfKc7fZvkdajeNLduc8wVs"},"_chains":{"BTAhRJFHdX6ARbw7UWHHQZqCNJ8xN65M/tV8FYwS1w4Q":{"chainKey":{"counter":3},"chainType":2,"messageKeys":{}},"BdTwHBDdWwXHPTY3QQNYcfKVcn1w9DBphnYGXidhbrki":{"chainKey":{"counter":7,"key":"U06tZAoTZ8VRoKDUmRFNMywhvbbfcAGZKAxDYEEKVAo="},"chainType":2,"messageKeys":{}},"BajxhpKAz08PC58fiI6XfYAVjTeWzhxzty7gLeD07o10":{"chainKey":{"counter":-1,"key":"fJ63OfVS2zLFrGHEbbR53UY1prKYCnLRU//Agfk+Hxc="},"chainType":1,"messageKeys":{}}}}},"version":"v1"}