{"_sessions":{"BWqD6noQNCxeuoOQx9p0igaxcRmIPJxEiu5vElFD0AZp":{"registrationId":913243561,"currentRatchet":{"ephemeralKeyPair":{"pubKey":"BZFbkWkRb80Nc7zuTvFuNSV49ZEXxMq2dDgE+F+Nthc5","privKey":"WJ4++x0896HpbvKDYt7nI9fC+DTgHWrfLkErRaey508="},"lastRemoteEphemeralKey":"BXfWUGvQHAPEl8Wn3MxDfX/hq1iqn6q286E9b4ky5QB8","previousCounter":0,"rootKey":"05jGNhV2SuHYz1p3RHpo7bZGkp9ilBICBl5JYfzOXYQ="},"indexInfo":{"baseKey":"BWqD6noQNCxeuoOQx9p0igaxcRmIPJxEiu5vElFD0AZp","baseKeyType":1,"closed":-1,"used":1716074382431,"created":1716074382431,"remoteIdentityKey":"BXMOJkn/tFl/hWkiPNNM+eyxsAwbwJvXzCJk9GehqK1m"},"_chains":{"BZFbkWkRb80Nc7zuTvFuNSV49ZEXxMq2dDgE+F+Nthc5":{"chainKey":{"counter":0,"key":"/Vjfrtt3yXHk0c6RwBHtZ5uHzM7wC2jJ1mdnuxXkaBw="},"chainType":1,"messageKeys":{}}},"pendingPreKey":{"signedKeyId":13,"baseKey":"BWqD6noQNCxeuoOQx9p0igaxcRmIPJxEiu5vElFD0AZp","preKeyId":2555452}}},"version":"v1"}