{"_sessions":{"BfFISz2iY/ArZthCOxibI5u5JzBfDoN+fN/k1X463BIa":{"registrationId":1247368589,"currentRatchet":{"ephemeralKeyPair":{"pubKey":"BavipiT1xbm/ZxzCKjJTHTQOu8NE7SYT8OuSLfmIh1dL","privKey":"kIXXaT3+u8cufhUZmiDkaFAwZ7t89EkITEOqYQcZv1k="},"lastRemoteEphemeralKey":"BaNXp2P281chwHfKNvYia9rxY3YIjIjWeWMD8uR/7DcQ","previousCounter":0,"rootKey":"DqCnx2EXdwwH0VgRGoyUSUVY1LLcGl1tj53urf3aiAA="},"indexInfo":{"baseKey":"BfFISz2iY/ArZthCOxibI5u5JzBfDoN+fN/k1X463BIa","baseKeyType":1,"closed":-1,"used":1716074382134,"created":1716074382134,"remoteIdentityKey":"BdVOT3cm0A6iWj8sSGWNk/o4xRDVykL1yB9rN0hfJvNJ"},"_chains":{"BavipiT1xbm/ZxzCKjJTHTQOu8NE7SYT8OuSLfmIh1dL":{"chainKey":{"counter":0,"key":"W0zek1VQMPjBHVLD5Ysa2y7QAbqOCe3N2mNgKTVMQ/0="},"chainType":1,"messageKeys":{}}},"pendingPreKey":{"signedKeyId":1,"baseKey":"BfFISz2iY/ArZthCOxibI5u5JzBfDoN+fN/k1X463BIa","preKeyId":4401}}},"version":"v1"}