{"_sessions":{"BZqD7S3SUpx7WKmdlTf8PF7cvq+W2wIpwUJN/sL1vRI+":{"registrationId":1675447786,"currentRatchet":{"ephemeralKeyPair":{"pubKey":"BbaiklG6Ck985ptxF07CqERXU+d8M7zW9lXfZZZeXzNj","privKey":"0GgAwXb4dh9ab7Jm8aOehjAl9fmtbpH17GhnLu1BKk8="},"lastRemoteEphemeralKey":"BTYFPi4zKof8rGZMd9mp3Fip7BkEuyfWZOC1bWrWAqwJ","previousCounter":0,"rootKey":"iQdF4Y+RBwyC8eoutkCdLhgVJmWjmRYxzE9o3/aNQ4s="},"indexInfo":{"baseKey":"BZqD7S3SUpx7WKmdlTf8PF7cvq+W2wIpwUJN/sL1vRI+","baseKeyType":1,"closed":-1,"used":1716074382997,"created":1716074382997,"remoteIdentityKey":"Bd7MyCoDppWzMb6YMvcK7hbh3JOzf7xDMiQHgYMriedn"},"_chains":{"BbaiklG6Ck985ptxF07CqERXU+d8M7zW9lXfZZZeXzNj":{"chainKey":{"counter":0,"key":"Su9UoA7yIfXM4pX6bX8Gt/3dfvmUJ8lcZIM5AmWdm/c="},"chainType":1,"messageKeys":{}}},"pendingPreKey":{"signedKeyId":0,"baseKey":"BZqD7S3SUpx7WKmdlTf8PF7cvq+W2wIpwUJN/sL1vRI+","preKeyId":12606621}}},"version":"v1"}