{"_sessions":{"BQYM0xEjF88O21Xutx87bSiP1eM6+OU8YiWl0fFNuRNj":{"registrationId":429626675,"currentRatchet":{"ephemeralKeyPair":{"pubKey":"BSeJLaCiqtq3D3xFKtN4WzISald+B0KC+Q5F2mp9Rvxx","privKey":"kJQLJra+KLIIrQjQs08eGlPDx/SYc8UNNWQHdLutEmo="},"lastRemoteEphemeralKey":"BbRfBNa3p4Lfbg/utm13OqBRmy9RpA1+4Xz/nGfvEtNp","previousCounter":0,"rootKey":"ft6Jvs+kHVCbGScm14j0Qv0r/9BQsw4YLYVpmkFI8z4="},"indexInfo":{"baseKey":"BQYM0xEjF88O21Xutx87bSiP1eM6+OU8YiWl0fFNuRNj","baseKeyType":1,"closed":-1,"used":1716074382521,"created":1716074382521,"remoteIdentityKey":"BajxYI53JL3+a2sioHLh5tvBIj1d5kaJL6IYjxfgjml/"},"_chains":{"BSeJLaCiqtq3D3xFKtN4WzISald+B0KC+Q5F2mp9Rvxx":{"chainKey":{"counter":0,"key":"RzUP7vYtX+Crm0ed4LC4Cvn0z/rjTcqmeJSbE+MC6Y0="},"chainType":1,"messageKeys":{}}},"pendingPreKey":{"signedKeyId":3,"baseKey":"BQYM0xEjF88O21Xutx87bSiP1eM6+OU8YiWl0fFNuRNj","preKeyId":2478236}}},"version":"v1"}