{"_sessions":{"BWFnIWM0rnG54ib9jY8KeW4TpuR++XllTyDBXlwz59gD":{"registrationId":482247701,"currentRatchet":{"ephemeralKeyPair":{"pubKey":"BSSZQFohl0oMkHB/7BmvrxcETIn7JVZMH8gSBq5RR0x7","privKey":"0Owxc72sCjYyeHVEXzFtSfhHiYUWI7barMVShK6ykGw="},"lastRemoteEphemeralKey":"BVjVNEx5E4+URj9049GFtJC9H6oqutpyZW4o68ToFSco","previousCounter":0,"rootKey":"ljBxx9sehQLChoI7ZNbx1qgZFmS+ccOGV+BlNMl+7JE="},"indexInfo":{"baseKey":"BWFnIWM0rnG54ib9jY8KeW4TpuR++XllTyDBXlwz59gD","baseKeyType":1,"closed":-1,"used":1716074383005,"created":1716074383005,"remoteIdentityKey":"Barc5rgwLjLhxN+iqbDrBLd61HYn/MUQJDGHMt/gThsu"},"_chains":{"BSSZQFohl0oMkHB/7BmvrxcETIn7JVZMH8gSBq5RR0x7":{"chainKey":{"counter":0,"key":"NyXFPXtXfrTylDJfd1HxBw3yzP6pB5pbuX6wF7ZVKus="},"chainType":1,"messageKeys":{}}},"pendingPreKey":{"signedKeyId":1509,"baseKey":"BWFnIWM0rnG54ib9jY8KeW4TpuR++XllTyDBXlwz59gD","preKeyId":2880730}}},"version":"v1"}