{"_sessions":{"BbI/DXgVtNai1lQD+rAqehLTfVe55PPFjMyyBmWqMnxF":{"registrationId":93322028,"currentRatchet":{"ephemeralKeyPair":{"pubKey":"BSpKLD2uYZTcGMrk/nq/RHPce43X6nCWj3O95wCgFI95","privKey":"qCCH2lWvug57pET+X9ovVfZDWIRvafdfsNSaaeaXOUA="},"lastRemoteEphemeralKey":"BdumGMFFPJOVDWxyZqv21rFe5EfDmntDQ89JRh2Y4Nkn","previousCounter":0,"rootKey":"6vdXTW0WzYEZadCDsX5f63PiJO8gqaTC7sv/crU6pDA="},"indexInfo":{"baseKey":"BbI/DXgVtNai1lQD+rAqehLTfVe55PPFjMyyBmWqMnxF","baseKeyType":1,"closed":-1,"used":1716074382977,"created":1716074382977,"remoteIdentityKey":"BXPzmpvQ9I7fE1+jyArk6N6tFKWiIaKIM7QjwRDgpOZC"},"_chains":{"BSpKLD2uYZTcGMrk/nq/RHPce43X6nCWj3O95wCgFI95":{"chainKey":{"counter":0,"key":"Vy8OQGSiMu8ETHxy/z1s30YMSAlN5BE2r4PbRnoBsGA="},"chainType":1,"messageKeys":{}}},"pendingPreKey":{"signedKeyId":3,"baseKey":"BbI/DXgVtNai1lQD+rAqehLTfVe55PPFjMyyBmWqMnxF","preKeyId":15808936}}},"version":"v1"}