{"_sessions":{"BQMndDfMmePnIoi1BuRMSkmX2qSUzpyjyuPtNFMIb0pq":{"registrationId":1473,"currentRatchet":{"ephemeralKeyPair":{"pubKey":"Be9VQOb8UugrBR25N/uNwsHbReulCQ0eIUl/krFc/YBM","privKey":"iNrl1/V2KkmmiaI0IisegfvXdxsm5MvCHLxuHoVR93k="},"lastRemoteEphemeralKey":"BUjIi1qk+fFEP9QgDtsqNp3Van6ajcyQbXhrHmr6kxFo","previousCounter":0,"rootKey":"fTGbo8t33R5RddToyk2Zrm2qi77+lXXJR/AlY7OdExc="},"indexInfo":{"baseKey":"BQMndDfMmePnIoi1BuRMSkmX2qSUzpyjyuPtNFMIb0pq","baseKeyType":1,"closed":-1,"used":1716074381969,"created":1716074381969,"remoteIdentityKey":"BZc1TqJ0jPzprk1hRabqxABX+bPJ6TUKREMq3kyQa/w1"},"_chains":{"Be9VQOb8UugrBR25N/uNwsHbReulCQ0eIUl/krFc/YBM":{"chainKey":{"counter":0,"key":"T+argwpemCGLYZrZn0nWKhHCfvHc+TSPuWhe5xZdtKY="},"chainType":1,"messageKeys":{}}},"pendingPreKey":{"signedKeyId":1,"baseKey":"BQMndDfMmePnIoi1BuRMSkmX2qSUzpyjyuPtNFMIb0pq"}}},"version":"v1"}