{"_sessions":{"BXG1BtDi6aO+HWrer+adYEbrRl2sm5bPrcBkHo2xEMo8":{"registrationId":545823941,"currentRatchet":{"ephemeralKeyPair":{"pubKey":"BTj6dFUWfWO6iqCk1lMncDqmoRIo706t0c2tk16zmClz","privKey":"AAdIihIMakS9Za/BWxY53FOdn5w9RvMbwZaNYGmbn0U="},"lastRemoteEphemeralKey":"BX7J6WRfxn2c9i3pZYtpwJcSLpaaTZOmMluWEf4z/NYF","previousCounter":0,"rootKey":"K4VeW+nbo1yIAmLD1VbT0zbNbSeeNUne0JYwC1g9UNs="},"indexInfo":{"baseKey":"BXG1BtDi6aO+HWrer+adYEbrRl2sm5bPrcBkHo2xEMo8","baseKeyType":1,"closed":-1,"used":1716074382197,"created":1716074382197,"remoteIdentityKey":"BQR3xkxanrDy0HLYaX27bRG3/Y8TwLc8BJrnUxfWX+8/"},"_chains":{"BTj6dFUWfWO6iqCk1lMncDqmoRIo706t0c2tk16zmClz":{"chainKey":{"counter":0,"key":"qSopeydIyJZMK6gIBaSAUFiQBgSCcXCKwQxcPqztxfk="},"chainType":1,"messageKeys":{}}},"pendingPreKey":{"signedKeyId":2,"baseKey":"BXG1BtDi6aO+HWrer+adYEbrRl2sm5bPrcBkHo2xEMo8","preKeyId":1456461}}},"version":"v1"}