{"_sessions":{"BZFVTuZQhjwUHqFpLwvm+aWw2i6lqhfm2dDnvX5qZixX":{"registrationId":907897973,"currentRatchet":{"ephemeralKeyPair":{"pubKey":"BT4ui8RbZIkUa0aIWYGi5b+Cvb0VCeevrK2+Dmdm6boD","privKey":"4L6FceEEJYJdZdn+ZjK1Gg5hXgQEEFWq7rzxKWPIglI="},"lastRemoteEphemeralKey":"Bcvh8ptSt5G91FF65EtZHJxUS6B4Xub0F4T4GkxqK9Fb","previousCounter":0,"rootKey":"jD34yFTSDylS4CDMG7+fJ9O/JuqTdbiGHBYtmW0Ut6M="},"indexInfo":{"baseKey":"BZFVTuZQhjwUHqFpLwvm+aWw2i6lqhfm2dDnvX5qZixX","baseKeyType":1,"closed":-1,"used":1716074382690,"created":1716074382690,"remoteIdentityKey":"BSurGwPOitgdnUmnz0MZ95qvid863A2CHMy6TSgju5Am"},"_chains":{"BT4ui8RbZIkUa0aIWYGi5b+Cvb0VCeevrK2+Dmdm6boD":{"chainKey":{"counter":0,"key":"451R2MFbMcoWwkZ9yjiih0vTTH2z3CCJG/C9htmPguM="},"chainType":1,"messageKeys":{}}},"pendingPreKey":{"signedKeyId":0,"baseKey":"BZFVTuZQhjwUHqFpLwvm+aWw2i6lqhfm2dDnvX5qZixX","preKeyId":1404387}}},"version":"v1"}