{"_sessions":{"BbNnwOK96WQhoVqjpLTEMsycz0jCg6eyUmlDFxoZ5eVb":{"registrationId":15083,"currentRatchet":{"ephemeralKeyPair":{"pubKey":"BaIyWbv5u/6NYmL0mPpYR55r0usTYnrnXGuGDvrCenEX","privKey":"8IrbA+dwu00+WdchjQpPdtzpNUFXBVlFQlcB/a+CVn4="},"lastRemoteEphemeralKey":"BcfS2pFcCLohDkt90C1naPhD675ridYBVGh8RUUF4YhU","previousCounter":0,"rootKey":"tD8+QjiYuvwm92s7gxnMg5EH5YHZz61qLGUSaMfyk6c="},"indexInfo":{"baseKey":"BbNnwOK96WQhoVqjpLTEMsycz0jCg6eyUmlDFxoZ5eVb","baseKeyType":1,"closed":-1,"used":1716074382024,"created":1716074382024,"remoteIdentityKey":"BQbVKPRmhzHWtB3NXp9T1IhezdYhMowyyCMpAkH284EZ"},"_chains":{"BaIyWbv5u/6NYmL0mPpYR55r0usTYnrnXGuGDvrCenEX":{"chainKey":{"counter":0,"key":"kq/D4Bvk0pgZgcfbHw5p7sTJzPwQiC0oO82tq26oTMU="},"chainType":1,"messageKeys":{}}},"pendingPreKey":{"signedKeyId":1,"baseKey":"BbNnwOK96WQhoVqjpLTEMsycz0jCg6eyUmlDFxoZ5eVb"}}},"version":"v1"}