{"_sessions":{"BTLWNloKmXTsyDelsbcVpyi5P67GXKAobnHIOCIcXFl8":{"registrationId":1034879446,"currentRatchet":{"ephemeralKeyPair":{"pubKey":"BQ5xqRFxN1C5zSQEv1IaB1XsXbSq8gc+LRJRd1ihPewH","privKey":"QHy7/Z1U0J3AQG9qALAIICeSdLBICqfrIW+D9FL8gVM="},"lastRemoteEphemeralKey":"BWol0vGNyAUgaGfHqgBsWNgCBg55QrtsJ2cUyw+xJ/xx","previousCounter":0,"rootKey":"LXfQz7104sIHF0Jk42qTKQvooCUvvvWnoNNr5++zpkU="},"indexInfo":{"baseKey":"BTLWNloKmXTsyDelsbcVpyi5P67GXKAobnHIOCIcXFl8","baseKeyType":1,"closed":-1,"used":1716074382353,"created":1716074382353,"remoteIdentityKey":"BYFu5nv8uLHFEDC162ae3CckmnD4WHxs06IUvqs/ypNh"},"_chains":{"BQ5xqRFxN1C5zSQEv1IaB1XsXbSq8gc+LRJRd1ihPewH":{"chainKey":{"counter":0,"key":"zQNgdTAiLIlMToRs3pvapvxSICdwd13UinNuwWQLlEc="},"chainType":1,"messageKeys":{}}},"pendingPreKey":{"signedKeyId":17,"baseKey":"BTLWNloKmXTsyDelsbcVpyi5P67GXKAobnHIOCIcXFl8","preKeyId":10796914}}},"version":"v1"}