{"_sessions":{"BQ2/zQSxjeraivGiZ917U3XIcAVfwGYnma3oBmjGwSEq":{"registrationId":1371434683,"currentRatchet":{"ephemeralKeyPair":{"pubKey":"BVF/0FEFIUOvfMcMM1EXZrBCtuVOqghwcQLRYhyLyQB7","privKey":"WGDTNMQJJdpkAkYoV4LcpUqCoxu7SUjcDFkrQRDw4nU="},"lastRemoteEphemeralKey":"BXlCXcbL5yhm18AOWoWYN9WKGupXg6EbEuCb3lqzNBNG","previousCounter":0,"rootKey":"i7EHF0mswlZumHgKpWdMckxEaiq5oKvsdtuomfuykcE="},"indexInfo":{"baseKey":"BQ2/zQSxjeraivGiZ917U3XIcAVfwGYnma3oBmjGwSEq","baseKeyType":1,"closed":-1,"used":1716074382368,"created":1716074382368,"remoteIdentityKey":"Ba9d8Nn3Lr5t+clZvrsu/mzeDoSGDFQ/vGc/R6W/WqFK"},"_chains":{"BVF/0FEFIUOvfMcMM1EXZrBCtuVOqghwcQLRYhyLyQB7":{"chainKey":{"counter":0,"key":"+c5RIc5110TqmWiOPrFHlguH2+37Fu264E5k1EPhBI8="},"chainType":1,"messageKeys":{}}},"pendingPreKey":{"signedKeyId":0,"baseKey":"BQ2/zQSxjeraivGiZ917U3XIcAVfwGYnma3oBmjGwSEq"}}},"version":"v1"}