{"_sessions":{"BWdImJ6b4tH/qvrE4u1tgLVm1syOHfsBjqSze4LRkiZG":{"registrationId":1852240533,"currentRatchet":{"ephemeralKeyPair":{"pubKey":"BRKPDOL5P4VEnFd2rxWBKVX55f9nqA9mkQQtz5XdJC9q","privKey":"uMz0nWu/X8fso9gjJfxQq/zKXP1+O2WzuPDqS6u2q38="},"lastRemoteEphemeralKey":"Be3hEL77wVMCClTV2YzLqhKvh5kYRmaKwVICrueAODFA","previousCounter":0,"rootKey":"Q44j6ocEksRc1VjwzKb3Kb3WUMfUjWVHLmI+UfLK2WQ="},"indexInfo":{"baseKey":"BWdImJ6b4tH/qvrE4u1tgLVm1syOHfsBjqSze4LRkiZG","baseKeyType":1,"closed":-1,"used":1716074382262,"created":1716074382262,"remoteIdentityKey":"Bc6cDiBV77cOjV0E+AVfAZA2wNGmWYzFVqYD/D8906Qc"},"_chains":{"BRKPDOL5P4VEnFd2rxWBKVX55f9nqA9mkQQtz5XdJC9q":{"chainKey":{"counter":0,"key":"EjrMjyNrmj5fL6jXscYBvXsXMe32AKp4HtnYbhyqKy4="},"chainType":1,"messageKeys":{}}},"pendingPreKey":{"signedKeyId":7,"baseKey":"BWdImJ6b4tH/qvrE4u1tgLVm1syOHfsBjqSze4LRkiZG","preKeyId":15670498}}},"version":"v1"}