{"_sessions":{"BX7SImlOzl0fbACVS1KwsLPOFyZkS0scqsqH4QZzK7td":{"registrationId":1020257841,"currentRatchet":{"ephemeralKeyPair":{"pubKey":"BQ3J/qz6REDl7ztjONkArW4e+y5ugnbDDhFDbpNAdw8y","privKey":"gBo6a2Ap0z1R9wePLO3MQvfwFx6oLOYv/z5gbW07cVQ="},"lastRemoteEphemeralKey":"BeCvVVN+ai1GJgL81kNRU6me/gbiUMKt9w1mTXnECg4i","previousCounter":0,"rootKey":"lCEWvsY2KS/GImss8mqK2pt5Cfj27x6s9PPsoXJj96U="},"indexInfo":{"baseKey":"BX7SImlOzl0fbACVS1KwsLPOFyZkS0scqsqH4QZzK7td","baseKeyType":1,"closed":-1,"used":1716074382995,"created":1716074382995,"remoteIdentityKey":"BTYNXZYgIFXMWmCW/rz2FCr+Q9X5sJbuaWWtBQa9KhVb"},"_chains":{"BQ3J/qz6REDl7ztjONkArW4e+y5ugnbDDhFDbpNAdw8y":{"chainKey":{"counter":0,"key":"OVdos94xv1zXT4QpHbq3pxlKZmvTUqDI+h1Hyn0BYOo="},"chainType":1,"messageKeys":{}}},"pendingPreKey":{"signedKeyId":5,"baseKey":"BX7SImlOzl0fbACVS1KwsLPOFyZkS0scqsqH4QZzK7td","preKeyId":6792657}}},"version":"v1"}