{"_sessions":{"BbxH/boqnuBMivY7G8+cV88bj1Fy1PRZKswgUlWcmfYa":{"registrationId":7583,"currentRatchet":{"ephemeralKeyPair":{"pubKey":"BdOE+LUFx004CwOk2/1Wc5hKCDuUfQG3F23nY4cwDQIu","privKey":"qI7GKDwdJlBdR+0a4FSczOAWXgnEBPRpVvxLWXrn/kQ="},"lastRemoteEphemeralKey":"BVsXgyk8uEO9fO0tqwxKV+7IiE6reCcKgntNm0CnQoBq","previousCounter":0,"rootKey":"yr1Tm1hXKeYMyuxPyucxZKQXUFRVzlmbTsUgsnwIUYM="},"indexInfo":{"baseKey":"BbxH/boqnuBMivY7G8+cV88bj1Fy1PRZKswgUlWcmfYa","baseKeyType":1,"closed":-1,"used":1716074381892,"created":1716074381892,"remoteIdentityKey":"BZGP912M6799HLmvKRMbuVwMB3KrLpiKU8DbWnIMGFkB"},"_chains":{"BdOE+LUFx004CwOk2/1Wc5hKCDuUfQG3F23nY4cwDQIu":{"chainKey":{"counter":0,"key":"f50boZJKM8FbevH526qqVBmZhxjS7hHQCVlTVwoqj0g="},"chainType":1,"messageKeys":{}}},"pendingPreKey":{"signedKeyId":1,"baseKey":"BbxH/boqnuBMivY7G8+cV88bj1Fy1PRZKswgUlWcmfYa"}}},"version":"v1"}