{"_sessions":{"BXdauAgb7fP8xNdrAsTqQatAYLTPLd8Pt5auWflqpOph":{"registrationId":152025359,"currentRatchet":{"ephemeralKeyPair":{"pubKey":"BYp+UO+yfnUY5kccJuXojjJXqULXqn1t+Ihb4PMHCzki","privKey":"aB2TTVvZYC2Xv3DDlj1qwCpH8XRZ1RfkF+WAJRe7z1E="},"lastRemoteEphemeralKey":"BYVgXcptspVgAVQcypx0zuG0YiMQAYmjXuijifC9yGgD","previousCounter":0,"rootKey":"zved5kzIcpvY4CUznLCgcDpHQpBMKLq3Va/gmwbJcrw="},"indexInfo":{"baseKey":"BXdauAgb7fP8xNdrAsTqQatAYLTPLd8Pt5auWflqpOph","baseKeyType":1,"closed":-1,"used":1716074382638,"created":1716074382638,"remoteIdentityKey":"BWJep0mA7fJCgYn/e/m9CJyfjpUkZfAMtdM+hMq4bnZz"},"_chains":{"BYp+UO+yfnUY5kccJuXojjJXqULXqn1t+Ihb4PMHCzki":{"chainKey":{"counter":0,"key":"rpu4FCDx4AO+5lee5lsGfkxa13sUtFos4RlDWA/bRyU="},"chainType":1,"messageKeys":{}}},"pendingPreKey":{"signedKeyId":1,"baseKey":"BXdauAgb7fP8xNdrAsTqQatAYLTPLd8Pt5auWflqpOph"}}},"version":"v1"}