{"_sessions":{"BRt0piiI53Q+4z3BOD4qPPcZBGr3IGBxClMYg0BAy6QO":{"registrationId":11222,"currentRatchet":{"ephemeralKeyPair":{"pubKey":"BblO82CJIv9waP//vKbUrdPXb199KigOasIy889piUgo","privKey":"OKow21BHP5y27J3EOSj5NR0TI6TVn7J16LnpugEymlM="},"lastRemoteEphemeralKey":"BZvpU0wz/W3gnexKcQLQW25m5QV6C/70Ro/s0AUbNUE+","previousCounter":0,"rootKey":"E9ncBaNyVllIn8WKKLLyq6ygT8nSDNsTQXzvh4dKlF0="},"indexInfo":{"baseKey":"BRt0piiI53Q+4z3BOD4qPPcZBGr3IGBxClMYg0BAy6QO","baseKeyType":1,"closed":-1,"used":1716074381888,"created":1716074381888,"remoteIdentityKey":"Bf4xqrE95/fslrCiKfDiTmJ4Dnira7prY417VJNIwaca"},"_chains":{"BblO82CJIv9waP//vKbUrdPXb199KigOasIy889piUgo":{"chainKey":{"counter":0,"key":"hA8EaO7YiJ+GgTpzeTdboQmhYTgIv8/oUtB/BluE4jA="},"chainType":1,"messageKeys":{}}},"pendingPreKey":{"signedKeyId":1,"baseKey":"BRt0piiI53Q+4z3BOD4qPPcZBGr3IGBxClMYg0BAy6QO"}}},"version":"v1"}