{"_sessions":{"BbLCmSOFdUzqrmCxq7k2lzQVHLTIjxYaZh1I0VRB1V4G":{"registrationId":1977091883,"currentRatchet":{"ephemeralKeyPair":{"pubKey":"BVeUbrcLWcflnmxn0suDlMh4MesDke+s7OLkncgGh+QF","privKey":"8De/KRnnD8Lbiko5e4OOKWORnnXab09pHrhJW1IHsmU="},"lastRemoteEphemeralKey":"BQ5K7MYtXYshNDbQXAQVSKym7CAPSFb/1frh0wWz7HkQ","previousCounter":0,"rootKey":"sc8SSConQydyBAPk9x7URYuYoDoUTqM65uWzt6gUrGg="},"indexInfo":{"baseKey":"BbLCmSOFdUzqrmCxq7k2lzQVHLTIjxYaZh1I0VRB1V4G","baseKeyType":1,"closed":-1,"used":1716074381940,"created":1716074381940,"remoteIdentityKey":"BbnRoLGBEERk785XZe+clfmTZsUaVrsaZndaMTqiJsEf"},"_chains":{"BVeUbrcLWcflnmxn0suDlMh4MesDke+s7OLkncgGh+QF":{"chainKey":{"counter":0,"key":"QfcFRcMrog6RoXUN9NCR0A9B2k1nknffnQTLOe/2P3I="},"chainType":1,"messageKeys":{}}},"pendingPreKey":{"signedKeyId":1,"baseKey":"BbLCmSOFdUzqrmCxq7k2lzQVHLTIjxYaZh1I0VRB1V4G","preKeyId":221911}}},"version":"v1"}