{"_sessions":{"BVjZDzZgBXtAjKZP1BuvpCfrheHPW8ROJeYihv2lkbY5":{"registrationId":1029067882,"currentRatchet":{"ephemeralKeyPair":{"pubKey":"BfeHrj1l0EDAKgYrlObFYNLSyAFcyK/BPCezgI1ox0pt","privKey":"0CeXpxX9TpdRwAZPouZ1fRENqW1VWj+7/rHuW1MrcUg="},"lastRemoteEphemeralKey":"BeokK0+/EOzqNqQG6HOCkdKtR+8hW6crZPCyaqXy8R47","previousCounter":0,"rootKey":"fMMF9ory23LqZDVRpfrowYaFwfrZ1PlBiAJGtm9Mq/E="},"indexInfo":{"baseKey":"BVjZDzZgBXtAjKZP1BuvpCfrheHPW8ROJeYihv2lkbY5","baseKeyType":1,"closed":-1,"used":1716074382876,"created":1716074382876,"remoteIdentityKey":"BS5RTRcn/2/274TOb+EJ+lfvisVXjTISoUO5mlr4eLFr"},"_chains":{"BfeHrj1l0EDAKgYrlObFYNLSyAFcyK/BPCezgI1ox0pt":{"chainKey":{"counter":0,"key":"eyZ/WSd6OhPNXVc+9CAYGNQNgLbyYIvI4txiiVh7DXU="},"chainType":1,"messageKeys":{}}},"pendingPreKey":{"signedKeyId":2,"baseKey":"BVjZDzZgBXtAjKZP1BuvpCfrheHPW8ROJeYihv2lkbY5","preKeyId":3850418}}},"version":"v1"}