{"_sessions":{"BdNeQ3KwOZfrQkK6WWkQNhIRbdRM3WXA8bYpsF3LjTo4":{"registrationId":1959060066,"currentRatchet":{"ephemeralKeyPair":{"pubKey":"BZ9YUAeEPr1OFkBYSSgE3hTn6tTSqEpbnMeKtOJCECYT","privKey":"SHQYWqkA/CBZx3GYUUVTZlBv9Nw9uWlAydQl9j23zF0="},"lastRemoteEphemeralKey":"BWIdPrwS0nb5gQEpfj6Nbqi4N97Ej7hE6quxD6dc5x8k","previousCounter":0,"rootKey":"JGo+TDqJbHWmUSFYuDpU6dGfpet96HJ9nFZu/GNZHAE="},"indexInfo":{"baseKey":"BdNeQ3KwOZfrQkK6WWkQNhIRbdRM3WXA8bYpsF3LjTo4","baseKeyType":1,"closed":-1,"used":1716074382271,"created":1716074382271,"remoteIdentityKey":"BQBMkEsvzvqBLzHkizfB8MrY4/nm6FLH7Q8t4aEQKFMq"},"_chains":{"BZ9YUAeEPr1OFkBYSSgE3hTn6tTSqEpbnMeKtOJCECYT":{"chainKey":{"counter":0,"key":"usvTzVRrsiEx7vdR0JBWeR9JbUOdIk0qZ0Iqekq86hY="},"chainType":1,"messageKeys":{}}},"pendingPreKey":{"signedKeyId":5,"baseKey":"BdNeQ3KwOZfrQkK6WWkQNhIRbdRM3WXA8bYpsF3LjTo4","preKeyId":2433620}}},"version":"v1"}