{"_sessions":{"BVtyNZiSUB5BN/Asln+SoBvt7cUYbFsvNg+/6LdUCBB+":{"registrationId":255344103,"currentRatchet":{"ephemeralKeyPair":{"pubKey":"BWWVjrpYQLBBOY5Gb0ERhxYzEuRQBePdLBFQucWStAsj","privKey":"UAvLB1n5Jf4f8v7UPRjvvpLF6x4/6/cCtZm/6ax+sGc="},"lastRemoteEphemeralKey":"BRJiNvlTSGKGSZLac5VD+odbNubywZdJnIeiDGjQzBRH","previousCounter":0,"rootKey":"QEx7MKrnqZzoyhGzKKIBSnGrMPDJ51/KUQbvboV5Oe8="},"indexInfo":{"baseKey":"BVtyNZiSUB5BN/Asln+SoBvt7cUYbFsvNg+/6LdUCBB+","baseKeyType":1,"closed":-1,"used":1716074382671,"created":1716074382671,"remoteIdentityKey":"BZz6OzGQOh65Tsn32ysmkfvY5xtk+O9CU1SXNup/zX8R"},"_chains":{"BWWVjrpYQLBBOY5Gb0ERhxYzEuRQBePdLBFQucWStAsj":{"chainKey":{"counter":0,"key":"u0IiNznsmnXf01uApSC65aFGWpdwIo1TL6Db6L6LAJ0="},"chainType":1,"messageKeys":{}}},"pendingPreKey":{"signedKeyId":13,"baseKey":"BVtyNZiSUB5BN/Asln+SoBvt7cUYbFsvNg+/6LdUCBB+","preKeyId":9459281}}},"version":"v1"}