{"_sessions":{"Bc/tB+t5O9/k1nM3yQ3kaOQE7cvTcH5K7oHINPxYi6sj":{"registrationId":1036285143,"currentRatchet":{"ephemeralKeyPair":{"pubKey":"BeKSPMS43eZtIbi+GcKVwoCkSfFG6Vg42TDBeQjuOedp","privKey":"YDkSmSRZNUaAcyo9fkKQ/C7eEDNlGOFlxK/QD76zeU8="},"lastRemoteEphemeralKey":"BV7d5XfWlXjtLzfSCXBtzFvG1xN+jSEUcprroOAM1+hJ","previousCounter":0,"rootKey":"RWrRK4Ga4MQULESAVa0qMI6wlFyguhXqY9ht0UsVrrY="},"indexInfo":{"baseKey":"Bc/tB+t5O9/k1nM3yQ3kaOQE7cvTcH5K7oHINPxYi6sj","baseKeyType":1,"closed":-1,"used":1716074381760,"created":1716074381760,"remoteIdentityKey":"BYphbiXrPTOkvUOiPlyZQmRdM+LSkFE/jBT2GjSt8X0/"},"_chains":{"BeKSPMS43eZtIbi+GcKVwoCkSfFG6Vg42TDBeQjuOedp":{"chainKey":{"counter":0,"key":"PGT5N/fmnOLxfeSlVm0bAJIdcc0SYqUbf87RDeMq5FQ="},"chainType":1,"messageKeys":{}}},"pendingPreKey":{"signedKeyId":1,"baseKey":"Bc/tB+t5O9/k1nM3yQ3kaOQE7cvTcH5K7oHINPxYi6sj","preKeyId":4116}}},"version":"v1"}