{"_sessions":{"BWQyZcl8vM2vlV2Emk7RTMLZEWQbTaixNufzgWLZC+Z6":{"registrationId":1054368490,"currentRatchet":{"ephemeralKeyPair":{"pubKey":"Ba6ATMaZJ/0D8JaCTAJGIWUQW6kTbpCqD0fDlveOscwJ","privKey":"SMOitdAVa5h21ZtdiIocxEyAo2jlLKaUY9s7F86q9Ho="},"lastRemoteEphemeralKey":"BdtPt+ea0p2yGZJJ7HtGL0RgxJJGIV/4ykSVG0mx9qAG","previousCounter":0,"rootKey":"va0lNIAkN9XqV6hj5mGzZNxwSasgMQg+CJg2IdHopmM="},"indexInfo":{"baseKey":"BWQyZcl8vM2vlV2Emk7RTMLZEWQbTaixNufzgWLZC+Z6","baseKeyType":1,"closed":-1,"used":1716074382239,"created":1716074382239,"remoteIdentityKey":"BfBbFp32hRcKdNdFkXjmZjga34X1dFbPkl6FZuhCYuoP"},"_chains":{"Ba6ATMaZJ/0D8JaCTAJGIWUQW6kTbpCqD0fDlveOscwJ":{"chainKey":{"counter":0,"key":"d3gpOFvbScaBfgDCbKQCiVWdHIzMA22Nq3NpzbazzOI="},"chainType":1,"messageKeys":{}}},"pendingPreKey":{"signedKeyId":8,"baseKey":"BWQyZcl8vM2vlV2Emk7RTMLZEWQbTaixNufzgWLZC+Z6","preKeyId":12459464}}},"version":"v1"}