{"_sessions":{"BeVnssQZpTeem4qsGS3PiT2tVs1ZECmhRusFfiX87XlI":{"registrationId":10488,"currentRatchet":{"ephemeralKeyPair":{"pubKey":"BbWSlcsnxOq6y7NsGeRPp9mPhJ3yNgY8B/uHUdJc2/Nc","privKey":"aE9I+AEdT+fCB01PUVEU5Uafp4UDqg1VNHz4vr4DrG0="},"lastRemoteEphemeralKey":"BQdNZdbYmRrWcB0OzpAwu7qlnPn/CB+dmofUV1pxEdhx","previousCounter":0,"rootKey":"bhYM7DEQysbsn3SpLSf4yuKhCxo9WW8skthpfuEJoew="},"indexInfo":{"baseKey":"BeVnssQZpTeem4qsGS3PiT2tVs1ZECmhRusFfiX87XlI","baseKeyType":1,"closed":-1,"used":1716074382142,"created":1716074382142,"remoteIdentityKey":"BeQ6lbRIVwnN8PSsEhBYToCKJ/CEilTqdynmiZYkiiQO"},"_chains":{"BbWSlcsnxOq6y7NsGeRPp9mPhJ3yNgY8B/uHUdJc2/Nc":{"chainKey":{"counter":0,"key":"XNVE8zR9SXPmzX0qP5j+ycyBd0n7bFBAtYk396DvVH0="},"chainType":1,"messageKeys":{}}},"pendingPreKey":{"signedKeyId":1,"baseKey":"BeVnssQZpTeem4qsGS3PiT2tVs1ZECmhRusFfiX87XlI"}}},"version":"v1"}