{"_sessions":{"BdABUtoHZumh4DVFE9yeXxDOaBi03kvlI9PPDk1eX9N1":{"registrationId":2058619766,"currentRatchet":{"ephemeralKeyPair":{"pubKey":"BVeoJ0bruMtxxRc6AJFtx5X8+DaaNIn/UZ0xEo0pHcVB","privKey":"2DjoFC9hfxxbCRjoQZlQU2DlsWZhjiuDVQz8XY1m+H0="},"lastRemoteEphemeralKey":"BWnnb+u5hhl+qKeh6Lsv9ynUWRF9DvDLbfuJOlz4lWRJ","previousCounter":0,"rootKey":"VtVTzTXEuutOF8ft9zRoZOq+AO2jxs80ZoWBL08KTi8="},"indexInfo":{"baseKey":"BdABUtoHZumh4DVFE9yeXxDOaBi03kvlI9PPDk1eX9N1","baseKeyType":1,"closed":-1,"used":1716074381731,"created":1716074381731,"remoteIdentityKey":"BUJ8r0v23X4VdHX3HDHZcKb2CLh/Fr9Zwy7xr7/RvI44"},"_chains":{"BVeoJ0bruMtxxRc6AJFtx5X8+DaaNIn/UZ0xEo0pHcVB":{"chainKey":{"counter":0,"key":"J64e1xk5Nu720sDSzMkQewChqPZH05Ih8uBWuU2DZUI="},"chainType":1,"messageKeys":{}}},"pendingPreKey":{"signedKeyId":1,"baseKey":"BdABUtoHZumh4DVFE9yeXxDOaBi03kvlI9PPDk1eX9N1","preKeyId":4649}}},"version":"v1"}