{"_sessions":{"BTVw52WbSl9z60PjKqx/L/3pgxErC6o5VpRHbYlCOip+":{"registrationId":14674,"currentRatchet":{"ephemeralKeyPair":{"pubKey":"BcddL04yzvTjONGi2uSBuTWHui1uMjRg0nwHnOaMr/lk","privKey":"kFxlLiFRpC3nC7OtNJxM5//Kpjauw2eQvZ+ZeFURaWg="},"lastRemoteEphemeralKey":"BZ7IGCexSBRPdbz2bZ6cJkW0Vr49vnejumwWHnKrWbRI","previousCounter":0,"rootKey":"zL3Wc+g+fCYT65NC2M85JQUbYYLGxtKw4t5bU2VWQ/I="},"indexInfo":{"baseKey":"BTVw52WbSl9z60PjKqx/L/3pgxErC6o5VpRHbYlCOip+","baseKeyType":1,"closed":-1,"used":1716074381979,"created":1716074381979,"remoteIdentityKey":"BU38255gzaG4nBFXnNtlZ3Y/2VBJGBmztAhNAE7gBNMt"},"_chains":{"BcddL04yzvTjONGi2uSBuTWHui1uMjRg0nwHnOaMr/lk":{"chainKey":{"counter":0,"key":"MlLXG+s3s4m/aW+k4fpugs8Poydgi7HpY3ih/Zh2K84="},"chainType":1,"messageKeys":{}}},"pendingPreKey":{"signedKeyId":1,"baseKey":"BTVw52WbSl9z60PjKqx/L/3pgxErC6o5VpRHbYlCOip+"}}},"version":"v1"}