{"_sessions":{"BcXL3Pr/IlR2iC5okqZomxntyoXBj/Y+xuI1ludS5WsK":{"registrationId":714078119,"currentRatchet":{"ephemeralKeyPair":{"pubKey":"BTESHNgqFBjWHhlJkyeuY20goZQ3Ricg6y70sR00DwMj","privKey":"yDkmwKEMi4u5x56yC3Gm5o8FflzWmPneA45ok1xGy2Y="},"lastRemoteEphemeralKey":"BXJBOfuesA/OndCwSlAPdHACAiEFvLg+YQknFI/dGtpx","previousCounter":3,"rootKey":"8r2dWve7Ki8ghj//VqYioiI8jO4bGY1vU3oMRVqZ0HQ="},"indexInfo":{"baseKey":"BcXL3Pr/IlR2iC5okqZomxntyoXBj/Y+xuI1ludS5WsK","baseKeyType":2,"closed":-1,"used":1716035373196,"created":1716035366034,"remoteIdentityKey":"BaKqCdhYHEvCx0y/iNTQIWK2PaWZ4Zw+K2KUeiPOoIEf"},"_chains":{"BVZSfZwkmTqdClG3c0ZUQ1NAyPkZZ26jVfFZBsw//1pK":{"chainKey":{"counter":0},"chainType":2,"messageKeys":{}},"BRXWsFTpiODANSSbnpODqhvUFi+5EJJoSb23W4Zzd9MH":{"chainKey":{"counter":0},"chainType":2,"messageKeys":{}},"BXJBOfuesA/OndCwSlAPdHACAiEFvLg+YQknFI/dGtpx":{"chainKey":{"counter":0,"key":"zE/lSg5OiPfG4CAFqehMiVOcadEoDhV7Y2xptygqyvk="},"chainType":2,"messageKeys":{}},"BTESHNgqFBjWHhlJkyeuY20goZQ3Ricg6y70sR00DwMj":{"chainKey":{"counter":0,"key":"K7ti+yvBPMZ85kV1rvJjaXEeU775Ufmasov3QH/+q2k="},"chainType":1,"messageKeys":{}}}}},"version":"v1"}