{"_sessions":{"BarzX+zu1GTCctYdSSDoHg2RAHGt0T+Tr/eTkHXj/jEp":{"registrationId":1148377215,"currentRatchet":{"ephemeralKeyPair":{"pubKey":"BYEo+duvHNdz+ygBCXhgeqpHiTRjj0K73CMZBtKnzPZV","privKey":"4LnMUXAghHJU5jr3l9yfQOsVYRBFbn7TPWv4VyoRo3k="},"lastRemoteEphemeralKey":"BSsV5hhfVy0EWwN2Xu8sSTATKSpovC8xl2p+5QxMzUAi","previousCounter":0,"rootKey":"Y7ZhAwqejme8U1UFJtrc6qF3jjDRWuf8GH2Rj8P5BDU="},"indexInfo":{"baseKey":"BarzX+zu1GTCctYdSSDoHg2RAHGt0T+Tr/eTkHXj/jEp","baseKeyType":1,"closed":-1,"used":1716074382253,"created":1716074382253,"remoteIdentityKey":"BSqQWT40Yl58RyP2QuZSH99zCR4cEAVrjoKpLms1aAUv"},"_chains":{"BYEo+duvHNdz+ygBCXhgeqpHiTRjj0K73CMZBtKnzPZV":{"chainKey":{"counter":0,"key":"3AVhgekVcmsCzqJps8J2i8XhigOYL5oGKVu8z7syWMo="},"chainType":1,"messageKeys":{}}},"pendingPreKey":{"signedKeyId":9609357,"baseKey":"BarzX+zu1GTCctYdSSDoHg2RAHGt0T+Tr/eTkHXj/jEp","preKeyId":7139}}},"version":"v1"}