{"_sessions":{"BfsM0k3q+gVzteM88GC4482a/L4UnIeF10jd9oFQlocZ":{"registrationId":375536236,"currentRatchet":{"ephemeralKeyPair":{"pubKey":"BajKCoefSExdRWLyFhmGelPeX+2230Zs6jCT1Xw6vbVn","privKey":"0Mh0b1QSrne2FcSY0I591zw9K+3QpWW6wR8AuC3ncUw="},"lastRemoteEphemeralKey":"BWR3yusIVvxwHfZbo7cpK3qa2HzrLKFhjWAUHD3+dGo3","previousCounter":0,"rootKey":"ds7smHE9RWH8qyEHqFY4243sKvAvDqUKClE1uwX9C0M="},"indexInfo":{"baseKey":"BfsM0k3q+gVzteM88GC4482a/L4UnIeF10jd9oFQlocZ","baseKeyType":1,"closed":-1,"used":1716074382288,"created":1716074382288,"remoteIdentityKey":"BTRzzwc2PeRdpQm4K4dqhbRhYZSiQyz16YtQ8hJRgCF4"},"_chains":{"BajKCoefSExdRWLyFhmGelPeX+2230Zs6jCT1Xw6vbVn":{"chainKey":{"counter":0,"key":"4EFSEYigCggdYWFQavO9PxbjNhS4SD2tyUx/sj8oqWs="},"chainType":1,"messageKeys":{}}},"pendingPreKey":{"signedKeyId":16,"baseKey":"BfsM0k3q+gVzteM88GC4482a/L4UnIeF10jd9oFQlocZ","preKeyId":13465610}}},"version":"v1"}