{"_sessions":{"BXVbeObbs8M4mlaKkLREPZ2Bj1b4Kbxzm4UvOnJlGzMu":{"registrationId":6333,"currentRatchet":{"ephemeralKeyPair":{"pubKey":"Bb9ZFYy8FPKC7UrYKREEsDHrpD4aJTLNbE8I1zMmnM9S","privKey":"GLaZgFY+Qvj0IFDFgODsfavwwo5DRi6dX6IzH0xfb30="},"lastRemoteEphemeralKey":"BYn2GwUnouPVQ4M8F2fYe2xyRVhoxX7C8nMtP348yKxd","previousCounter":0,"rootKey":"BScs27NJEdY61RRRfmOQPGYtWC/6iZjJkq9j4zaE87k="},"indexInfo":{"baseKey":"BXVbeObbs8M4mlaKkLREPZ2Bj1b4Kbxzm4UvOnJlGzMu","baseKeyType":1,"closed":-1,"used":1716074381933,"created":1716074381933,"remoteIdentityKey":"BXj1tJh5uF28OJFKAOSuXCbP5ZDPC3Jo+BuO/xLiGsMX"},"_chains":{"Bb9ZFYy8FPKC7UrYKREEsDHrpD4aJTLNbE8I1zMmnM9S":{"chainKey":{"counter":0,"key":"WTTIQgZnnM8eCYdtE4dL4N5ezzNXHR9cIvziDFm65rM="},"chainType":1,"messageKeys":{}}},"pendingPreKey":{"signedKeyId":1,"baseKey":"BXVbeObbs8M4mlaKkLREPZ2Bj1b4Kbxzm4UvOnJlGzMu"}}},"version":"v1"}