{"_sessions":{"BYlBUDYMVDVbqx8/SVExoBZ3ui6iqu5E9bNiV1MmFqAC":{"registrationId":1433463890,"currentRatchet":{"ephemeralKeyPair":{"pubKey":"BU27UOhgtxr0+IpqZlxmX7Yvduun9dqs6cWiGed0AchD","privKey":"wIO4492Ayr8MiRH6e56cFvFmbzwT6czcGdCK7yns53Q="},"lastRemoteEphemeralKey":"BdtYTDgo+CizMchwJMVgzT0kRuSXLU7WEmtvpVZ6tost","previousCounter":0,"rootKey":"dimUAsh+xWVqQz5OZHfuyvYtdqlv2LjUs+B0vNVamTg="},"indexInfo":{"baseKey":"BYlBUDYMVDVbqx8/SVExoBZ3ui6iqu5E9bNiV1MmFqAC","baseKeyType":1,"closed":-1,"used":1716074382646,"created":1716074382646,"remoteIdentityKey":"BbOGiXV+quzdsVYHS73KmfdUBOUL43/n2w5gCAywwbpl"},"_chains":{"BU27UOhgtxr0+IpqZlxmX7Yvduun9dqs6cWiGed0AchD":{"chainKey":{"counter":0,"key":"mIXbuOsxvFE3eXU1O4Qth6szW/kEuGafCu9q13lLs3w="},"chainType":1,"messageKeys":{}}},"pendingPreKey":{"signedKeyId":0,"baseKey":"BYlBUDYMVDVbqx8/SVExoBZ3ui6iqu5E9bNiV1MmFqAC","preKeyId":1004819}}},"version":"v1"}