{"_sessions":{"BU4YHO7iE/abVGeQ18OcoOH9Bd2NXB+/3PvzDs3yeVoy":{"registrationId":2123050262,"currentRatchet":{"ephemeralKeyPair":{"pubKey":"BZMWhR1r7yMr89Ifs9JbgvpVxP01NtgO95m7DvMyLsV7","privKey":"SOvbBczbiLVH1XshWELBUkQEMTPrSKzeUb4TMMGkNlw="},"lastRemoteEphemeralKey":"BewsTjfKo1GGRsMDtwHMuBKCy11O8ex05e/wd0wXUOhD","previousCounter":0,"rootKey":"tn05Cq3E6i20fYaxw7ct3eEmyj1qBJoongXY9xpgKNg="},"indexInfo":{"baseKey":"BU4YHO7iE/abVGeQ18OcoOH9Bd2NXB+/3PvzDs3yeVoy","baseKeyType":1,"closed":-1,"used":1716074382924,"created":1716074382924,"remoteIdentityKey":"BYNKKuYX193n0inq/0CcyqcvFJyt/SOI9CeZjPCU/8B6"},"_chains":{"BZMWhR1r7yMr89Ifs9JbgvpVxP01NtgO95m7DvMyLsV7":{"chainKey":{"counter":0,"key":"te7HTSq1E9Pw/lNvTk05VwJ9O3FmCfIXncvdzebsE7E="},"chainType":1,"messageKeys":{}}},"pendingPreKey":{"signedKeyId":4,"baseKey":"BU4YHO7iE/abVGeQ18OcoOH9Bd2NXB+/3PvzDs3yeVoy","preKeyId":11871586}}},"version":"v1"}