{"_sessions":{"BQzgLur0nFAwhMkjRaSnbyNKH/JmHku6dVI+hOHJa0Qo":{"registrationId":91733700,"currentRatchet":{"ephemeralKeyPair":{"pubKey":"Bf/CmoyfkgaVZWef1680Uckx3itu0xJO2WT0NeN8F/EL","privKey":"UMRdJ2p77cFGuGEOP+SVHELQhTNzP5shKIaDuf6U3kM="},"lastRemoteEphemeralKey":"BScmgPHibLihrOvonAG/CFpxZgWd0nClFILJsWmrGXUh","previousCounter":0,"rootKey":"iaG5CD2vK5NconbNInI4RTtRkTjyREJmtn120Svwhx4="},"indexInfo":{"baseKey":"BQzgLur0nFAwhMkjRaSnbyNKH/JmHku6dVI+hOHJa0Qo","baseKeyType":1,"closed":-1,"used":1716074382762,"created":1716074382762,"remoteIdentityKey":"BWQLpx7aNovzHFHqIwCoMdJ/RZEqyqy4SSxSIrvSLQlb"},"_chains":{"Bf/CmoyfkgaVZWef1680Uckx3itu0xJO2WT0NeN8F/EL":{"chainKey":{"counter":0,"key":"13obVw6B6lePFG2Bo3HrfkAjozXiMIY1h86eOcFEb/E="},"chainType":1,"messageKeys":{}}},"pendingPreKey":{"signedKeyId":3,"baseKey":"BQzgLur0nFAwhMkjRaSnbyNKH/JmHku6dVI+hOHJa0Qo","preKeyId":13834283}}},"version":"v1"}