{"_sessions":{"BQpPgHwJC39C0ANFcSGUhXRj/B0+CJsBL6PbU87lVEQ+":{"registrationId":8329,"currentRatchet":{"ephemeralKeyPair":{"pubKey":"Ba3xqugMPefiYbZnZWrQP2KhMgh15h8TQzeHRof0lhUi","privKey":"uKDocQAeOxZuociJjhxUcW2joQJdUg97g2ZF8rakV0k="},"lastRemoteEphemeralKey":"BYkyJ/lvtVGIpSXYTADQdlxe8fis9bU8my+DDHVDYI1H","previousCounter":0,"rootKey":"/JiU/1OyEDksxskI8K4QI/wVYaKyt4yJhkmD36XIKaI="},"indexInfo":{"baseKey":"BQpPgHwJC39C0ANFcSGUhXRj/B0+CJsBL6PbU87lVEQ+","baseKeyType":1,"closed":-1,"used":1716074381778,"created":1716074381778,"remoteIdentityKey":"BYNlhi+mknuDE4Blv0DOpLP9UHMJbljDxu17K1UqoPtE"},"_chains":{"Ba3xqugMPefiYbZnZWrQP2KhMgh15h8TQzeHRof0lhUi":{"chainKey":{"counter":0,"key":"Zr6gZIKUlOJSWQ5hQGfgRjN8ZEgFscPVoDMzkJ9tCjE="},"chainType":1,"messageKeys":{}}},"pendingPreKey":{"signedKeyId":1,"baseKey":"BQpPgHwJC39C0ANFcSGUhXRj/B0+CJsBL6PbU87lVEQ+"}}},"version":"v1"}