{"_sessions":{"Bak3qreNI9lhr3S7R88pfdX+76jbyIoutm3i//vF9iYt":{"registrationId":1946942069,"currentRatchet":{"ephemeralKeyPair":{"pubKey":"BbAoqfqgnCj7cOzCCyA2NlQFCOuMkaIlbZPbgK21kaAC","privKey":"yFisy5IPeXbNC3RA6EBXx2uJXgRuUdONbgFeCAPLC0c="},"lastRemoteEphemeralKey":"BQO0WFzg/y8kGALJRricO1COWbOWJl5nguu5Y5A7wq5S","previousCounter":0,"rootKey":"2Z1PfyEhUOAt+UirxxPzlxhL0Z0+/qEYzO7U6Qn5A/4="},"indexInfo":{"baseKey":"Bak3qreNI9lhr3S7R88pfdX+76jbyIoutm3i//vF9iYt","baseKeyType":1,"closed":-1,"used":1716074382136,"created":1716074382136,"remoteIdentityKey":"BXYNY3xDK4SAx2C3G9bzjSDDMhwf6o1TAGLF9Y2KHsx4"},"_chains":{"BbAoqfqgnCj7cOzCCyA2NlQFCOuMkaIlbZPbgK21kaAC":{"chainKey":{"counter":0,"key":"9GfCOsr3no6IZ1hd3uQ5l6U52xY/UY1hszrhMDo3B4c="},"chainType":1,"messageKeys":{}}},"pendingPreKey":{"signedKeyId":1,"baseKey":"Bak3qreNI9lhr3S7R88pfdX+76jbyIoutm3i//vF9iYt","preKeyId":9697}}},"version":"v1"}