{"_sessions":{"BUqgJtOEqVHTaI8JY3UBtMdqyamXFHK0kKzONYgnf8Nq":{"registrationId":1256228708,"currentRatchet":{"ephemeralKeyPair":{"pubKey":"BRdsicV56zd8REHzY+uLU+7UC/BtRHBOR4WR6daC3yFD","privKey":"WJhYSbgf+uOBRN7pAgFs/Y5f+WxcNW++k8h/I6Z5U3g="},"lastRemoteEphemeralKey":"BUUEEmm28BE/PHv9DkotiEcHbv+fI6SaHuw9UtiRo3k7","previousCounter":0,"rootKey":"PjGgJlfNHbYulODj9Yi6ANoEg4XFZDGOG/axVG9C8jg="},"indexInfo":{"baseKey":"BUqgJtOEqVHTaI8JY3UBtMdqyamXFHK0kKzONYgnf8Nq","baseKeyType":1,"closed":-1,"used":1716074382673,"created":1716074382673,"remoteIdentityKey":"Bdd+CqZVnva5Tb+6ek7pB/LBCdW7rK7acL7lMh4pQk9u"},"_chains":{"BRdsicV56zd8REHzY+uLU+7UC/BtRHBOR4WR6daC3yFD":{"chainKey":{"counter":0,"key":"ASQ3RMkIHJ0tSsay+9b9MLpni0wTrMXIyAICvF3eQ3w="},"chainType":1,"messageKeys":{}}},"pendingPreKey":{"signedKeyId":1,"baseKey":"BUqgJtOEqVHTaI8JY3UBtMdqyamXFHK0kKzONYgnf8Nq","preKeyId":11914778}}},"version":"v1"}