{"_sessions":{"BdBud5Qi36+OgsTA6YDiB1345w9MyoCCZecY8vPDio1Z":{"registrationId":149174578,"currentRatchet":{"ephemeralKeyPair":{"pubKey":"BRFKScXSvpkvmgXAVgOttB3j0pFtFJIj9qjrbLwvQNdC","privKey":"yLO5lHosF+Jh6mLAlTJw55mM9ARUYgVn22NjUvtYHls="},"lastRemoteEphemeralKey":"BUXWO2q+mJ4H8HI9yD9plYnimdXlWCofYBjeLREZIOcT","previousCounter":0,"rootKey":"EiIIIOKjhbM5kmZP83FravP4R9TjTceKZQ4AnT9ihxE="},"indexInfo":{"baseKey":"BdBud5Qi36+OgsTA6YDiB1345w9MyoCCZecY8vPDio1Z","baseKeyType":1,"closed":-1,"used":1716074382564,"created":1716074382564,"remoteIdentityKey":"BUDU/4j9Sek77hh1RIdncMK+Uy7xuYRFEChYCsNbg2ZT"},"_chains":{"BRFKScXSvpkvmgXAVgOttB3j0pFtFJIj9qjrbLwvQNdC":{"chainKey":{"counter":0,"key":"uU/khUwXa2Mqt2vy+byJLZvhk50LHYPdpGOMjuzoGoQ="},"chainType":1,"messageKeys":{}}},"pendingPreKey":{"signedKeyId":1,"baseKey":"BdBud5Qi36+OgsTA6YDiB1345w9MyoCCZecY8vPDio1Z","preKeyId":7444529}}},"version":"v1"}