{"_sessions":{"BXoOw2+wYEi3hatN+755f2xwDmUkqpLe5arDUbhhKWYP":{"registrationId":1211421685,"currentRatchet":{"ephemeralKeyPair":{"pubKey":"BUmQMimlUM4swesVGFgebOBZ66RbcAYP2PWa0+OiOg4x","privKey":"YBbosDL7HxngDEEEOKJbHV478Dzrm0q2i11OvRklYWk="},"lastRemoteEphemeralKey":"BcZf0J1SRljYXltmprZRU1Vfb0htyQ2E1esvD34fi14x","previousCounter":0,"rootKey":"GYfj4L3mYVb5It+WIqwXdUXWjOYZURQ7CoCswCNeccA="},"indexInfo":{"baseKey":"BXoOw2+wYEi3hatN+755f2xwDmUkqpLe5arDUbhhKWYP","baseKeyType":1,"closed":-1,"used":1716074382168,"created":1716074382168,"remoteIdentityKey":"Bf2Cxl+BF5O4vOTRnc9MSUbY8yD0mIQJraTaX/S7W1Zq"},"_chains":{"BUmQMimlUM4swesVGFgebOBZ66RbcAYP2PWa0+OiOg4x":{"chainKey":{"counter":0,"key":"mp9OQ+sT97qfv1vEHJmDgFA+cUuUwRHI4FM52emlnTw="},"chainType":1,"messageKeys":{}}},"pendingPreKey":{"signedKeyId":2,"baseKey":"BXoOw2+wYEi3hatN+755f2xwDmUkqpLe5arDUbhhKWYP","preKeyId":11446292}}},"version":"v1"}