{"_sessions":{"BTOSq2yw46jYFaF7kYHPQ8LNdy73TKGowmAmrSP9925N":{"registrationId":381879187,"currentRatchet":{"ephemeralKeyPair":{"pubKey":"BWDm48UWNxZ57ixG6z5GyVMOIV9AEmVmCbZAPsJY7SlT","privKey":"MP7YTKkbrus+phslmb2jPq2gAPTFUq2+pmVpWUz7pkw="},"lastRemoteEphemeralKey":"BXkGvTqy5zn8C0iXjEZjQE9uFAGzcFPIn9Wc5KBwmF0/","previousCounter":0,"rootKey":"RSwPRGtPI6ZhQzaBCIFvEOBdGD+jXovodkOZliLex4o="},"indexInfo":{"baseKey":"BTOSq2yw46jYFaF7kYHPQ8LNdy73TKGowmAmrSP9925N","baseKeyType":1,"closed":-1,"used":1716074382327,"created":1716074382327,"remoteIdentityKey":"BYyPfwB9SSCu38e4C08FKwv0LRtu5u0Jf2ot++cCgq0z"},"_chains":{"BWDm48UWNxZ57ixG6z5GyVMOIV9AEmVmCbZAPsJY7SlT":{"chainKey":{"counter":0,"key":"c/P+cNxp3VSXN3zXiGPrtB0F+1t2ss+twsyhJ3NY4nk="},"chainType":1,"messageKeys":{}}},"pendingPreKey":{"signedKeyId":8,"baseKey":"BTOSq2yw46jYFaF7kYHPQ8LNdy73TKGowmAmrSP9925N","preKeyId":3118355}}},"version":"v1"}