{"_sessions":{"Bc9MfodoARt5rhndCEvmko67x+e6jQv/hODYifz3bmdM":{"registrationId":1855823855,"currentRatchet":{"ephemeralKeyPair":{"pubKey":"BXGP/nqaHVQ7s4zjAY7N4HlRxWttJFaLUKs/kBzeOGBb","privKey":"IBLrOLpFeSgzhoiZL73jCP/DyfVJdTh2w60oXMP7CUY="},"lastRemoteEphemeralKey":"BUnGmB01otAqOwiqlQ0Zg3Tsm+esVGvkfRz3Hb50utQc","previousCounter":0,"rootKey":"M08l67dT3AFM4ETVU7vkxnStRvZejtxfYjkJRkASh+w="},"indexInfo":{"baseKey":"Bc9MfodoARt5rhndCEvmko67x+e6jQv/hODYifz3bmdM","baseKeyType":1,"closed":-1,"used":1716074382781,"created":1716074382781,"remoteIdentityKey":"Bb+1TSJo2u07eNsVowmPoMACLvwPVtW230hoKZ37SmIz"},"_chains":{"BXGP/nqaHVQ7s4zjAY7N4HlRxWttJFaLUKs/kBzeOGBb":{"chainKey":{"counter":0,"key":"jqY65xflaV5XBpbiyQ2wj7UVEAL/h5qmH6ANoyhuzLI="},"chainType":1,"messageKeys":{}}},"pendingPreKey":{"signedKeyId":0,"baseKey":"Bc9MfodoARt5rhndCEvmko67x+e6jQv/hODYifz3bmdM","preKeyId":13365780}}},"version":"v1"}