{"_sessions":{"BbtAADUPKEsm88UVcUSTu4cSHl89BG1oY+ACDttRhCxE":{"registrationId":1866500744,"currentRatchet":{"ephemeralKeyPair":{"pubKey":"BQCrHmZVotMGfhcLTlD4IdL8ImmZJteCGcXDbK0ZXfVi","privKey":"mO8ZjXZPJ6g+HNEGxBoVR0go9GHxElfQOhAlVBIuqF0="},"lastRemoteEphemeralKey":"BYFcJeUKq0fcEiLXKLGK4gEUYrpZO8LUX956/Eg2ZoFa","previousCounter":0,"rootKey":"A+LfL1G2oLCMvOyFmrY0bRjf9cXtb933uREEorIU7mw="},"indexInfo":{"baseKey":"BbtAADUPKEsm88UVcUSTu4cSHl89BG1oY+ACDttRhCxE","baseKeyType":1,"closed":-1,"used":1716074382575,"created":1716074382575,"remoteIdentityKey":"BTnr3mf2wr1xzQtRq+EEyON7GyZQ41SnA7iqlcrFkzNH"},"_chains":{"BQCrHmZVotMGfhcLTlD4IdL8ImmZJteCGcXDbK0ZXfVi":{"chainKey":{"counter":0,"key":"ae8C9J9eHAbabmMdJR//Gs4rnPhgNbvIbzZuuUER0DI="},"chainType":1,"messageKeys":{}}},"pendingPreKey":{"signedKeyId":6,"baseKey":"BbtAADUPKEsm88UVcUSTu4cSHl89BG1oY+ACDttRhCxE","preKeyId":353922}}},"version":"v1"}