{"_sessions":{"BcQFAf5SuO4w7l39ounCSDL9mdbcgjuYalhbKYmqKSx0":{"registrationId":744434623,"currentRatchet":{"ephemeralKeyPair":{"pubKey":"BTf95l4nNcAGEH/BlqB9EGx4YSb9NNiGNRFfSCKCdhA3","privKey":"SIM6Cq3hyogbxPk+ukjQ/xMxQy2QwhKB5ul13sg6+nI="},"lastRemoteEphemeralKey":"BR/9zCt9WVvMv/AnueJKpsliAMMEehf2HNoAxAmHpIsy","previousCounter":0,"rootKey":"Bua6ys4w51ZO6h9H3YtrHegZYP5VD5E86SgIb749xc0="},"indexInfo":{"baseKey":"BcQFAf5SuO4w7l39ounCSDL9mdbcgjuYalhbKYmqKSx0","baseKeyType":1,"closed":-1,"used":1716074382885,"created":1716074382885,"remoteIdentityKey":"BW3EZpJkL9fpj85LSRZrqApio3mcRHgXwuweWQ+Cwg4M"},"_chains":{"BTf95l4nNcAGEH/BlqB9EGx4YSb9NNiGNRFfSCKCdhA3":{"chainKey":{"counter":0,"key":"tDQ7FcX8ZmxyOdXRuyzZOOg1emryEMNxA8SxKZN88gQ="},"chainType":1,"messageKeys":{}}},"pendingPreKey":{"signedKeyId":2,"baseKey":"BcQFAf5SuO4w7l39ounCSDL9mdbcgjuYalhbKYmqKSx0","preKeyId":1277132}}},"version":"v1"}