{"_sessions":{"BSnB6ATp/LHnSE2qOSTWbdjzC2UhYImkE3V9czxwKrk9":{"registrationId":1106034220,"currentRatchet":{"ephemeralKeyPair":{"pubKey":"BaL9u6uiSHiszDxDSks4ZKV1064sD7KVS7YtdXR2RMJV","privKey":"cIC/iUqaOU0CWQEc6v2aXoD/mUVFOi+vmV2l7/AY8Vw="},"lastRemoteEphemeralKey":"BSsvUHu/BuH6OKn89ehxAV71PXi09Vv5GtjwZbtA0VQF","previousCounter":0,"rootKey":"dF1NPhFpKKYYd/DuGncBb4QeXW9JpYgSs4zLzlnQTAo="},"indexInfo":{"baseKey":"BSnB6ATp/LHnSE2qOSTWbdjzC2UhYImkE3V9czxwKrk9","baseKeyType":1,"closed":-1,"used":1716074382944,"created":1716074382944,"remoteIdentityKey":"BZfGOFtrVQmLypo8Kx2fVzATs5WpI0O9kMr/WSckNjst"},"_chains":{"BaL9u6uiSHiszDxDSks4ZKV1064sD7KVS7YtdXR2RMJV":{"chainKey":{"counter":0,"key":"qtmhRfTxX5ZJwqXtOpMKfN22umdlo11lUY8gGI/32fY="},"chainType":1,"messageKeys":{}}},"pendingPreKey":{"signedKeyId":1,"baseKey":"BSnB6ATp/LHnSE2qOSTWbdjzC2UhYImkE3V9czxwKrk9","preKeyId":5054923}}},"version":"v1"}