{"_sessions":{"BdwBoYnIrWxS1UdGfoO84ISERHqrr9JDnEKgkdmws79+":{"registrationId":229507027,"currentRatchet":{"ephemeralKeyPair":{"pubKey":"BTW2u3kLfIPI3CJ237SMRZjmLhSEUGmOXvfrNCWn52sR","privKey":"QPp6gQ5ta+GVXkIyhuv/w6Q4F8unyACe64L/Rr45g1Q="},"lastRemoteEphemeralKey":"BQm0UsGqZsJ0PWZ1KINQsiWv9oW1+GvPLIRzFLN2dOx9","previousCounter":0,"rootKey":"JxhxoyVvdIvIvH133lsDvVu4u2/da0nt+09Isqe/VS0="},"indexInfo":{"baseKey":"BdwBoYnIrWxS1UdGfoO84ISERHqrr9JDnEKgkdmws79+","baseKeyType":1,"closed":-1,"used":1716074382887,"created":1716074382887,"remoteIdentityKey":"BWeFdIfMWAnSaZuc+X3uDdCPQR27znCg7OF6uHFw2MEm"},"_chains":{"BTW2u3kLfIPI3CJ237SMRZjmLhSEUGmOXvfrNCWn52sR":{"chainKey":{"counter":0,"key":"UrLu1lgT2QdMOsBcaN/7oTb3TFkdxxWX1BA7iVsMVCQ="},"chainType":1,"messageKeys":{}}},"pendingPreKey":{"signedKeyId":12,"baseKey":"BdwBoYnIrWxS1UdGfoO84ISERHqrr9JDnEKgkdmws79+","preKeyId":8055277}}},"version":"v1"}