{"_sessions":{"BUiLcN0QIFGZRKPStd7W6oh60zX0F8Mweylr7WaXuGt2":{"registrationId":1155386956,"currentRatchet":{"ephemeralKeyPair":{"pubKey":"BY4KNrdHI7b7sEcBK5B4Bo37hUKwbKo9MBkoXxiN/s83","privKey":"iH3aJdh6EgmVvb/Hoc1uqsgaO0r06OfhnNejNhRa9mE="},"lastRemoteEphemeralKey":"BZiAgieY+clViaeS5cA+NlWmD0eeRVyxZszn7xaPQgcj","previousCounter":0,"rootKey":"koJWTU2XHmbdLO7lBeCsYeXs4FyYsMXujQTxiA9fre8="},"indexInfo":{"baseKey":"BUiLcN0QIFGZRKPStd7W6oh60zX0F8Mweylr7WaXuGt2","baseKeyType":1,"closed":-1,"used":1716074381927,"created":1716074381927,"remoteIdentityKey":"BWaxej0jM8vPevILxuPETLtnSL2hWUR3xiBQS1KA/b0y"},"_chains":{"BY4KNrdHI7b7sEcBK5B4Bo37hUKwbKo9MBkoXxiN/s83":{"chainKey":{"counter":0,"key":"v0w4zlJyfkbZjplztI49ERVPsX6Wx3pz5FIdQtvs36I="},"chainType":1,"messageKeys":{}}},"pendingPreKey":{"signedKeyId":1,"baseKey":"BUiLcN0QIFGZRKPStd7W6oh60zX0F8Mweylr7WaXuGt2","preKeyId":6840735}}},"version":"v1"}