{"_sessions":{"BehVv1uBq+Xg7l0rpoLbiEBbhGxvRye7xhWnLeluDexv":{"registrationId":268589521,"currentRatchet":{"ephemeralKeyPair":{"pubKey":"BbSs92qG3VWpKB6+BqL9XzEYwcuAxZOrHyawGfNVlQgO","privKey":"0FI9fsBpRc0BDLM9S7ewk7BDP41VFRu1adwww96SU28="},"lastRemoteEphemeralKey":"Bc74XUbAubPNJkcmBBmujMfboRu6EQSLZkLh2Fpe/n0U","previousCounter":0,"rootKey":"MNjzKqGkqcTZhHAlt5rV9xQFD1D+mqsru3NoJIYiW/U="},"indexInfo":{"baseKey":"BehVv1uBq+Xg7l0rpoLbiEBbhGxvRye7xhWnLeluDexv","baseKeyType":1,"closed":-1,"used":1716074382163,"created":1716074382163,"remoteIdentityKey":"BZA9ICixiV1OPkqD5GwxYK+T7YJ0WmupvTR9nWx2fiA5"},"_chains":{"BbSs92qG3VWpKB6+BqL9XzEYwcuAxZOrHyawGfNVlQgO":{"chainKey":{"counter":0,"key":"JS+PwutdHxVxe3by54AC21lRc4ECz/G2USVuaJbdPOE="},"chainType":1,"messageKeys":{}}},"pendingPreKey":{"signedKeyId":79,"baseKey":"BehVv1uBq+Xg7l0rpoLbiEBbhGxvRye7xhWnLeluDexv"}}},"version":"v1"}