{"_sessions":{"BUmYz9C3th8/0FdsIOdsS+gZJ7h2GDHjyoc6Qnb7DF9E":{"registrationId":1678059462,"currentRatchet":{"ephemeralKeyPair":{"pubKey":"BVvOG+VJG+0bMxu2NqJY+abYnR/JZegrLW/yMexXZAZ+","privKey":"cNSQZjMOM1Xj2sVDTwtjHAn8WwNfKhmPpnLUinuMll4="},"lastRemoteEphemeralKey":"BQDG4rJ7gTqaaK8nrrgk6MyUzn3MuUbszrGJ1GT7BZcV","previousCounter":0,"rootKey":"klovJQM2zwMX8dbXnti2Efs0BZZUj0DLHVgERpxu7cc="},"indexInfo":{"baseKey":"BUmYz9C3th8/0FdsIOdsS+gZJ7h2GDHjyoc6Qnb7DF9E","baseKeyType":1,"closed":-1,"used":1716074382580,"created":1716074382580,"remoteIdentityKey":"BUIZiMuLM4nEnDmvCku3CiGx1xGMIqm4aYvqBzBnETQP"},"_chains":{"BVvOG+VJG+0bMxu2NqJY+abYnR/JZegrLW/yMexXZAZ+":{"chainKey":{"counter":0,"key":"j7ILSWi2lJqyidpJTrAdAE8arT5x17Y+iL8aXyXXNkI="},"chainType":1,"messageKeys":{}}},"pendingPreKey":{"signedKeyId":5,"baseKey":"BUmYz9C3th8/0FdsIOdsS+gZJ7h2GDHjyoc6Qnb7DF9E","preKeyId":1464366}}},"version":"v1"}