{"_sessions":{"BSixXz4/GNXHoj7kqzbptu1ZDKB52pDiXfP7FJhL4wgf":{"registrationId":181118992,"currentRatchet":{"ephemeralKeyPair":{"pubKey":"Beb3il14D0RcSAb+Ee5xUS/XiabdO7YFLecWyKuLjagK","privKey":"eHynb151nrIwQCb0I1XK7kBduUa4X3r2YkKNoc9pV1s="},"lastRemoteEphemeralKey":"BRvm1Nll5RW2LvmPIknbdz3U+crQEWgAXkxZsu74m74B","previousCounter":0,"rootKey":"q+qnGJ0KgsD/Mue58Mu3IaPkJp4dR7vEOQpAXYPs7Jk="},"indexInfo":{"baseKey":"BSixXz4/GNXHoj7kqzbptu1ZDKB52pDiXfP7FJhL4wgf","baseKeyType":1,"closed":-1,"used":1716074382874,"created":1716074382874,"remoteIdentityKey":"BQtazPzot9V5kgZaabVF37voziqMfbncUBYhqGaCeZJQ"},"_chains":{"Beb3il14D0RcSAb+Ee5xUS/XiabdO7YFLecWyKuLjagK":{"chainKey":{"counter":0,"key":"mCU/pjLOZc/L1H1rQzOTMsPHBqmmMAp0ma0oystUdnI="},"chainType":1,"messageKeys":{}}},"pendingPreKey":{"signedKeyId":8,"baseKey":"BSixXz4/GNXHoj7kqzbptu1ZDKB52pDiXfP7FJhL4wgf","preKeyId":9160224}}},"version":"v1"}