{"_sessions":{"BaY4BL7G/mh6GWUwYadig+1dFSkdfXPpgfpdtEqYYqUT":{"registrationId":1066291746,"currentRatchet":{"ephemeralKeyPair":{"pubKey":"BfgY0s7W6JvruIBfFb+A1iLy0yyslRCIJ3XD4VrMEmlw","privKey":"yE7z3YM4L8meyDP8VeqYcRzJ+WWRpW5aEWzxvKHF/2s="},"lastRemoteEphemeralKey":"BXHc1SBid8ki0EPgQkVAlBWve4sDKQwhmX456td5h0hq","previousCounter":0,"rootKey":"PLRNeZmIQCefRdDDGYGo56VCURhFiOHW+VijbzBGlDU="},"indexInfo":{"baseKey":"BaY4BL7G/mh6GWUwYadig+1dFSkdfXPpgfpdtEqYYqUT","baseKeyType":1,"closed":-1,"used":1716074382400,"created":1716074382400,"remoteIdentityKey":"Bbb5Ns8lBQUbYt2BrpL67cK5plu0kZ12RTzG3rsj4mlC"},"_chains":{"BfgY0s7W6JvruIBfFb+A1iLy0yyslRCIJ3XD4VrMEmlw":{"chainKey":{"counter":0,"key":"0D0k2HHH4quSwb/AGy9bGByTJcba4xjsC6ll+7JhXhs="},"chainType":1,"messageKeys":{}}},"pendingPreKey":{"signedKeyId":0,"baseKey":"BaY4BL7G/mh6GWUwYadig+1dFSkdfXPpgfpdtEqYYqUT","preKeyId":7383341}}},"version":"v1"}