{"_sessions":{"BdhOA3fSTZvmiSB9MrKdyrwUpWfKEZhwkqF14vMWSqlp":{"registrationId":540671338,"currentRatchet":{"ephemeralKeyPair":{"pubKey":"BQcvx7AoMPH0GSmUAB0cunfUt4FTk95585CbBBXBdoVb","privKey":"AMKnY+w7puLkMsY5iok791kn7LlyE9F3zS43g5HlNnk="},"lastRemoteEphemeralKey":"BQmpPhafCwUSqJgCRLW6qxI/lmjbgTzClAlsEz/nkxEu","previousCounter":0,"rootKey":"UZTy0lemHI3us4CEbhEcGj/7V1s8MqFxacSVgDwZlE4="},"indexInfo":{"baseKey":"BdhOA3fSTZvmiSB9MrKdyrwUpWfKEZhwkqF14vMWSqlp","baseKeyType":1,"closed":-1,"used":1716074382878,"created":1716074382878,"remoteIdentityKey":"BTHDCucv+XJnUyk4WvOZYuXFP348DUDQnL5TDg/uX88j"},"_chains":{"BQcvx7AoMPH0GSmUAB0cunfUt4FTk95585CbBBXBdoVb":{"chainKey":{"counter":0,"key":"4zVn+BUgYewqWU2snbTGPYyvw+b3IIO8ZgKiEM5nsvQ="},"chainType":1,"messageKeys":{}}},"pendingPreKey":{"signedKeyId":2,"baseKey":"BdhOA3fSTZvmiSB9MrKdyrwUpWfKEZhwkqF14vMWSqlp","preKeyId":3606460}}},"version":"v1"}