{"_sessions":{"BUS8n6iwMmQUP5AOBfGm5priMKgw6wea14bFLJJ+ZFtl":{"registrationId":544114749,"currentRatchet":{"ephemeralKeyPair":{"pubKey":"BezNNSdBcfBRLVrNvYbQUHVtDH2aimImPammJlluHFcW","privKey":"sEcJSEUmUwGqhc3Bt9Fl6T4eHIjtZaLGmRRA9981UFw="},"lastRemoteEphemeralKey":"BfFT4uPwNb2kPEyEHQH6DTbupPhjUpXIZDIS4hMkdEIA","previousCounter":0,"rootKey":"ABcPJIPs4B/fWBI5nd3Pt1fRzCk+JCwFKi3j5U4u9Zw="},"indexInfo":{"baseKey":"BUS8n6iwMmQUP5AOBfGm5priMKgw6wea14bFLJJ+ZFtl","baseKeyType":1,"closed":-1,"used":1716074382267,"created":1716074382267,"remoteIdentityKey":"BUALEfK+j6ZdJ+quS/g7vb77gYDTW1s+txNP0PNHx51K"},"_chains":{"BezNNSdBcfBRLVrNvYbQUHVtDH2aimImPammJlluHFcW":{"chainKey":{"counter":0,"key":"FGmvSBK/rCKCS8GU0ALZ39RG8GJmuQMS+asS3gT7XdE="},"chainType":1,"messageKeys":{}}},"pendingPreKey":{"signedKeyId":5,"baseKey":"BUS8n6iwMmQUP5AOBfGm5priMKgw6wea14bFLJJ+ZFtl","preKeyId":12953933}}},"version":"v1"}