{"_sessions":{"BXH8RrQzZsIwDTt6qoPArYJrXDDHiSfRUZ5+gQk4cqhi":{"registrationId":1731580575,"currentRatchet":{"ephemeralKeyPair":{"pubKey":"Bb4twbWX+AoMCu1qUAIwpbUHql45wzd+U+FbSyUzr8RR","privKey":"KIT1ixaFgxQdkIQM/LCBNNAYiiO+7m9zYg6XrFIZM3I="},"lastRemoteEphemeralKey":"BUb8nVKt1ur6nDzpbfmCbtMiu/3pREXCoqGOhDF7uyQ3","previousCounter":0,"rootKey":"nwPgXzOxhssjYRUBWhAxjDZPH6Gk2Z+8ouzqRNnjl1Q="},"indexInfo":{"baseKey":"BXH8RrQzZsIwDTt6qoPArYJrXDDHiSfRUZ5+gQk4cqhi","baseKeyType":2,"closed":-1,"used":1716035362359,"created":1716035362359,"remoteIdentityKey":"BZABqC+I5h2i1epTyJW/6gx9dMxUsrXEo2ITY2tyCr4l"},"_chains":{"BUb8nVKt1ur6nDzpbfmCbtMiu/3pREXCoqGOhDF7uyQ3":{"chainKey":{"counter":0,"key":"JbDBHR6gO0LYQ/IXCf5w/QbHhJWl1YPgSQsqcqEsFdo="},"chainType":2,"messageKeys":{}},"Bb4twbWX+AoMCu1qUAIwpbUHql45wzd+U+FbSyUzr8RR":{"chainKey":{"counter":-1,"key":"HPqtNwlnMK8EBmH/qlDbD+HmqR2Rb9juag8lVtj2okU="},"chainType":1,"messageKeys":{}}}}},"version":"v1"}