{"_sessions":{"BXhbxAQfZsBorr96JVJqM/cU/G47a8BUXDY0Xxzwrql4":{"registrationId":2105360053,"currentRatchet":{"ephemeralKeyPair":{"pubKey":"BSVxRUqR87a1Fm8PsLK7PqlTWeK/mkLjhcRnb4Z/4ItG","privKey":"4AK3EyIeZI15t5BmodyPoJGRIOQTuI7ymegvcTt28EE="},"lastRemoteEphemeralKey":"BcDIANZhdko2+TV/9rEO2oFwRbtIaoYJ+zjTRmPR+1gR","previousCounter":0,"rootKey":"Aa3uRlflLQ8v/HA3gACROMrb8azluU9kFFCVjXsjBBs="},"indexInfo":{"baseKey":"BXhbxAQfZsBorr96JVJqM/cU/G47a8BUXDY0Xxzwrql4","baseKeyType":1,"closed":-1,"used":1716074382526,"created":1716074382526,"remoteIdentityKey":"BbCjyz2RwKKTkE2iRDUAss1LNmcizIFJicCqd94aZlhu"},"_chains":{"BSVxRUqR87a1Fm8PsLK7PqlTWeK/mkLjhcRnb4Z/4ItG":{"chainKey":{"counter":0,"key":"cxIasxeEkiUact5dbuS9Ufoq8Rbe4iAFxqxfrQ8PiLM="},"chainType":1,"messageKeys":{}}},"pendingPreKey":{"signedKeyId":3,"baseKey":"BXhbxAQfZsBorr96JVJqM/cU/G47a8BUXDY0Xxzwrql4","preKeyId":1085429}}},"version":"v1"}