{"_sessions":{"BSTctH1cyvtIzcVPonjb3fk3d/WicFrM/o1vcbGFEEZl":{"registrationId":1942200624,"currentRatchet":{"ephemeralKeyPair":{"pubKey":"BQarISiFKNcNxP8CRM3sxEOfi0rOdxOfaWN6z8zX3SRa","privKey":"UPuLAc1nLmwpCgr2DF67iOp4UkZDbFFT59P1aRMMwEA="},"lastRemoteEphemeralKey":"BVoV3cyUP+aVY0Fnh03mgo9IwCvVvcsvXOa3Db0nW6xp","previousCounter":0,"rootKey":"KAb8qL1tmcngEdo6CI97hqGwjasI3Up+X7m7CwAxbyY="},"indexInfo":{"baseKey":"BSTctH1cyvtIzcVPonjb3fk3d/WicFrM/o1vcbGFEEZl","baseKeyType":1,"closed":-1,"used":1716074382501,"created":1716074382501,"remoteIdentityKey":"BYEF+uyFoBLdRXOGQnLvXgNb5Sow1VxZ4IgE1u2wcuYT"},"_chains":{"BQarISiFKNcNxP8CRM3sxEOfi0rOdxOfaWN6z8zX3SRa":{"chainKey":{"counter":0,"key":"weGYSaOAF2OOq6irlN0/M0eJHITkjKqr6ELbkX53P+0="},"chainType":1,"messageKeys":{}}},"pendingPreKey":{"signedKeyId":0,"baseKey":"BSTctH1cyvtIzcVPonjb3fk3d/WicFrM/o1vcbGFEEZl","preKeyId":16550921}}},"version":"v1"}