{"_sessions":{"BVapQ3qwcBUZRfv9ZpkDNNJSAB+NDjne4NUEChhYteZp":{"registrationId":78223288,"currentRatchet":{"ephemeralKeyPair":{"pubKey":"BflD/bIJJzFwyFHFipPpjifs4QTrKRU4PVNQni4Mjt9J","privKey":"MCjwv0XT8U3lO5FRYFHJv4r3PMhjWFCyAbWrCCi0G3g="},"lastRemoteEphemeralKey":"BXmw1vTx7NIZ1zU961wuxMe8qy/Ex/i0eIIsZ34VpLJg","previousCounter":0,"rootKey":"K/1D+aH8KMiC3ttw98obBglG9zTe+ejJlATjlhRIPH8="},"indexInfo":{"baseKey":"BVapQ3qwcBUZRfv9ZpkDNNJSAB+NDjne4NUEChhYteZp","baseKeyType":1,"closed":-1,"used":1716074382343,"created":1716074382343,"remoteIdentityKey":"Bd+R6HzakV/PvZMo7rcOLTlEuIAHA6f2fwdENKMXq3V4"},"_chains":{"BflD/bIJJzFwyFHFipPpjifs4QTrKRU4PVNQni4Mjt9J":{"chainKey":{"counter":0,"key":"bhoPh0hee8T/SxiVyp+2wcXTeZfBI/f2xGYcQCau7eI="},"chainType":1,"messageKeys":{}}},"pendingPreKey":{"signedKeyId":4,"baseKey":"BVapQ3qwcBUZRfv9ZpkDNNJSAB+NDjne4NUEChhYteZp","preKeyId":2276905}}},"version":"v1"}