{"_sessions":{"BddMkJ9YVo3F839UXmmd4/9HtvMaGugHQ+J6M3KDvRlx":{"registrationId":1275969536,"currentRatchet":{"ephemeralKeyPair":{"pubKey":"BS4EEUjMM4jo1SrmOD0pJF1pd3ZjWwg59aGNw7yG0YAu","privKey":"mGgu1//cHaLQ2phN5m3h6GWauRuvnL+5Wv1R6XcoQUc="},"lastRemoteEphemeralKey":"BZhWSgUf/s0uZvutGtaGjXTcpMuZ3klqAmIIakstshJW","previousCounter":0,"rootKey":"eaKS0TcnoJ+pDv7PZIRtZSHxhDsOujbIiz7NN509B1Y="},"indexInfo":{"baseKey":"BddMkJ9YVo3F839UXmmd4/9HtvMaGugHQ+J6M3KDvRlx","baseKeyType":1,"closed":-1,"used":1716074382851,"created":1716074382851,"remoteIdentityKey":"BRUQv1mhNLgfp/JDOftxfkjr2MHTui6DyUS0KsV6p+0h"},"_chains":{"BS4EEUjMM4jo1SrmOD0pJF1pd3ZjWwg59aGNw7yG0YAu":{"chainKey":{"counter":0,"key":"QZetNjCGVyHnSuzIhgHER/Bg6uQpAxJKzDkbu418NB8="},"chainType":1,"messageKeys":{}}},"pendingPreKey":{"signedKeyId":2,"baseKey":"BddMkJ9YVo3F839UXmmd4/9HtvMaGugHQ+J6M3KDvRlx","preKeyId":13910541}}},"version":"v1"}