{"_sessions":{"Ba/YkdeG6wDxbjAg8ju/QC49eeeS4nBMQHlgvrdS9Lk9":{"registrationId":1332862872,"currentRatchet":{"ephemeralKeyPair":{"pubKey":"BeCYkkIr5dE4azqGq62Z5UxdMOZq7oN2Eou7g1rWawVL","privKey":"yHz98LEVvYb7OqHCZotpMYhzDoDv216Iq+/690opDHs="},"lastRemoteEphemeralKey":"BQ83w5EpgZuR/zD4kenXyBFKI5/YUcEfCHjUJPu6lgwT","previousCounter":0,"rootKey":"A9LYsRBt/MW4D86lBt4Bpr2DtiJTK2eFqhleVJizfQg="},"indexInfo":{"baseKey":"Ba/YkdeG6wDxbjAg8ju/QC49eeeS4nBMQHlgvrdS9Lk9","baseKeyType":1,"closed":-1,"used":1716074382244,"created":1716074382244,"remoteIdentityKey":"BbhV2uCVbewzfswhdWCj6frAYTbcQShHVFl5nhl8wAE/"},"_chains":{"BeCYkkIr5dE4azqGq62Z5UxdMOZq7oN2Eou7g1rWawVL":{"chainKey":{"counter":0,"key":"RI5GddMFyzFGzFrQxZOuguj/m//VkYmPx1xpUCbR6uQ="},"chainType":1,"messageKeys":{}}},"pendingPreKey":{"signedKeyId":1,"baseKey":"Ba/YkdeG6wDxbjAg8ju/QC49eeeS4nBMQHlgvrdS9Lk9","preKeyId":13054962}}},"version":"v1"}