{"_sessions":{"BXZtyIDRL6YW9XX0KJyX+0/vQxsx0QmnYyb+Fsk5nuFV":{"registrationId":1099734595,"currentRatchet":{"ephemeralKeyPair":{"pubKey":"BRkmG9jek6ubBA5bgpHTpUWkZc1fXd3c+tYyD7LKcf4j","privKey":"4DW5+XA6+HrjnDp9k/qTuDYenrcXWDnIpgpIc7HpWGQ="},"lastRemoteEphemeralKey":"BTtits78ZrwnCEB+Kq46rq3n94GLilFObIKEQCbW3w8N","previousCounter":0,"rootKey":"QYHw/7JTsltX6O+FIA13JcXvrZBPf8d3n9B7vQ0+rnw="},"indexInfo":{"baseKey":"BXZtyIDRL6YW9XX0KJyX+0/vQxsx0QmnYyb+Fsk5nuFV","baseKeyType":1,"closed":-1,"used":1716074382177,"created":1716074382177,"remoteIdentityKey":"BTtHjRs0Ws8oC3z4VkR3M0rH5MqlssXvF/q6sTGBaFhx"},"_chains":{"BRkmG9jek6ubBA5bgpHTpUWkZc1fXd3c+tYyD7LKcf4j":{"chainKey":{"counter":0,"key":"Ry764VZP2iFVn/kr2m9hLMzPLKwIzA3R0zLJV017npI="},"chainType":1,"messageKeys":{}}},"pendingPreKey":{"signedKeyId":5,"baseKey":"BXZtyIDRL6YW9XX0KJyX+0/vQxsx0QmnYyb+Fsk5nuFV","preKeyId":8039990}}},"version":"v1"}