{"_sessions":{"BW8DvC7ffibJG5dZ7GHbGu2DDcLa7CZ0L59c0WraAr9H":{"registrationId":1059350278,"currentRatchet":{"ephemeralKeyPair":{"pubKey":"BQRSGF9NxB7JjJXmz9WAsaLTWcHKPL2I3L60KpEENEwG","privKey":"kDiUwVh5z/0yE36IPokaWNMy5zQ8QcI+7wROqnrve3M="},"lastRemoteEphemeralKey":"Bf8Krj0z+KS1ozPvunbbBM4CnmBDJ3fPISA9tcUp28Yh","previousCounter":0,"rootKey":"oO4SRdDx48NrCp1lA9WYdxOQe7t0XOx+MqAnUmYXziA="},"indexInfo":{"baseKey":"BW8DvC7ffibJG5dZ7GHbGu2DDcLa7CZ0L59c0WraAr9H","baseKeyType":1,"closed":-1,"used":1716074382951,"created":1716074382951,"remoteIdentityKey":"BY5z5tWUk/v/69tiiKw0JPGL1FiUpkFtDoLOgqqwqahR"},"_chains":{"BQRSGF9NxB7JjJXmz9WAsaLTWcHKPL2I3L60KpEENEwG":{"chainKey":{"counter":0,"key":"UhveCcrLKpch+YLXt4gtaifY4zRuZOub9JD2dA7NzHQ="},"chainType":1,"messageKeys":{}}},"pendingPreKey":{"signedKeyId":0,"baseKey":"BW8DvC7ffibJG5dZ7GHbGu2DDcLa7CZ0L59c0WraAr9H"}}},"version":"v1"}