{"_sessions":{"BVaJRzXq00G7xBCBDcVX+79jsUaolTYbJkJnMhPI9L8Z":{"registrationId":4733,"currentRatchet":{"ephemeralKeyPair":{"pubKey":"BdLhPoBiTSa2VyUkaXdXqA0MLRmdps7tJ8CjONmXS2gI","privKey":"0IrfeYwwoxHXiB4gihD7AqYPk61qIwBS4RrYf00ICnU="},"lastRemoteEphemeralKey":"BeJBrq5eLfHBR9acZr+oDBiirt5/LQxICfEvJ6kEKIxb","previousCounter":0,"rootKey":"cTM5l2i+O3v+/kEobtATGRcnOvpt6jjnqFLjyLWVS+E="},"indexInfo":{"baseKey":"BVaJRzXq00G7xBCBDcVX+79jsUaolTYbJkJnMhPI9L8Z","baseKeyType":1,"closed":-1,"used":1716074382131,"created":1716074382131,"remoteIdentityKey":"BXRn5y1TxPouFtVowJIQQlvMPQM6Yc6bK0oMfJ6v7Jpp"},"_chains":{"BdLhPoBiTSa2VyUkaXdXqA0MLRmdps7tJ8CjONmXS2gI":{"chainKey":{"counter":0,"key":"1yavUrhPnBR8yzWyrVpHHKv5PD5RVIblYu56yTCKVMw="},"chainType":1,"messageKeys":{}}},"pendingPreKey":{"signedKeyId":1,"baseKey":"BVaJRzXq00G7xBCBDcVX+79jsUaolTYbJkJnMhPI9L8Z"}}},"version":"v1"}