{"_sessions":{"BcL27QrLphJOUlHfAsDiMAwGjR68PXn+R5+lpxQgSK9+":{"registrationId":1660509909,"currentRatchet":{"ephemeralKeyPair":{"pubKey":"BdDfVKYf77r0T9E/cWt7tBIAP95NsXrIlSyTbFUTJYdj","privKey":"QNw4PrrM7zCOItgQpptGBm0oY6rAaRhOLH6JZzc1oUI="},"lastRemoteEphemeralKey":"Bban0l1CQY5ii6nNJbJfvnpA6w429oJxZ6wWCi0axJlV","previousCounter":0,"rootKey":"g5ygebu0V64SA+OFoYTHJb6GFRBz0fImlcvax3ZcO38="},"indexInfo":{"baseKey":"BcL27QrLphJOUlHfAsDiMAwGjR68PXn+R5+lpxQgSK9+","baseKeyType":1,"closed":-1,"used":1716074382030,"created":1716074382030,"remoteIdentityKey":"BYs/O5dYswgGiBmmik6nLQ/PUUzvoT3vMb9rRUIGq2lQ"},"_chains":{"BdDfVKYf77r0T9E/cWt7tBIAP95NsXrIlSyTbFUTJYdj":{"chainKey":{"counter":0,"key":"qGae8Q6qFHr5zF4LVg8KH62q97+cDRI9SVXvfgVuJ1c="},"chainType":1,"messageKeys":{}}},"pendingPreKey":{"signedKeyId":1,"baseKey":"BcL27QrLphJOUlHfAsDiMAwGjR68PXn+R5+lpxQgSK9+"}}},"version":"v1"}