{"_sessions":{"BX/5t0wi448BSth8XwQhsiqKh8l0adI2Eseq7Pc8df87":{"registrationId":1595034572,"currentRatchet":{"ephemeralKeyPair":{"pubKey":"Bbm1CeWi8jDF1kS1B9gh1WlQln6XwcxdxY+IRVCAOqNo","privKey":"eNho3084ZARkYzZw64K40z/O1WQbHsJilRAW1HB75nY="},"lastRemoteEphemeralKey":"Bet37v0LXdrBR8DxdP7AgAM2NEnqZNYP6hrrAWD4Gewv","previousCounter":0,"rootKey":"WDxyUL0pUXwyqmZ0DWIx9Znidq7rw524E+oggkhrG+g="},"indexInfo":{"baseKey":"BX/5t0wi448BSth8XwQhsiqKh8l0adI2Eseq7Pc8df87","baseKeyType":1,"closed":-1,"used":1716074382883,"created":1716074382883,"remoteIdentityKey":"BV+Vmg79dH7ah2aA3TT/i/YA4CPZ20zrhhSIRLh8XitR"},"_chains":{"Bbm1CeWi8jDF1kS1B9gh1WlQln6XwcxdxY+IRVCAOqNo":{"chainKey":{"counter":0,"key":"iJ3WkE5ud0Fxn9WzZufh4fPqmRPX4v8RpPXeL1oflyQ="},"chainType":1,"messageKeys":{}}},"pendingPreKey":{"signedKeyId":1,"baseKey":"BX/5t0wi448BSth8XwQhsiqKh8l0adI2Eseq7Pc8df87","preKeyId":13619899}}},"version":"v1"}