{"_sessions":{"BWKFQMuhUkCgYR7JqwjA0HdbBaqnEinkP4DNgPQpCVwL":{"registrationId":755759487,"currentRatchet":{"ephemeralKeyPair":{"pubKey":"Bfs20u+rxiAzjY9L5xopjlaqWiRX32kBiySiQNS062xf","privKey":"aH8qU3Hnmk3pzv042imkiBpSUr/FfG/xxlliGMYqy3A="},"lastRemoteEphemeralKey":"BfKfkUehIwC8Yb9d8WNN+urlQXVMa5cRIh5SpYIXAw0k","previousCounter":0,"rootKey":"I+MrnA1czNT/xwmSrYczM+5XvcLi1p4eLnWTDPBWSsQ="},"indexInfo":{"baseKey":"BWKFQMuhUkCgYR7JqwjA0HdbBaqnEinkP4DNgPQpCVwL","baseKeyType":1,"closed":-1,"used":1716074382940,"created":1716074382940,"remoteIdentityKey":"BQYM3qAJlIujQ78kTV3fCMS+bOp4u/5HIUjg49o7q3c7"},"_chains":{"Bfs20u+rxiAzjY9L5xopjlaqWiRX32kBiySiQNS062xf":{"chainKey":{"counter":0,"key":"OYiFCwRcpt7ec1yLto48zkP31dlCmD5Hyq31i2mq6kY="},"chainType":1,"messageKeys":{}}},"pendingPreKey":{"signedKeyId":11,"baseKey":"BWKFQMuhUkCgYR7JqwjA0HdbBaqnEinkP4DNgPQpCVwL","preKeyId":12744002}}},"version":"v1"}