{"_sessions":{"BZGfA4K6I20KcJW1drq13EqzUwt8AtbwQJbrc2wOh9oG":{"registrationId":15963,"currentRatchet":{"ephemeralKeyPair":{"pubKey":"BVuJ1jaD++uwDwkI1v3kf78PwMxhe7iOPFoRDOk7V/QQ","privKey":"CFPF5wjrPYX0HqMKWbjeLC5jXfnuYy/fejLOSLNfJE4="},"lastRemoteEphemeralKey":"BbxrzAQGGuNa0da/f4yYQYwxwonBrr2hcvL1SCdSIP1o","previousCounter":0,"rootKey":"GS4g6BpF4FUZb47c0dkwiiBE5mU9mxknV4mQomjTOWM="},"indexInfo":{"baseKey":"BZGfA4K6I20KcJW1drq13EqzUwt8AtbwQJbrc2wOh9oG","baseKeyType":1,"closed":-1,"used":1716074381762,"created":1716074381762,"remoteIdentityKey":"BT3G3LskIxOG8V0bFLTRWYk28KCONpbc3ebNRiiKFpU9"},"_chains":{"BVuJ1jaD++uwDwkI1v3kf78PwMxhe7iOPFoRDOk7V/QQ":{"chainKey":{"counter":0,"key":"2xwOdc107fKWuveat5ZPwXXp4CnQAmP+sry18cNyaZU="},"chainType":1,"messageKeys":{}}},"pendingPreKey":{"signedKeyId":1,"baseKey":"BZGfA4K6I20KcJW1drq13EqzUwt8AtbwQJbrc2wOh9oG"}}},"version":"v1"}