{"_sessions":{"BT8WEV66psbqfNGcON4nPOjm0ask9X2toazfn0cxxsBe":{"registrationId":1638796760,"currentRatchet":{"ephemeralKeyPair":{"pubKey":"BRTWNebIAxLfVu2oGd5ZZZLSXKfnxM0LTvlDEHnvqtgx","privKey":"OAr8xDJDiB22OLgB5chgdMEQaDCQaPi2mxpCkV5pN0w="},"lastRemoteEphemeralKey":"BSlTLQ57XZm3wW36VllfpVypKDTazyUWUyKAwfVTGl9T","previousCounter":0,"rootKey":"r2wHOr2itQTq9ucnUCvAgeuCWMLXIJp4d9w2s8v7vAM="},"indexInfo":{"baseKey":"BT8WEV66psbqfNGcON4nPOjm0ask9X2toazfn0cxxsBe","baseKeyType":1,"closed":-1,"used":1716074382404,"created":1716074382404,"remoteIdentityKey":"BdUEquyjssYyaop+3PxlcviXC9VeEv8TKJNz+cUbFRAc"},"_chains":{"BRTWNebIAxLfVu2oGd5ZZZLSXKfnxM0LTvlDEHnvqtgx":{"chainKey":{"counter":0,"key":"UHvBSwT8Lw/4RfRgEb8dnJNxILQvtc6jP9nMAT0Qwik="},"chainType":1,"messageKeys":{}}},"pendingPreKey":{"signedKeyId":0,"baseKey":"BT8WEV66psbqfNGcON4nPOjm0ask9X2toazfn0cxxsBe"}}},"version":"v1"}