{"_sessions":{"BbPk1+xjWxKLUnUGhjSxFMohXj4bblf3zcyMSuF+OXUA":{"registrationId":950221532,"currentRatchet":{"ephemeralKeyPair":{"pubKey":"BRP2D6gSWI9c17fwRZ+gzMr4+2CauIKpkC++L+BMtyM9","privKey":"yNBxaTpTcJ7jwoP1/TcWf5AOFv3zGkcCi4hGhoOI+0Q="},"lastRemoteEphemeralKey":"BaghbVVo6Ty//TQNFpzyJjeM8Vr2WlkEzKNbJUPvnTY/","previousCounter":0,"rootKey":"PyVi0c0Qo+t0tlh0bnXJl+ONtRcTh6Y7NIdKF58wsMQ="},"indexInfo":{"baseKey":"BbPk1+xjWxKLUnUGhjSxFMohXj4bblf3zcyMSuF+OXUA","baseKeyType":1,"closed":-1,"used":1716074382777,"created":1716074382777,"remoteIdentityKey":"BZpWLFtRQAmttdyl8CYQMZ2ixngB75tkGbLU8ssfsD47"},"_chains":{"BRP2D6gSWI9c17fwRZ+gzMr4+2CauIKpkC++L+BMtyM9":{"chainKey":{"counter":0,"key":"fnkT9JAo64KhiXnvKxr7NUFdcp4ou5WoLPhA4LExi5s="},"chainType":1,"messageKeys":{}}},"pendingPreKey":{"signedKeyId":0,"baseKey":"BbPk1+xjWxKLUnUGhjSxFMohXj4bblf3zcyMSuF+OXUA"}}},"version":"v1"}