{"_sessions":{"BdVNQozAbAB3y2lLPrkhvqOsLUBXrlOMBYKUJ9+ob1BG":{"registrationId":1008974477,"currentRatchet":{"ephemeralKeyPair":{"pubKey":"BeQErROIvJhyv05AhYAK/cib9O2hYpTyVKF1ZVcMY/Zp","privKey":"6HOTm4fzwpYpd0Kw9ru5CW2q5YYp16cCLC8q4crT00w="},"lastRemoteEphemeralKey":"BbkiNJ71nmQZ0nM2Kcx/OtJVYHwkUDrTxWByd3fGzycE","previousCounter":0,"rootKey":"hw6tjZ/5okMD7242URNJpD7Eiu8v1xiOscXBE2OrxTA="},"indexInfo":{"baseKey":"BdVNQozAbAB3y2lLPrkhvqOsLUBXrlOMBYKUJ9+ob1BG","baseKeyType":1,"closed":-1,"used":1716074382905,"created":1716074382905,"remoteIdentityKey":"BdCmZdavqgKEG+8OV3FPJEGbrY37S8W0u+fF/fJNRg5F"},"_chains":{"BeQErROIvJhyv05AhYAK/cib9O2hYpTyVKF1ZVcMY/Zp":{"chainKey":{"counter":0,"key":"kezBGXFCUX5HNUDIUVeeWq/ETfcCBaHEzQXSl1SvnGM="},"chainType":1,"messageKeys":{}}},"pendingPreKey":{"signedKeyId":0,"baseKey":"BdVNQozAbAB3y2lLPrkhvqOsLUBXrlOMBYKUJ9+ob1BG","preKeyId":1249639}}},"version":"v1"}