{"_sessions":{"BRT0muBX0PwwJv2zsUA6Ig1MrFqMbPCX373ZKU0hwM0R":{"registrationId":1696441520,"currentRatchet":{"ephemeralKeyPair":{"pubKey":"BcbNQXOzSImHp8QkXia+Uqd8sy78qcDglw6XdBSNPB4f","privKey":"qOBgHWXPLeB3/cm2LFY9gNlFAjiHhX7W3Eob6HUCrGY="},"lastRemoteEphemeralKey":"BUA6NITydmkNsDPvcobUSI43hWmeCnVfQsaeqcMMYJFC","previousCounter":0,"rootKey":"kR78NhOfhiobP3Z25dRR2PHxoiyv1hla0uFgmFqvsJ4="},"indexInfo":{"baseKey":"BRT0muBX0PwwJv2zsUA6Ig1MrFqMbPCX373ZKU0hwM0R","baseKeyType":1,"closed":-1,"used":1716074382190,"created":1716074382190,"remoteIdentityKey":"BYy+11qY4EtrP3EeF+ohHnrN0I9xlt66q0cxjAhiBrxe"},"_chains":{"BcbNQXOzSImHp8QkXia+Uqd8sy78qcDglw6XdBSNPB4f":{"chainKey":{"counter":0,"key":"TCfO4EiSKZ8LYwOW2k6wBkyKABxezRPotmcKPx0TcOM="},"chainType":1,"messageKeys":{}}},"pendingPreKey":{"signedKeyId":1,"baseKey":"BRT0muBX0PwwJv2zsUA6Ig1MrFqMbPCX373ZKU0hwM0R","preKeyId":11992045}}},"version":"v1"}