{"_sessions":{"BfE9Vul141g8jfZucCDv/m9NIE5+3iiphXhlmdu0ezY5":{"registrationId":1875555399,"currentRatchet":{"ephemeralKeyPair":{"pubKey":"BT1p6xzEHKHVwZEXO8JZcvzCOHPxMCJ+wNd+gnqVFRxn","privKey":"AMqveLZpEq+aulGS07Xrb9LtyxDyxpJguT0fWrxvUmI="},"lastRemoteEphemeralKey":"BRPvr9JJNAxckoHZ3NLCT6QKB7ZrKFIcLozBpjG3hCMm","previousCounter":0,"rootKey":"AcP5ZifrMFuEp0a2e6310l1/e6eJvcwYDgUeG1HTOSk="},"indexInfo":{"baseKey":"BfE9Vul141g8jfZucCDv/m9NIE5+3iiphXhlmdu0ezY5","baseKeyType":1,"closed":-1,"used":1716074382348,"created":1716074382348,"remoteIdentityKey":"BfDAglb5t230mZDSsN40sQq92cwwXBiuZBhnIBIMvNor"},"_chains":{"BT1p6xzEHKHVwZEXO8JZcvzCOHPxMCJ+wNd+gnqVFRxn":{"chainKey":{"counter":0,"key":"emwk5VAexSqbEOmjzEgy1hSF3R+Zaf9of5msPCthS4g="},"chainType":1,"messageKeys":{}}},"pendingPreKey":{"signedKeyId":1,"baseKey":"BfE9Vul141g8jfZucCDv/m9NIE5+3iiphXhlmdu0ezY5","preKeyId":11980437}}},"version":"v1"}