{"_sessions":{"BXfREL9yuz2zZPODT3iO7GVvwHdJUszznkNDHGm62Wl5":{"registrationId":7559,"currentRatchet":{"ephemeralKeyPair":{"pubKey":"BSCZepvWTnxuN9VKmbNRDgxtvccdXgteDayxreNEALQy","privKey":"kEUbM4gzWOEnU6Dzoa9HlG1PNF13iv0lcSNsuTQ57EU="},"lastRemoteEphemeralKey":"BVfYHn1p5lmLQLwInOg29cyOxFeWbUhGm2rlYRRfCoEz","previousCounter":0,"rootKey":"WtXHVGzFPOndqkE/HZkwZguye+krx2rxVs4F/jg6wjk="},"indexInfo":{"baseKey":"BXfREL9yuz2zZPODT3iO7GVvwHdJUszznkNDHGm62Wl5","baseKeyType":1,"closed":-1,"used":1716074381804,"created":1716074381804,"remoteIdentityKey":"BbB05os5FHZEp2/oF26lo5SYlPkPEJSM5M+wlZOGw91e"},"_chains":{"BSCZepvWTnxuN9VKmbNRDgxtvccdXgteDayxreNEALQy":{"chainKey":{"counter":0,"key":"cQGUyLAIpHiubWeXjZsPN9ZNjDtt7Kqx4qMvLlVOlbg="},"chainType":1,"messageKeys":{}}},"pendingPreKey":{"signedKeyId":1,"baseKey":"BXfREL9yuz2zZPODT3iO7GVvwHdJUszznkNDHGm62Wl5"}}},"version":"v1"}