{"_sessions":{"BRsnIdFJ5dwFn6BdpnvsHwuDaHdQgFhQodTQgiAq95J4":{"registrationId":9871,"currentRatchet":{"ephemeralKeyPair":{"pubKey":"BZH1/rkyxqiW3Kpqg3N3qlRyHaGc8C/PPbcmce0PcJ0J","privKey":"mAU8II6nBqpX/BJUXMu1rony1cQC1YwNfxA9Ncg5vFI="},"lastRemoteEphemeralKey":"Bdtlz47thtRlnpsv9ejyl02zcG92PvIL4MJn6jg5ijgK","previousCounter":0,"rootKey":"7+CQSGHxKLzT4YoYNuWwVPBReEcJQ0XseNjckPuTi5A="},"indexInfo":{"baseKey":"BRsnIdFJ5dwFn6BdpnvsHwuDaHdQgFhQodTQgiAq95J4","baseKeyType":1,"closed":-1,"used":1716074381844,"created":1716074381844,"remoteIdentityKey":"BYxtImSKs2xberVuQCYEbw0fXDrRWYajytApWpznZe9T"},"_chains":{"BZH1/rkyxqiW3Kpqg3N3qlRyHaGc8C/PPbcmce0PcJ0J":{"chainKey":{"counter":0,"key":"QGLh96sDEfTZaoACjd++wtDvY//rcy8WmSNxF9sr4u0="},"chainType":1,"messageKeys":{}}},"pendingPreKey":{"signedKeyId":1,"baseKey":"BRsnIdFJ5dwFn6BdpnvsHwuDaHdQgFhQodTQgiAq95J4","preKeyId":104}}},"version":"v1"}