{"_sessions":{"BQIE/sGHFA2LhGx007NjDi9GXQYPLrsQolIwRZV2ft9b":{"registrationId":49,"currentRatchet":{"ephemeralKeyPair":{"pubKey":"BWvSl444yfPfk1oXiU0Dp5OgSHsf+aSA5yPpRPJGV9k0","privKey":"gAacBatg9vfkG/SqKorhl/uML3TNxpBv6VYGezW4iE4="},"lastRemoteEphemeralKey":"BYQXkAWyBbU3HPGxhzJcaiNqgHm7yuurXEZ4zjvItFQW","previousCounter":0,"rootKey":"QE9eKhPQLS002bHw6nLXn82/AWBHn8cdyvGfuB8WY/o="},"indexInfo":{"baseKey":"BQIE/sGHFA2LhGx007NjDi9GXQYPLrsQolIwRZV2ft9b","baseKeyType":1,"closed":-1,"used":1716074381681,"created":1716074381681,"remoteIdentityKey":"BdHH9HClDgdzWnPLbH+VcD4ntdHwY1c6svwH1CKfKfRL"},"_chains":{"BWvSl444yfPfk1oXiU0Dp5OgSHsf+aSA5yPpRPJGV9k0":{"chainKey":{"counter":0,"key":"EmF8UM/2pFhK381tq37MJNxOD1WAVEDNbBAX/iceHdM="},"chainType":1,"messageKeys":{}}},"pendingPreKey":{"signedKeyId":1,"baseKey":"BQIE/sGHFA2LhGx007NjDi9GXQYPLrsQolIwRZV2ft9b"}}},"version":"v1"}