{"_sessions":{"BcaiV9z3m0zTnP7uuqCJH/iUTBZhrsdBW3cBduK8IbJA":{"registrationId":654026819,"currentRatchet":{"ephemeralKeyPair":{"pubKey":"BedIbuckgEpul2Nyjr+M9mto3Zx4L25a23y8dC8IRlko","privKey":"6DPLF8mgsKOeLa6QQfpEb/BuOIXm/xN2+QPgRZHzeEQ="},"lastRemoteEphemeralKey":"Bf0IZslk4gLlmiZ2hhsFXIEtkfxWO4ZoeeQaodvnkr9F","previousCounter":0,"rootKey":"XndyGxMwiYnau9l1dXtoH+RuHCyAAGU3Q1tQhWxYq6s="},"indexInfo":{"baseKey":"BcaiV9z3m0zTnP7uuqCJH/iUTBZhrsdBW3cBduK8IbJA","baseKeyType":1,"closed":-1,"used":1716074382641,"created":1716074382641,"remoteIdentityKey":"BTxF3i8/rBF5g0hlTa/irjJzfXOZe9ewnfTwGeqpcbYo"},"_chains":{"BedIbuckgEpul2Nyjr+M9mto3Zx4L25a23y8dC8IRlko":{"chainKey":{"counter":0,"key":"zMVTyeumOzsyn9bG3CDz2J464j7p9P2SK5Xka+Z4OJY="},"chainType":1,"messageKeys":{}}},"pendingPreKey":{"signedKeyId":0,"baseKey":"BcaiV9z3m0zTnP7uuqCJH/iUTBZhrsdBW3cBduK8IbJA"}}},"version":"v1"}