{"_sessions":{"BewfQIYwSBAMSKh1BFy9P0puNJOMUtVdw4i2GBxZqdMD":{"registrationId":1112132474,"currentRatchet":{"ephemeralKeyPair":{"pubKey":"BZQEJ8Oztcvj658Hh430oFINp8Co2T5KmiYLUwJEzrEZ","privKey":"KMy6bfFU6CBhzSkGqDHGoEAxbJYjkUMullHXcK0jB08="},"lastRemoteEphemeralKey":"BQGRds365fQKLXHPK3fcMRaZs+SUPl/ce6xu4qBi3jhS","previousCounter":0,"rootKey":"7UBukLxdray5l+JYjMtARunYWy6o9zDz0SWELgnc7KI="},"indexInfo":{"baseKey":"BewfQIYwSBAMSKh1BFy9P0puNJOMUtVdw4i2GBxZqdMD","baseKeyType":1,"closed":-1,"used":1716074383007,"created":1716074383007,"remoteIdentityKey":"BdA/KJ/4n/5tKdspK4Dx/d+YM5moRy4ZXLdtY6WPAoBC"},"_chains":{"BZQEJ8Oztcvj658Hh430oFINp8Co2T5KmiYLUwJEzrEZ":{"chainKey":{"counter":0,"key":"rw2ES/P31AHzOPAeOV+dLuaF7rr+Y0vRWPft+YR2+YQ="},"chainType":1,"messageKeys":{}}},"pendingPreKey":{"signedKeyId":2,"baseKey":"BewfQIYwSBAMSKh1BFy9P0puNJOMUtVdw4i2GBxZqdMD","preKeyId":11071204}}},"version":"v1"}