{"_sessions":{"BUsmZCfFZHvur/L2lzhjzl4Z8HzJ40MGaljBUN/IAPIM":{"registrationId":10822,"currentRatchet":{"ephemeralKeyPair":{"pubKey":"BcdhHloLPKAEplmhisOvGkl1nV3PmO7T3PiRDEESFR8q","privKey":"AIx/D+EpCb6xSMpwvLx4lIJh0UM6EorZNpO6EfMwC1c="},"lastRemoteEphemeralKey":"BWKfYTFkTNRgBZk2R0GC+J0XxMNA6MBvYscJv5KzZ5Am","previousCounter":0,"rootKey":"kzKQqT/ZxRXkzZImry/q4qF3GKBjDYKUVfrO68EFjDw="},"indexInfo":{"baseKey":"BUsmZCfFZHvur/L2lzhjzl4Z8HzJ40MGaljBUN/IAPIM","baseKeyType":1,"closed":-1,"used":1716074381806,"created":1716074381806,"remoteIdentityKey":"BTKcvl1PPPDDVpUHyxluPCAY+4kJyD/GjyLigYW+WWBk"},"_chains":{"BcdhHloLPKAEplmhisOvGkl1nV3PmO7T3PiRDEESFR8q":{"chainKey":{"counter":0,"key":"vsF2uo5UFm8/iI1m6Zmel75WdcJsKFpJely6/HROWWU="},"chainType":1,"messageKeys":{}}},"pendingPreKey":{"signedKeyId":1,"baseKey":"BUsmZCfFZHvur/L2lzhjzl4Z8HzJ40MGaljBUN/IAPIM"}}},"version":"v1"}