{"_sessions":{"Bd/KAFAhGvIlx0i2iLSyii68D7SU8i0IRZqaYjSNN4gF":{"registrationId":1760172714,"currentRatchet":{"ephemeralKeyPair":{"pubKey":"BZNTU5PoSjQS6JNkVGTqZUewZuUjMBmK0PUkeiVHgTwT","privKey":"wAngUZ7peLqNgxFrmtDjKl6i9wqCERyqK85qk6ZPomg="},"lastRemoteEphemeralKey":"Bfk8EqjLuH6hKPwk8gIcUg5+bWpLw178k/3Q8FmfDoIH","previousCounter":0,"rootKey":"sp7wSarZ5jI2GX37ooNq8Pj8eQ3pItPOokUYotdopwc="},"indexInfo":{"baseKey":"Bd/KAFAhGvIlx0i2iLSyii68D7SU8i0IRZqaYjSNN4gF","baseKeyType":1,"closed":-1,"used":1716074382947,"created":1716074382947,"remoteIdentityKey":"BcFQrUnvCW+ZA7O2p7QV98V3aEkJruqyNwAEcLBShHxf"},"_chains":{"BZNTU5PoSjQS6JNkVGTqZUewZuUjMBmK0PUkeiVHgTwT":{"chainKey":{"counter":0,"key":"XgokHnLwtKUTaG2zgMOm3/YzR4w8LHV50PHwFzIYeaA="},"chainType":1,"messageKeys":{}}},"pendingPreKey":{"signedKeyId":1,"baseKey":"Bd/KAFAhGvIlx0i2iLSyii68D7SU8i0IRZqaYjSNN4gF","preKeyId":7895828}}},"version":"v1"}