{"_sessions":{"Bep1KTbcHTBwZy4lfAYNf6IXlwlRsWwxchY0NKdkpaY5":{"registrationId":14635,"currentRatchet":{"ephemeralKeyPair":{"pubKey":"BevE6KhkVSH0zndCpYSN26mhk36HHjtigbBoN2UnmXd0","privKey":"mFa39QGnF9+1SlYYJ304gBogOqt0yFiz7GNl7hRx8mA="},"lastRemoteEphemeralKey":"BZw5dDJGcigoeC4aNnOZmHcDzZsEGVR1hoAvUKwdcBZI","previousCounter":0,"rootKey":"ZLsMizqIWQu/mHQzF+xBvpqt2r/h6iQhD8w6GelSr2Q="},"indexInfo":{"baseKey":"Bep1KTbcHTBwZy4lfAYNf6IXlwlRsWwxchY0NKdkpaY5","baseKeyType":1,"closed":-1,"used":1716074381935,"created":1716074381935,"remoteIdentityKey":"BUdI63Ku7IHYDig4HmKX0w5eMHaZouDamvmnaJKZbUsj"},"_chains":{"BevE6KhkVSH0zndCpYSN26mhk36HHjtigbBoN2UnmXd0":{"chainKey":{"counter":0,"key":"zUZBhtQf8eHMN2rXrriTz+izfK8xKZnnSB+YZMzgfM0="},"chainType":1,"messageKeys":{}}},"pendingPreKey":{"signedKeyId":1,"baseKey":"Bep1KTbcHTBwZy4lfAYNf6IXlwlRsWwxchY0NKdkpaY5"}}},"version":"v1"}