{"_sessions":{"BUfwgQRrz7i1a+2GxiLtw4wUQXfpgrTUd2QHCQhlCs5J":{"registrationId":1771001553,"currentRatchet":{"ephemeralKeyPair":{"pubKey":"BXs9fIdNZDjGcTz0pXFTj237Vn/27QMClxkcXWVKUodY","privKey":"CKtIKbp5+XCVJuEkMOhRenvSkFEbIufx69o9D4Zic0g="},"lastRemoteEphemeralKey":"BRDUTRQayrqxUhqSIGoHrGTMTEgo1Dgbj1cDHREk3KsZ","previousCounter":0,"rootKey":"k9cFnwKLbUy2F/b2uQ3ORtbrf8N0OOkD54zpt3GvKgE="},"indexInfo":{"baseKey":"BUfwgQRrz7i1a+2GxiLtw4wUQXfpgrTUd2QHCQhlCs5J","baseKeyType":1,"closed":-1,"used":1716074382251,"created":1716074382251,"remoteIdentityKey":"BcaQGcr38IihJC0GeXiBu2Ya/6io2ROxx7CkPd5hrqtV"},"_chains":{"BXs9fIdNZDjGcTz0pXFTj237Vn/27QMClxkcXWVKUodY":{"chainKey":{"counter":0,"key":"bKbusy1S/2boqJKRF6Zr0Ffid/KPQDM7VnjQsuXVoZg="},"chainType":1,"messageKeys":{}}},"pendingPreKey":{"signedKeyId":0,"baseKey":"BUfwgQRrz7i1a+2GxiLtw4wUQXfpgrTUd2QHCQhlCs5J","preKeyId":11940117}}},"version":"v1"}