{"_sessions":{"BascVga1ufqwSYB1Ve7357iZAB9exB+4bR4JjXm0tcwK":{"registrationId":1860405575,"currentRatchet":{"ephemeralKeyPair":{"pubKey":"BbePIqgxr4yJInld8OIYBaL+2FNL2+cEZIe90Zt5sGNe","privKey":"qJcsUTPJ2dt/ixKFe5bwm+Ty505cD2wC6Nr72hoQ8HA="},"lastRemoteEphemeralKey":"BawFPqyYaOUM3cbkvFQt7y44MU/LQmq0/LxeDIAPXzoe","previousCounter":0,"rootKey":"3gEk1sVKMkMaSYwdbJIDkUzHmRIde5lkECih/iZwpZ0="},"indexInfo":{"baseKey":"BascVga1ufqwSYB1Ve7357iZAB9exB+4bR4JjXm0tcwK","baseKeyType":1,"closed":-1,"used":1716074382932,"created":1716074382932,"remoteIdentityKey":"BXO9+yiJS7tFjzwm9ZD+YpL2G7AsHCJub+0lPLVJqNEv"},"_chains":{"BbePIqgxr4yJInld8OIYBaL+2FNL2+cEZIe90Zt5sGNe":{"chainKey":{"counter":0,"key":"bjXjdLe2uHWzxr4Pwd696cudrSOyaH/v2VnBh5Ha2og="},"chainType":1,"messageKeys":{}}},"pendingPreKey":{"signedKeyId":1,"baseKey":"BascVga1ufqwSYB1Ve7357iZAB9exB+4bR4JjXm0tcwK","preKeyId":1344575}}},"version":"v1"}