{"_sessions":{"BXN45YWrVNr+lNXDLHUe1fxrdCE/lj2GBdh9lft8HeMx":{"registrationId":13149,"currentRatchet":{"ephemeralKeyPair":{"pubKey":"Be5OR4hyRJo+4oIeXLeL08s+yTBk/oaprUnIv4lRxoZM","privKey":"2Bv8Eo7MBFdWxEUCkCiZ5RaNTXawoz9TIejpX/hjjmQ="},"lastRemoteEphemeralKey":"Bc7a5ofxuauJzc15WSykKeSrXeH0nLeQ8JmyzO8sbgVj","previousCounter":0,"rootKey":"dVjgSn7vSNiW+M3HRc2KB3C/cya6z+QSh1aOiZtwy2s="},"indexInfo":{"baseKey":"BXN45YWrVNr+lNXDLHUe1fxrdCE/lj2GBdh9lft8HeMx","baseKeyType":1,"closed":-1,"used":1716074381567,"created":1716074381567,"remoteIdentityKey":"Bcti+OM9mScE2H2YkGwUw5B3ZoKiKiMSor8N3OXMP1Iv"},"_chains":{"Be5OR4hyRJo+4oIeXLeL08s+yTBk/oaprUnIv4lRxoZM":{"chainKey":{"counter":0,"key":"tcKyJ5LUBq3dLSfYwjBDVATDqfRGOUHC+5eOULiMAoM="},"chainType":1,"messageKeys":{}}},"pendingPreKey":{"signedKeyId":1,"baseKey":"BXN45YWrVNr+lNXDLHUe1fxrdCE/lj2GBdh9lft8HeMx"}}},"version":"v1"}