{"_sessions":{"BQ6ySvX1Jwhk4muCo3qCg+2t1l4DtIfl6+Trz+8VHK98":{"registrationId":2141575591,"currentRatchet":{"ephemeralKeyPair":{"pubKey":"BT3/hKRubj0if8fO+0Lv8oHXjg95mpSpgvd0gvS43TlK","privKey":"4MGySLSYJVX8QVZAgHiw1R8/EG3CxMPX3U7PhwkzC1o="},"lastRemoteEphemeralKey":"BRokLXNiTwgvFVoYRhrndvfnuAcUNlZakoBIDwH4DaA1","previousCounter":0,"rootKey":"e9dwxcPxOlKx8XG1qcWO237uDpirBAoMFXOb7SIoxdQ="},"indexInfo":{"baseKey":"BQ6ySvX1Jwhk4muCo3qCg+2t1l4DtIfl6+Trz+8VHK98","baseKeyType":1,"closed":-1,"used":1716074382602,"created":1716074382602,"remoteIdentityKey":"BW1pS0jv/5dgzbivBAAe5Q6oO2futUGaUA9u0V7krXpC"},"_chains":{"BT3/hKRubj0if8fO+0Lv8oHXjg95mpSpgvd0gvS43TlK":{"chainKey":{"counter":0,"key":"0GdD7tXj69fBK4uZJctvZgz1Qq8W9ueb1rGnB48rzr4="},"chainType":1,"messageKeys":{}}},"pendingPreKey":{"signedKeyId":2,"baseKey":"BQ6ySvX1Jwhk4muCo3qCg+2t1l4DtIfl6+Trz+8VHK98","preKeyId":4633208}}},"version":"v1"}