{"_sessions":{"BXAkRG0OJULml5Me+11rN8bvNwVUi/3CoEksAHzpcmFA":{"registrationId":955183887,"currentRatchet":{"ephemeralKeyPair":{"pubKey":"BT6YwVJSJupME5ysHOcPHnlZ00h2dtOjb55imYskABQC","privKey":"aCLMhf35LC+ITLPshupu1AEyVOMFUEGVNCEIQpmbaHM="},"lastRemoteEphemeralKey":"BaPMt59HzZ+Keq1mGWlQFNzN5bqRuMBL7M6N5E3evH9c","previousCounter":0,"rootKey":"GUhVED0k4m9/CsuVERYbddOOwikFx2N3G1poXhZsxYY="},"indexInfo":{"baseKey":"BXAkRG0OJULml5Me+11rN8bvNwVUi/3CoEksAHzpcmFA","baseKeyType":1,"closed":-1,"used":1716074382323,"created":1716074382323,"remoteIdentityKey":"BQ4ImnOXR+xL5nRKFXDzY9BOyYy7fUVIeZrfosOSGFRh"},"_chains":{"BT6YwVJSJupME5ysHOcPHnlZ00h2dtOjb55imYskABQC":{"chainKey":{"counter":0,"key":"Cyrxz9jr9dH2C+rn33mz5urs3jW8ae0w0AfXyjwLMmE="},"chainType":1,"messageKeys":{}}},"pendingPreKey":{"signedKeyId":9,"baseKey":"BXAkRG0OJULml5Me+11rN8bvNwVUi/3CoEksAHzpcmFA","preKeyId":9248118}}},"version":"v1"}