{"_sessions":{"BWh0wpSCm5q/LF7iXOdJi+A856M1KrGAfMueSNAVA21l":{"registrationId":1069001183,"currentRatchet":{"ephemeralKeyPair":{"pubKey":"BX0h3k/7CMRvdeDqMzjMMrncT5YcCzLJ6E2OQlOUyE81","privKey":"sDrAJYbQoVNfItG7ew+YD+uB/AGXSxD+YfihRU+EkF0="},"lastRemoteEphemeralKey":"Bde7lZPz98KYhQ/2FL2AnVpwLoqew1Xh8KGCYc6XT7ZP","previousCounter":0,"rootKey":"9p5YrsBKcY3J2HjU9GSpEiie25u5yOM+23IV5l3uhU0="},"indexInfo":{"baseKey":"BWh0wpSCm5q/LF7iXOdJi+A856M1KrGAfMueSNAVA21l","baseKeyType":1,"closed":-1,"used":1716074382606,"created":1716074382606,"remoteIdentityKey":"BUebLV96XOojKTV5V2E4oSfN6ASHC2COO88o3dc3hdgB"},"_chains":{"BX0h3k/7CMRvdeDqMzjMMrncT5YcCzLJ6E2OQlOUyE81":{"chainKey":{"counter":0,"key":"eZ8jY6PLfC0o4jfSyf86g8cCNJ8UqV1QFMpGIa36jSA="},"chainType":1,"messageKeys":{}}},"pendingPreKey":{"signedKeyId":8,"baseKey":"BWh0wpSCm5q/LF7iXOdJi+A856M1KrGAfMueSNAVA21l","preKeyId":6422497}}},"version":"v1"}