{"_sessions":{"BfhAqU89x9j/Ftn4qqmBBTBQ3laCn0x1Qnl8ALMcPxgI":{"registrationId":912721498,"currentRatchet":{"ephemeralKeyPair":{"pubKey":"BX8//3qlwAW2T6uzUBH2gBbSel5yRffppAKXVjcRDp4v","privKey":"cK8VxfHLMOzJMJ7LzwrO0zIVLQ8oLW7GALXalUlvGVQ="},"lastRemoteEphemeralKey":"BSYla2MObxLRf6wPw9A/317ASkeT9cqvYQuJiJKwHKlv","previousCounter":0,"rootKey":"cfgha6AVR+CECc7qUGxJmRPe42IApYys6yjUZa0SNT0="},"indexInfo":{"baseKey":"BfhAqU89x9j/Ftn4qqmBBTBQ3laCn0x1Qnl8ALMcPxgI","baseKeyType":1,"closed":-1,"used":1716074382680,"created":1716074382680,"remoteIdentityKey":"BVAE17TWBVaJ2rzR40eA0EHy3lUelVaNYLlIDXSgJg4A"},"_chains":{"BX8//3qlwAW2T6uzUBH2gBbSel5yRffppAKXVjcRDp4v":{"chainKey":{"counter":0,"key":"kfZox+ngZS9GjJS08zOaGcLWdPVrYcypZ7RLAlpshKU="},"chainType":1,"messageKeys":{}}},"pendingPreKey":{"signedKeyId":1,"baseKey":"BfhAqU89x9j/Ftn4qqmBBTBQ3laCn0x1Qnl8ALMcPxgI","preKeyId":1831376}}},"version":"v1"}