{"_sessions":{"BfjsIjLCIu63TC6Au1K3EgTbru278vRgOpSeN6U/DHt0":{"registrationId":294702654,"currentRatchet":{"ephemeralKeyPair":{"pubKey":"BcPKzJIOxoxCJ3zSnMKojBXdRGMmYMeKIsBg/gB8VV5F","privKey":"SGSB0MdfTPeMhNDMdhOLMpOUDRtY1hRTm1OYL/K0QFs="},"lastRemoteEphemeralKey":"BdkJ2FjSB1kxDYyLbF5mULalV94pu7MMgo2cYXfwb5oq","previousCounter":0,"rootKey":"YWz43hoQe76TMb1liTXJznOjjBGpV7+keYfC2Xd4P6Y="},"indexInfo":{"baseKey":"BfjsIjLCIu63TC6Au1K3EgTbru278vRgOpSeN6U/DHt0","baseKeyType":1,"closed":-1,"used":1716074382745,"created":1716074382745,"remoteIdentityKey":"BTxV16+bR6ADSpKep29vf3ytrDmSBv9cHVkS+1V4uIQM"},"_chains":{"BcPKzJIOxoxCJ3zSnMKojBXdRGMmYMeKIsBg/gB8VV5F":{"chainKey":{"counter":0,"key":"KyU2sMwnxSFioKgNS7rRoi3gJ9fH+k9y+kkN1gM0PpE="},"chainType":1,"messageKeys":{}}},"pendingPreKey":{"signedKeyId":1,"baseKey":"BfjsIjLCIu63TC6Au1K3EgTbru278vRgOpSeN6U/DHt0","preKeyId":11239966}}},"version":"v1"}