{"_sessions":{"BcvRprn1ljmOE3nkqn7Yph7lCoXrlpU7AoZ7Db/zRU5Y":{"registrationId":1420124825,"currentRatchet":{"ephemeralKeyPair":{"pubKey":"BegjfidxTacVFNEs7Y2GbdQZGM0DnjRawWwV4i2zIHhI","privKey":"cEI5h2noc9jgdS6KeJSy10eyIoUU3E5/7YQE36m2l0o="},"lastRemoteEphemeralKey":"Bd1+ieXlaRPP1qT1z6NswswqMXrNG9nqLeiUsDkBevkq","previousCounter":0,"rootKey":"SlUys5kndk8G9tQLHBOwGc6P6IRzWt9XGzfHrqnrWuQ="},"indexInfo":{"baseKey":"BcvRprn1ljmOE3nkqn7Yph7lCoXrlpU7AoZ7Db/zRU5Y","baseKeyType":1,"closed":-1,"used":1716074382246,"created":1716074382246,"remoteIdentityKey":"BQ6K4UGWNTm3PdUN2ECQYgZ6T4+X7B7Y+1LkzwVGKb0c"},"_chains":{"BegjfidxTacVFNEs7Y2GbdQZGM0DnjRawWwV4i2zIHhI":{"chainKey":{"counter":0,"key":"vJw2Go10ll2y1z/cgmszJZ8BHZC7BzzgnnuowVKC7WQ="},"chainType":1,"messageKeys":{}}},"pendingPreKey":{"signedKeyId":0,"baseKey":"BcvRprn1ljmOE3nkqn7Yph7lCoXrlpU7AoZ7Db/zRU5Y","preKeyId":927303}}},"version":"v1"}