{"_sessions":{"BSLNQzCvWdsfAtceWRA+WUaHjSiB6V+w6Ghvy0tnzv9T":{"registrationId":946379435,"currentRatchet":{"ephemeralKeyPair":{"pubKey":"BfSMTK/Hqwq3nO+wqO6qW0a8CYzkHyU5wzG1M6cGBV43","privKey":"eOP2tvkrDphm6TEIBIbyE19kooMAHXrSDpwy8OGh+mA="},"lastRemoteEphemeralKey":"Be9KiUefjrDuY8UnMQ1JSSHDR6nSQu89z48ZSsPcRAFB","previousCounter":0,"rootKey":"8OSKNrXxzQlWU7xLCkqX16/QziwrB1HFJSdeLSKPlYg="},"indexInfo":{"baseKey":"BSLNQzCvWdsfAtceWRA+WUaHjSiB6V+w6Ghvy0tnzv9T","baseKeyType":1,"closed":-1,"used":1716074382157,"created":1716074382157,"remoteIdentityKey":"BSZT0CjOnYbnYS4N21GsHNuIEjwzAI+CwXL4Qnbw6k56"},"_chains":{"BfSMTK/Hqwq3nO+wqO6qW0a8CYzkHyU5wzG1M6cGBV43":{"chainKey":{"counter":0,"key":"p5ofEQwZasJDS+N/4HSjgZ+ctdyIVFYx2+4oiJGmfCA="},"chainType":1,"messageKeys":{}}},"pendingPreKey":{"signedKeyId":16,"baseKey":"BSLNQzCvWdsfAtceWRA+WUaHjSiB6V+w6Ghvy0tnzv9T"}}},"version":"v1"}