{"_sessions":{"BfisSzaxHS9WDNPza0USsr+TzX1XU/CeyP+HhovDjwZb":{"registrationId":14743,"currentRatchet":{"ephemeralKeyPair":{"pubKey":"Bcj4urZxRsElye5SFTBCLnsQ+8Y5glR1nL2nIinay+ZX","privKey":"+Pyo4zk7uTzgGWX8EuNpqGHPuvpxhxGoGOjnG0FfsVE="},"lastRemoteEphemeralKey":"BUbD9e8++JNVI2P3SKrLtbdZ9Gx10Gv0YBtE/kZlJjFt","previousCounter":0,"rootKey":"b+hq/mn8PumJGZgEyhP1uqWMh94Co8/HG5Rr+6Ms4wM="},"indexInfo":{"baseKey":"BfisSzaxHS9WDNPza0USsr+TzX1XU/CeyP+HhovDjwZb","baseKeyType":1,"closed":-1,"used":1716074381728,"created":1716074381728,"remoteIdentityKey":"BTAGkeCSXjURE1bv1CaU9pelbCj8bPCEqFk2+MlnIUwj"},"_chains":{"Bcj4urZxRsElye5SFTBCLnsQ+8Y5glR1nL2nIinay+ZX":{"chainKey":{"counter":0,"key":"Xmm/wnSFwTw5AwvXPgic3mQEnur7ySjRbS/wGakXyVQ="},"chainType":1,"messageKeys":{}}},"pendingPreKey":{"signedKeyId":1,"baseKey":"BfisSzaxHS9WDNPza0USsr+TzX1XU/CeyP+HhovDjwZb"}}},"version":"v1"}