{"_sessions":{"Bac7w6/rXBNrNRVTrA7RJ2JoAOrAXTveGSZN7+dyHn5S":{"registrationId":1906479942,"currentRatchet":{"ephemeralKeyPair":{"pubKey":"BZiYKA0MRAfq2y5PLd0baPpRkYsIx45148Z6n4jtCQgK","privKey":"YPWqOeYjuqHhPxVQMIeAg2EdhRJndnkqCsllJvYzSWU="},"lastRemoteEphemeralKey":"Bcoh4YvvV1P/OmR+ajH59pQFiTJOfrlFF0ILAVZNsowM","previousCounter":0,"rootKey":"5Ox5MmPqKvUmEqSNCnBwtAGF/xv7D1RAUxP69UNVd7E="},"indexInfo":{"baseKey":"Bac7w6/rXBNrNRVTrA7RJ2JoAOrAXTveGSZN7+dyHn5S","baseKeyType":1,"closed":-1,"used":1716074382955,"created":1716074382955,"remoteIdentityKey":"BQbHCxcJWN5tfBYnde/4CT42tDBXaWkBzCUCqrnms4Bu"},"_chains":{"BZiYKA0MRAfq2y5PLd0baPpRkYsIx45148Z6n4jtCQgK":{"chainKey":{"counter":0,"key":"0X8TyCVh8UNL33ppOkdcfa4N+DDzyrtg2JLPUpef6I0="},"chainType":1,"messageKeys":{}}},"pendingPreKey":{"signedKeyId":0,"baseKey":"Bac7w6/rXBNrNRVTrA7RJ2JoAOrAXTveGSZN7+dyHn5S","preKeyId":2219321}}},"version":"v1"}