{"_sessions":{"BbLUnV9Qu7PmlWMvnKazJsVNkHzGyCPJTMbdFKgfeVx1":{"registrationId":2054245452,"currentRatchet":{"ephemeralKeyPair":{"pubKey":"BXxVcegsMzhEMQekXY71ORg85EldIjCJpNHlyGz58Dxr","privKey":"IKQSulowISG91lGa5dD48PZnEFiXKEidmSi2/BHwvUo="},"lastRemoteEphemeralKey":"BTMS3B0gBuKmmC43OdQDFLv2/zfRnpRbHfiRdxhKLsdH","previousCounter":0,"rootKey":"vgn0oilM4U7yak/mtuoWJ3FAWRN6C0nXd3jWmhqa5rQ="},"indexInfo":{"baseKey":"BbLUnV9Qu7PmlWMvnKazJsVNkHzGyCPJTMbdFKgfeVx1","baseKeyType":1,"closed":-1,"used":1716074382942,"created":1716074382942,"remoteIdentityKey":"BXqi5LgsM6hSkGWUnXDHt+6PPBfyDsu2ZgWUYUGlfEp3"},"_chains":{"BXxVcegsMzhEMQekXY71ORg85EldIjCJpNHlyGz58Dxr":{"chainKey":{"counter":0,"key":"gUDonncZHJjYaIJGTQ7cw5uWs5yTuRBcZEvMQ8xX8WU="},"chainType":1,"messageKeys":{}}},"pendingPreKey":{"signedKeyId":5,"baseKey":"BbLUnV9Qu7PmlWMvnKazJsVNkHzGyCPJTMbdFKgfeVx1","preKeyId":7260887}}},"version":"v1"}