{"_sessions":{"BU5bjJx+AV0cVDq1IqL+EAQfomiO+mtpCq4zAUkKkGc6":{"registrationId":2001030678,"currentRatchet":{"ephemeralKeyPair":{"pubKey":"BY1xFSDoukBfo7ltnc3lyOpakyqJ29qS295vuu/ZMmhJ","privKey":"UIYSR0imkuDXFko29/skh7MpgOEyZVAdgqDHiwF1fEQ="},"lastRemoteEphemeralKey":"BSiKxkWFhZSKj8ufRUNTjOTtf1g02EFWGrq3qfgxDwJN","previousCounter":0,"rootKey":"bG2MQogYyIOCsKt+e6Box2WGSLvxtxRL5k+7gP/y1wg="},"indexInfo":{"baseKey":"BU5bjJx+AV0cVDq1IqL+EAQfomiO+mtpCq4zAUkKkGc6","baseKeyType":1,"closed":-1,"used":1716074382283,"created":1716074382283,"remoteIdentityKey":"BZWx405zXoSB0hoSasrAeV/ZqLLPydwtHiwR5VY4BBkk"},"_chains":{"BY1xFSDoukBfo7ltnc3lyOpakyqJ29qS295vuu/ZMmhJ":{"chainKey":{"counter":0,"key":"UZxtCFvdtjQee+Hog+GK68t1kAKOPpeJdHszb/id4cI="},"chainType":1,"messageKeys":{}}},"pendingPreKey":{"signedKeyId":1,"baseKey":"BU5bjJx+AV0cVDq1IqL+EAQfomiO+mtpCq4zAUkKkGc6"}}},"version":"v1"}