{"_sessions":{"Bdu4YYJXHNocqdU9a25Gdiva4B5e/gxeLORELKBhnqBT":{"registrationId":1464465437,"currentRatchet":{"ephemeralKeyPair":{"pubKey":"BTCEUTnW9Uc2fem5o6Tn5Oqi+vSQRQsn0IJZbcygr+8j","privKey":"UNqmLe1wuanndGPwkEny1cjcaNmK4Lc4d9M8S5IRKHU="},"lastRemoteEphemeralKey":"BQnTHCKTBeYMzKqkpSm1EEghaglke/2pRwifj3DKmKoB","previousCounter":0,"rootKey":"SX/rKg2oZAmuB+bVcfw5P6qevunJ01pZgAS/4+U2Cqw="},"indexInfo":{"baseKey":"Bdu4YYJXHNocqdU9a25Gdiva4B5e/gxeLORELKBhnqBT","baseKeyType":1,"closed":-1,"used":1716074382193,"created":1716074382193,"remoteIdentityKey":"BZE+l0t8NLMLnEuuTF198XYTzitiMldzPvipwHv4w0E+"},"_chains":{"BTCEUTnW9Uc2fem5o6Tn5Oqi+vSQRQsn0IJZbcygr+8j":{"chainKey":{"counter":0,"key":"xKFQDjq/bIIzblBNSfePkiAeFxOe6MycodbLhDj8DEI="},"chainType":1,"messageKeys":{}}},"pendingPreKey":{"signedKeyId":2,"baseKey":"Bdu4YYJXHNocqdU9a25Gdiva4B5e/gxeLORELKBhnqBT","preKeyId":13363880}}},"version":"v1"}