{"_sessions":{"BWALNjjo+oy7Jm5ciQvlmw9qTm9tBwAtggsEhqLLRlgM":{"registrationId":87,"currentRatchet":{"ephemeralKeyPair":{"pubKey":"Bb+yg1vGqXv+/WIubGyRGuY57xfGTNIeB1P/kEVWIDIm","privKey":"OP/JugvI4qW3uQ9T4bS+m4tNILyJh5Rn/E3dURnEi3M="},"lastRemoteEphemeralKey":"BXVOFqlEz8QT8uddoVYMmwp6o3PM3fpOSEVOH2TeMrxf","previousCounter":0,"rootKey":"PrNhTq3tHiz/SjTG6FRBhCX8H4gvRgSj0vCuRnrEFKE="},"indexInfo":{"baseKey":"BWALNjjo+oy7Jm5ciQvlmw9qTm9tBwAtggsEhqLLRlgM","baseKeyType":1,"closed":-1,"used":1716074381720,"created":1716074381720,"remoteIdentityKey":"BUzTzI2OO1PCVNfvj/wqlCgBvcpn7eeOk20QcMZw37Yp"},"_chains":{"Bb+yg1vGqXv+/WIubGyRGuY57xfGTNIeB1P/kEVWIDIm":{"chainKey":{"counter":0,"key":"H9hJHKTh9RACH+eXZQOUXptMiWBtRi334N4pGAG/Kg4="},"chainType":1,"messageKeys":{}}},"pendingPreKey":{"signedKeyId":1,"baseKey":"BWALNjjo+oy7Jm5ciQvlmw9qTm9tBwAtggsEhqLLRlgM"}}},"version":"v1"}