{"_sessions":{"BZ7+r7FT7dXtnrNpHNuVYisV1eWO7wNtp4urQM3rYVAf":{"registrationId":1201416478,"currentRatchet":{"ephemeralKeyPair":{"pubKey":"BZCkTLK+yx4z49mWgDBoEvqnRrib6ltfdBkjYjT1mC8S","privKey":"sCE8PL7uFUInQUr/ah0uOVQ+MVBIij62Gn/s5hCXZkk="},"lastRemoteEphemeralKey":"BZSKccZRALXJWypdSMTLsR3wbyxfypyXw5wzSTsELMkc","previousCounter":0,"rootKey":"xfQX54DLv0JvjrMnmPH6YyILy/OYg9iGTudxFgx0vtg="},"indexInfo":{"baseKey":"BZ7+r7FT7dXtnrNpHNuVYisV1eWO7wNtp4urQM3rYVAf","baseKeyType":1,"closed":-1,"used":1716074382740,"created":1716074382740,"remoteIdentityKey":"BcNSNpiEPYUXaFihhMgCnqJoJbuLrBczEfjKL4slXm9x"},"_chains":{"BZCkTLK+yx4z49mWgDBoEvqnRrib6ltfdBkjYjT1mC8S":{"chainKey":{"counter":0,"key":"A98yj7jd3floFWp7vNDXQKdDhYFUfAydmq6F4Y96SDM="},"chainType":1,"messageKeys":{}}},"pendingPreKey":{"signedKeyId":12,"baseKey":"BZ7+r7FT7dXtnrNpHNuVYisV1eWO7wNtp4urQM3rYVAf","preKeyId":10365139}}},"version":"v1"}