{"_sessions":{"BdwP66dnEjXd+NTJbfjr2lQ3qQsObo0m+9mka14MoMA5":{"registrationId":1289016813,"currentRatchet":{"ephemeralKeyPair":{"pubKey":"BUOlYgQwftIP0RLKCM+sSS75nq1gWYU4yONBUMGiB5MQ","privKey":"GGc1crkjtqktbKwrYXxViy+ArL0u4nVKQAZczhzrDVY="},"lastRemoteEphemeralKey":"BetFWtq83y7y5LLhpiJboDAche1VfJgyTg+yLzvmInpk","previousCounter":0,"rootKey":"TtpEaBr6kICi05/pA5csv8BSrF38ynq3CyE5MnO8V60="},"indexInfo":{"baseKey":"BdwP66dnEjXd+NTJbfjr2lQ3qQsObo0m+9mka14MoMA5","baseKeyType":1,"closed":-1,"used":1716074382232,"created":1716074382232,"remoteIdentityKey":"BZNXP39Jl9tN1pRM+FsqMcduA+VNTvr6wOiOsXf+W1oO"},"_chains":{"BUOlYgQwftIP0RLKCM+sSS75nq1gWYU4yONBUMGiB5MQ":{"chainKey":{"counter":0,"key":"z1Vqv88Q8iNZu99IsKgi1ZWsBmfhLO2mDLyLelzF7Cg="},"chainType":1,"messageKeys":{}}},"pendingPreKey":{"signedKeyId":51,"baseKey":"BdwP66dnEjXd+NTJbfjr2lQ3qQsObo0m+9mka14MoMA5","preKeyId":4726943}}},"version":"v1"}