{"_sessions":{"Bfl9qOYoAXjRoDHpeU1iGLwNYqq7iFGvP4PudERvT0oZ":{"registrationId":66,"currentRatchet":{"ephemeralKeyPair":{"pubKey":"BRKjBMQ6mraptz5BLvBNVFHsgDnIH9k1ixitoCgUNw0F","privKey":"WN138ZLuG2pthMuvnNUAdUkursFznhmFb2BN13veyFc="},"lastRemoteEphemeralKey":"BbCfO7IwD/RIWcPFavkKEnntGWQGNA98/teBlL7/hxI0","previousCounter":0,"rootKey":"SnhjNK4TR/f8FGEiHgIYF5yyI14Hljg8dbNiDFa093A="},"indexInfo":{"baseKey":"Bfl9qOYoAXjRoDHpeU1iGLwNYqq7iFGvP4PudERvT0oZ","baseKeyType":1,"closed":-1,"used":1716074382001,"created":1716074382001,"remoteIdentityKey":"BWw7HX/x+xHjSskPlHvPHdZXxKBSjULvuHLvTzNIQokS"},"_chains":{"BRKjBMQ6mraptz5BLvBNVFHsgDnIH9k1ixitoCgUNw0F":{"chainKey":{"counter":0,"key":"EnlCAvnifeFf+QJ9L6k0twuShGvzJRVg/9Q+z3T+SPU="},"chainType":1,"messageKeys":{}}},"pendingPreKey":{"signedKeyId":1,"baseKey":"Bfl9qOYoAXjRoDHpeU1iGLwNYqq7iFGvP4PudERvT0oZ"}}},"version":"v1"}