{"_sessions":{"BcCG2irlPtBW1N3VbPPdSWbNFHpYD0gEZFqgTNyfk/E2":{"registrationId":681739877,"currentRatchet":{"ephemeralKeyPair":{"pubKey":"BVWCwo3j0Nk64txPepue1JE9IWHWv4EUVYDbgxgmqNJd","privKey":"kGKeycaoWlOZWfzq+EnfWUFlFbhDMD+lhOnFx/laam4="},"lastRemoteEphemeralKey":"BQebexHFm4y0Ycjf8IBPrDmh1il0MOsAsLrfU3Z1Z4hS","previousCounter":0,"rootKey":"v3UexW/TDPAXPuXyiFE+IISwnsV4ri60VwrcIB2vj9Y="},"indexInfo":{"baseKey":"BcCG2irlPtBW1N3VbPPdSWbNFHpYD0gEZFqgTNyfk/E2","baseKeyType":1,"closed":-1,"used":1716074382868,"created":1716074382868,"remoteIdentityKey":"BTl9eZEasXxeos8s++qQCKoxG1o2KuhFFCz5wEstmIpq"},"_chains":{"BVWCwo3j0Nk64txPepue1JE9IWHWv4EUVYDbgxgmqNJd":{"chainKey":{"counter":0,"key":"pBXhUe3TWhi8qRogfFW2du2FoTJ/9vkHLlNYmN5ow7w="},"chainType":1,"messageKeys":{}}},"pendingPreKey":{"signedKeyId":4,"baseKey":"BcCG2irlPtBW1N3VbPPdSWbNFHpYD0gEZFqgTNyfk/E2","preKeyId":5299536}}},"version":"v1"}