{"_sessions":{"BQngvcQfXHyG+RBXZ81Wt2tPUuu2Xyr12blzNMjnLsd0":{"registrationId":1271128481,"currentRatchet":{"ephemeralKeyPair":{"pubKey":"BaiL27C2/p0LopIGwofIcTy+K8etmb/5mJoNQ0IcY+tC","privKey":"oBqZAEE1SEJWSFRYgRWCkJ7hfwQ+9eZxcLOQlpGlLFU="},"lastRemoteEphemeralKey":"BaoQLv1IBmiXXT3mUleDgq472OYYuzc5VvCyOanG5IM2","previousCounter":0,"rootKey":"1azeJNggU7UJtNIaMEIhk8w4xV4F5iJ34XphK+RCOfk="},"indexInfo":{"baseKey":"BQngvcQfXHyG+RBXZ81Wt2tPUuu2Xyr12blzNMjnLsd0","baseKeyType":1,"closed":-1,"used":1716074382880,"created":1716074382880,"remoteIdentityKey":"BVBNCjLzk0YunSUjJ17kIerPW/MCt9ATzI91wDT9G2Bv"},"_chains":{"BaiL27C2/p0LopIGwofIcTy+K8etmb/5mJoNQ0IcY+tC":{"chainKey":{"counter":0,"key":"gGpfhWJgLA58Foa32xMP+4RScIbRizMC+vgIPIMX6iM="},"chainType":1,"messageKeys":{}}},"pendingPreKey":{"signedKeyId":2,"baseKey":"BQngvcQfXHyG+RBXZ81Wt2tPUuu2Xyr12blzNMjnLsd0","preKeyId":7119495}}},"version":"v1"}