{"_sessions":{"BddWQyQF4JG73sOVe25BWKOvkWY+KkNuu71i9rd6OkZy":{"registrationId":653928951,"currentRatchet":{"ephemeralKeyPair":{"pubKey":"BRIBe3XTZXtVJjf95EGz5wva17IJS7L4OntUXfdZEgk4","privKey":"gBKDS8mbMBitrecv1ZlJI6fLGEg5aWzyWZ8UA68TGkw="},"lastRemoteEphemeralKey":"BYb25AOqCDgsY9cBYXkA+MzmT3CKHgUAem3vFbvoUyVn","previousCounter":0,"rootKey":"76a80Rbh1IQDo/Rh39rFJALLgYYUEKXpu8QukJX2dAc="},"indexInfo":{"baseKey":"BddWQyQF4JG73sOVe25BWKOvkWY+KkNuu71i9rd6OkZy","baseKeyType":1,"closed":-1,"used":1716074382202,"created":1716074382202,"remoteIdentityKey":"Behjsq1leYC9wlamN3KGn4BElxe1wqHuACqNUNIq+oJN"},"_chains":{"BRIBe3XTZXtVJjf95EGz5wva17IJS7L4OntUXfdZEgk4":{"chainKey":{"counter":0,"key":"MBWkDEPbnyI+wE3jW+RDAjI7mTIaaUGH8/uq/PAbz/8="},"chainType":1,"messageKeys":{}}},"pendingPreKey":{"signedKeyId":1,"baseKey":"BddWQyQF4JG73sOVe25BWKOvkWY+KkNuu71i9rd6OkZy","preKeyId":4085147}}},"version":"v1"}