{"_sessions":{"BX/Bkb1fACcLBVt5LubfZkudHYtF5bb4R2VYczcL6fFJ":{"registrationId":672892100,"currentRatchet":{"ephemeralKeyPair":{"pubKey":"BcmTfppfmz5ggBQiZ8EkAcdgZxDMWggL+YF74sXuhPRd","privKey":"eBepDdxxhzWBTU0wctXS8bUMIVD7q6/J8O5pDkUwunY="},"lastRemoteEphemeralKey":"BSLTYP0brZ8+N9Rg7tQ1suMSvABl+YpUTiK6sfSDZohp","previousCounter":0,"rootKey":"+i+RsShUISPaMF/cl0J0p7IouLApQRR6r8uWwDzRY3s="},"indexInfo":{"baseKey":"BX/Bkb1fACcLBVt5LubfZkudHYtF5bb4R2VYczcL6fFJ","baseKeyType":1,"closed":-1,"used":1716074382477,"created":1716074382477,"remoteIdentityKey":"BRkEdZvHKoO6J9pB2rmHEVBhkQK5UtbgYpLIyDONA+V1"},"_chains":{"BcmTfppfmz5ggBQiZ8EkAcdgZxDMWggL+YF74sXuhPRd":{"chainKey":{"counter":0,"key":"iCSjOMQzdr97b6PmwMVt07s6DYW59O2//gkA/NuRuCs="},"chainType":1,"messageKeys":{}}},"pendingPreKey":{"signedKeyId":4,"baseKey":"BX/Bkb1fACcLBVt5LubfZkudHYtF5bb4R2VYczcL6fFJ","preKeyId":8821108}}},"version":"v1"}