{"_sessions":{"BZRWcNBw7S51kqnyoM+QJR9AOrcWneub4T222lnhWDUj":{"registrationId":1462873344,"currentRatchet":{"ephemeralKeyPair":{"pubKey":"BaUU6Abecehb+sf6e/G7DnOWjk7Rv+pnRok5rgxCEV9E","privKey":"YFgSdpVuKtgrKvJ04Dyo7w0GUdkNxgXuyTYHJem1EnM="},"lastRemoteEphemeralKey":"BRkziNhtkFgDbxuV3jfZa2EdQNO+qaREzA1NC6gch4V6","previousCounter":0,"rootKey":"oGObdLtvq7f1Nhvd9x/y7S5KzDGBqiuh5jq89ByySxk="},"indexInfo":{"baseKey":"BZRWcNBw7S51kqnyoM+QJR9AOrcWneub4T222lnhWDUj","baseKeyType":1,"closed":-1,"used":1716074382917,"created":1716074382917,"remoteIdentityKey":"BZ/gzdmpq+yBKdReSe2C8Nah+XqpweufsLVz+pdznPpS"},"_chains":{"BaUU6Abecehb+sf6e/G7DnOWjk7Rv+pnRok5rgxCEV9E":{"chainKey":{"counter":0,"key":"jGyZ77qRUNtjnstG+OwVqGOoxcsoTNfXLRuYEPZJJIQ="},"chainType":1,"messageKeys":{}}},"pendingPreKey":{"signedKeyId":3,"baseKey":"BZRWcNBw7S51kqnyoM+QJR9AOrcWneub4T222lnhWDUj","preKeyId":11077298}}},"version":"v1"}