{"_sessions":{"BR3i7LvIUz9aF9/lELtKDTLQ+HQgLWeV+FdLjWjuiF4Z":{"registrationId":9620,"currentRatchet":{"ephemeralKeyPair":{"pubKey":"BUFAVSBOYPPg9fMNpPPY0bhsJe1p0NgvJwQYbq/t4FhH","privKey":"QLfc+FLxfJWVG9QaOyRZTiKzQ3vQ2RaPPc24tHE2rXg="},"lastRemoteEphemeralKey":"BQPF4vcsqLU8EBxItdT8SSgdwoblPJosCFSCC281oilr","previousCounter":0,"rootKey":"lotkUHR3YhxGZVCpMNmU7t6khJbpTKIE5msmNpQb/HY="},"indexInfo":{"baseKey":"BR3i7LvIUz9aF9/lELtKDTLQ+HQgLWeV+FdLjWjuiF4Z","baseKeyType":1,"closed":-1,"used":1716074381839,"created":1716074381839,"remoteIdentityKey":"BdbyXO+EowZ2cQBMtRGrv8V8bN9kdTGUwaTRCSKvEeY8"},"_chains":{"BUFAVSBOYPPg9fMNpPPY0bhsJe1p0NgvJwQYbq/t4FhH":{"chainKey":{"counter":0,"key":"pLZid8pdEY/dbG9xDoPIXs6FABZqcqGZQ7uSQuv9E8o="},"chainType":1,"messageKeys":{}}},"pendingPreKey":{"signedKeyId":1,"baseKey":"BR3i7LvIUz9aF9/lELtKDTLQ+HQgLWeV+FdLjWjuiF4Z"}}},"version":"v1"}