{"_sessions":{"BfNmonZK12sPH8eYzF/Kivg+dlubgeoxyoK234puX0NY":{"registrationId":331386786,"currentRatchet":{"ephemeralKeyPair":{"pubKey":"BcuTTObDdkDHaLduENLKDc36mvlS9CmK+JQzkfDerL0W","privKey":"wABTMmOOuXuEcYMBGWfHPCqylVinq1iub37pzBvMJX4="},"lastRemoteEphemeralKey":"BV5iY3UOIL4JmcCOes1tgUNd6TBi4FNwQedj7y03KK5g","previousCounter":0,"rootKey":"XC18HN9kH5zH+O7NqZ5aUzDGlkpbYrk+VUeJ/Z4+mlQ="},"indexInfo":{"baseKey":"BfNmonZK12sPH8eYzF/Kivg+dlubgeoxyoK234puX0NY","baseKeyType":1,"closed":-1,"used":1716074382544,"created":1716074382544,"remoteIdentityKey":"BcV6CVMznVRJqCqbTDzdXGnraRhrlBIMEBaFTJf60vl5"},"_chains":{"BcuTTObDdkDHaLduENLKDc36mvlS9CmK+JQzkfDerL0W":{"chainKey":{"counter":0,"key":"4zOQBVDpO3zaEzMDTc355QMOz17aFrLcRpAIqlklzy0="},"chainType":1,"messageKeys":{}}},"pendingPreKey":{"signedKeyId":2,"baseKey":"BfNmonZK12sPH8eYzF/Kivg+dlubgeoxyoK234puX0NY","preKeyId":15996207}}},"version":"v1"}