{"_sessions":{"BURHdhHjT7UawMNXsN6D4J7PjcCivN1W64i5UyNqph49":{"registrationId":50984556,"currentRatchet":{"ephemeralKeyPair":{"pubKey":"BXzrtZ+/42riO399Zr1KTYdgWCsxoy7EFsh/KGX7Gtx9","privKey":"cPE1kF7vKoZRmKFesTVkFQT5p132Ymusq2Gx58jTiF8="},"lastRemoteEphemeralKey":"BR2XjlCGyEeSrsPtiPL410VhHYNgiwkcCxi3tZykUKBc","previousCounter":0,"rootKey":"KI/j+K4rccNjudWO2uBfiyYrTFXZL7qD8frAwg5rq2U="},"indexInfo":{"baseKey":"BURHdhHjT7UawMNXsN6D4J7PjcCivN1W64i5UyNqph49","baseKeyType":1,"closed":-1,"used":1716074382393,"created":1716074382393,"remoteIdentityKey":"BQ0K+vuHPZLF/ko8+WpkWvH+P1pLJBEhHwyGwUEuNVk5"},"_chains":{"BXzrtZ+/42riO399Zr1KTYdgWCsxoy7EFsh/KGX7Gtx9":{"chainKey":{"counter":0,"key":"pK72cwCsAJCoEhixzaYrhhvO00SXb5vVsU7vHTDbE9E="},"chainType":1,"messageKeys":{}}},"pendingPreKey":{"signedKeyId":5,"baseKey":"BURHdhHjT7UawMNXsN6D4J7PjcCivN1W64i5UyNqph49","preKeyId":14773865}}},"version":"v1"}