{"_sessions":{"Bc/CIRBqTRylcJAloT9FIh9VaMYSZiTQLBaHxGVCwSkz":{"registrationId":5171,"currentRatchet":{"ephemeralKeyPair":{"pubKey":"BXvQ+isIoA+RwDTLGJp4xLWmHjNOiLq5k1N4Wo1H414J","privKey":"UJqNPxn6CbPwVx9b9obYzVwFDwQdiHAgwWxLWUfOpUM="},"lastRemoteEphemeralKey":"BetpPpH4MHR2w3pQbHIf0Vu5gJToyUclsYWJ6kqtKEE1","previousCounter":0,"rootKey":"TrkMhGnoOENnW2uaQpgonRILAYy+ffs3A0Q1R/02Nnk="},"indexInfo":{"baseKey":"Bc/CIRBqTRylcJAloT9FIh9VaMYSZiTQLBaHxGVCwSkz","baseKeyType":1,"closed":-1,"used":1716074381651,"created":1716074381651,"remoteIdentityKey":"Bc/uhz7bVnOW0Z35NWkRnZkRVU6eCUaA4j37nC2buFln"},"_chains":{"BXvQ+isIoA+RwDTLGJp4xLWmHjNOiLq5k1N4Wo1H414J":{"chainKey":{"counter":0,"key":"riICNLlrB2UT2NtW2vUP3fNNu0vO1diHXf99xOpDSog="},"chainType":1,"messageKeys":{}}},"pendingPreKey":{"signedKeyId":1,"baseKey":"Bc/CIRBqTRylcJAloT9FIh9VaMYSZiTQLBaHxGVCwSkz"}}},"version":"v1"}