{"_sessions":{"BZLhyV1iif9jkNGk3rbC2kV0i7+iEXT2v+merZ4YvyB9":{"registrationId":602936620,"currentRatchet":{"ephemeralKeyPair":{"pubKey":"BXb3yrhM1s1X3U46LW+duBttkp24/zA3yetNz+CNBtwt","privKey":"eOtvRjqCGfukgIiYRj9tgeCXXFW9FcU8+du7btHoYFM="},"lastRemoteEphemeralKey":"BWbIIpORcVHyEAHnG9R0r4pax3zQ503GEpxkSG0+KKcJ","previousCounter":0,"rootKey":"6w2MD0pTsJYkKg9PL/OhLzvnF/tq2KOPZCRaTB5j/AI="},"indexInfo":{"baseKey":"BZLhyV1iif9jkNGk3rbC2kV0i7+iEXT2v+merZ4YvyB9","baseKeyType":1,"closed":-1,"used":1716074382467,"created":1716074382467,"remoteIdentityKey":"BSozNGHj6qX+Hj15/uOCNTHOBl+jCQEsOREGogBVTEwQ"},"_chains":{"BXb3yrhM1s1X3U46LW+duBttkp24/zA3yetNz+CNBtwt":{"chainKey":{"counter":0,"key":"SV0m69ZJazdIK3nqAc8c2Abt3bI1RnaGKp7qxA1Ef2o="},"chainType":1,"messageKeys":{}}},"pendingPreKey":{"signedKeyId":9,"baseKey":"BZLhyV1iif9jkNGk3rbC2kV0i7+iEXT2v+merZ4YvyB9","preKeyId":15539731}}},"version":"v1"}