{"_sessions":{"BQG3TupOVWNionGbBu+TGMi1VKB5/4dDRt9mVobS8Usx":{"registrationId":1631667815,"currentRatchet":{"ephemeralKeyPair":{"pubKey":"BdWDXJ+qVYZ4ij6dJqf3VRgXfXc6V4X5opjmQYlJMYZA","privKey":"uHR3aHYAaakdeAAyZo4FwNo/GGKvm1/UNG0X8+73fWU="},"lastRemoteEphemeralKey":"BYejmD1exQF6rzNP6sqQ31vHCn6N1u9u+mY+Bl5MASQW","previousCounter":0,"rootKey":"EplG4coVfmttpIaLMHOXV1fYnSnshEOTYKa2dH74Mm8="},"indexInfo":{"baseKey":"BQG3TupOVWNionGbBu+TGMi1VKB5/4dDRt9mVobS8Usx","baseKeyType":1,"closed":-1,"used":1716074382897,"created":1716074382897,"remoteIdentityKey":"BUpWOTY5GsfsZsNgeqK1MAjwezjP0j/+1Z8ESzJ6KxY4"},"_chains":{"BdWDXJ+qVYZ4ij6dJqf3VRgXfXc6V4X5opjmQYlJMYZA":{"chainKey":{"counter":0,"key":"D6W7Xmj185YRwx1E7mtldMvmuCT1KExjKl3O8wd+/Zg="},"chainType":1,"messageKeys":{}}},"pendingPreKey":{"signedKeyId":9,"baseKey":"BQG3TupOVWNionGbBu+TGMi1VKB5/4dDRt9mVobS8Usx","preKeyId":6422363}}},"version":"v1"}