{"_sessions":{"Ba55aDqaQJHW6qQSSHIyP/zAaW5a1FQCksoPph5vDApb":{"registrationId":1105584643,"currentRatchet":{"ephemeralKeyPair":{"pubKey":"BceBdqxTpSJpwY3JOt9kHmqvwjxfllHKFxsPlXHRuxtC","privKey":"MHslJ1lYzxgOd7LrvAKXMO62dMpKSVRIBFz7m1e9ynU="},"lastRemoteEphemeralKey":"BQTzxygjWKSizEiZpU59dzR761NkSUaLyt0E0vTfuTIW","previousCounter":0,"rootKey":"aFJWJsqL8j/YdP20C+gYXcDuaGMfpAzKoup5tPa5ZHs="},"indexInfo":{"baseKey":"Ba55aDqaQJHW6qQSSHIyP/zAaW5a1FQCksoPph5vDApb","baseKeyType":1,"closed":-1,"used":1716074382985,"created":1716074382985,"remoteIdentityKey":"BRtDz6nv9twk6rQbXHe5SrIsrXJd8FJorre/WDmGsboz"},"_chains":{"BceBdqxTpSJpwY3JOt9kHmqvwjxfllHKFxsPlXHRuxtC":{"chainKey":{"counter":0,"key":"LfpYb8qeoT9GOwEgt1Q8nL6cxFp19k5bg1bkojceZKI="},"chainType":1,"messageKeys":{}}},"pendingPreKey":{"signedKeyId":0,"baseKey":"Ba55aDqaQJHW6qQSSHIyP/zAaW5a1FQCksoPph5vDApb","preKeyId":1686800}}},"version":"v1"}