{"_sessions":{"BU1sP4P0aBNW6x+l+WmV2akXrtrkGYckdG1ISS88yKMk":{"registrationId":1077552532,"currentRatchet":{"ephemeralKeyPair":{"pubKey":"Bd5Lee2JECiCBHgfoJAi9AiB17huq81NtZ56EAdpw9Rk","privKey":"MOUs8C29weSpiEjkRePhETIr0D/XSgfRRO0Kaj769Uc="},"lastRemoteEphemeralKey":"BRe3j6ZoKiUKbmrboQ30i0V9oTkxIFlWXatznpcoi1lH","previousCounter":0,"rootKey":"P6rKw0U2gXQHDq9dfq2FfK+iYXitfYTUYT1U9tXcdKY="},"indexInfo":{"baseKey":"BU1sP4P0aBNW6x+l+WmV2akXrtrkGYckdG1ISS88yKMk","baseKeyType":1,"closed":-1,"used":1716074382420,"created":1716074382420,"remoteIdentityKey":"BYXX9Ed5bJNK5sgJaKfHzZv+byWKojao07wh6Hwdlz1c"},"_chains":{"Bd5Lee2JECiCBHgfoJAi9AiB17huq81NtZ56EAdpw9Rk":{"chainKey":{"counter":0,"key":"LeNNDs2EYF3djhjuOH51ThqPMalrhIFy8/kgXSeQg8c="},"chainType":1,"messageKeys":{}}},"pendingPreKey":{"signedKeyId":1,"baseKey":"BU1sP4P0aBNW6x+l+WmV2akXrtrkGYckdG1ISS88yKMk","preKeyId":10435952}}},"version":"v1"}