{"_sessions":{"BVj9rWZ8FpgsePEqG+n2WJdIgIejW6cWir9vIoOFzgVH":{"registrationId":1908018336,"currentRatchet":{"ephemeralKeyPair":{"pubKey":"BdeQKtXwYfYOKCbwnv0PFAVGWpkh3DaEy7h897zRvhd+","privKey":"SNN0pA+O3VcW8nAdUICMgR8PyiTkjsQ8CI7INJ+Js2Q="},"lastRemoteEphemeralKey":"Ba860xqEaSakvffYtxg973SMGiIopW3vc5gqTuhuapJ9","previousCounter":0,"rootKey":"9oKqIYcevRD+bkV4G9OO6cDbpjVBz60N+GxebDd9FiE="},"indexInfo":{"baseKey":"BVj9rWZ8FpgsePEqG+n2WJdIgIejW6cWir9vIoOFzgVH","baseKeyType":1,"closed":-1,"used":1716074382823,"created":1716074382823,"remoteIdentityKey":"BRAqx1ehVZJthwvRxgZYcPqX+DSUCvY4ryrJxhzXvPBJ"},"_chains":{"BdeQKtXwYfYOKCbwnv0PFAVGWpkh3DaEy7h897zRvhd+":{"chainKey":{"counter":0,"key":"EUpNJc5zbJGVvWy4IVLRs3eJKz8WX6gRKxc+fVhbA0c="},"chainType":1,"messageKeys":{}}},"pendingPreKey":{"signedKeyId":0,"baseKey":"BVj9rWZ8FpgsePEqG+n2WJdIgIejW6cWir9vIoOFzgVH"}}},"version":"v1"}