{"_sessions":{"BRsMNCfXIwyeZMN/fOsIe3D9Lg05KAOestgVg7wMPtsB":{"registrationId":1902282181,"currentRatchet":{"ephemeralKeyPair":{"pubKey":"Bel2kGesvaBfgeF29TL9iqG/ZvB+76ivkL4Sdh51Y2wo","privKey":"qDACmQhWPA66E0PBeeIx85fo/IEUboHNPCdkEsPV/Xg="},"lastRemoteEphemeralKey":"BUh8sny+j7pUknJ+lMKHd0ZyZ4PuH/4fJbYtBOhpQGIu","previousCounter":0,"rootKey":"fwjGDbYPlpSKVzaUFjqgfdAWUdgC6JA3w9+kH1cXeHM="},"indexInfo":{"baseKey":"BRsMNCfXIwyeZMN/fOsIe3D9Lg05KAOestgVg7wMPtsB","baseKeyType":1,"closed":-1,"used":1716074382669,"created":1716074382669,"remoteIdentityKey":"Bbyg9y7vwQk3Tw5ZT7glI/MT7EOmVAzCv/PSdjpSr2Jm"},"_chains":{"Bel2kGesvaBfgeF29TL9iqG/ZvB+76ivkL4Sdh51Y2wo":{"chainKey":{"counter":0,"key":"MzA/sQS/bzwjWxUZ7BgDin/WUMxboxWPhQ1MPp3Wpvc="},"chainType":1,"messageKeys":{}}},"pendingPreKey":{"signedKeyId":0,"baseKey":"BRsMNCfXIwyeZMN/fOsIe3D9Lg05KAOestgVg7wMPtsB","preKeyId":10460093}}},"version":"v1"}