{"_sessions":{"BQ4rD828qTgOZrhimcQkT/+e+WtYiHTHDDTtDtCsL7Nu":{"registrationId":737685511,"currentRatchet":{"ephemeralKeyPair":{"pubKey":"BX/bG6XctZMdp2W+ADKfjocF13DqcT/8jQYF7m6o/1YG","privKey":"YMMHtORwTCZZ4dMxtDXHUHIFu1oqPN8Gc3EPkgR13mU="},"lastRemoteEphemeralKey":"BR+tdQm1amz0XSL4bavlIbe7rH3xZgrborpI3z9U5Shi","previousCounter":0,"rootKey":"JuG65ydU+VpQc9bX/apvF+4//vx4F2aIwUxNxPIN9OQ="},"indexInfo":{"baseKey":"BQ4rD828qTgOZrhimcQkT/+e+WtYiHTHDDTtDtCsL7Nu","baseKeyType":1,"closed":-1,"used":1716074382350,"created":1716074382350,"remoteIdentityKey":"BblquUjIhd89j3WWzck4EhCwNz79s0Cco2zEUFoc77ln"},"_chains":{"BX/bG6XctZMdp2W+ADKfjocF13DqcT/8jQYF7m6o/1YG":{"chainKey":{"counter":0,"key":"+8m5tQRX/pGQPQBqe9rhf+ozeWbivRNhAXY8XiY+aWU="},"chainType":1,"messageKeys":{}}},"pendingPreKey":{"signedKeyId":3,"baseKey":"BQ4rD828qTgOZrhimcQkT/+e+WtYiHTHDDTtDtCsL7Nu","preKeyId":11554480}}},"version":"v1"}