{"_sessions":{"BW53SgexuuzUljsQlYMRxub29t2drqCuKrUKGpYoF0Iy":{"registrationId":1661051139,"currentRatchet":{"ephemeralKeyPair":{"pubKey":"BZ366GzLZCdnIASpSd29o7Ir83X0mgsQQMn5HAmsgE9s","privKey":"uPVF+y+0vlqrOd0VYzpxfhraI4Zp9RAzakSFiP+LMlU="},"lastRemoteEphemeralKey":"BQ2NfXBTjTBGGNDN7nZEiVRUzAzJ02tKNEc2/PcFEgtf","previousCounter":0,"rootKey":"xSKuUjt0ACr71PjosHbd6fINmXZkJvdjP7ibdNc4kX0="},"indexInfo":{"baseKey":"BW53SgexuuzUljsQlYMRxub29t2drqCuKrUKGpYoF0Iy","baseKeyType":1,"closed":-1,"used":1716074382710,"created":1716074382710,"remoteIdentityKey":"BVCrmjNVFVNiq0zHAUobYlA0DXEp4GW+LlXhybTnus48"},"_chains":{"BZ366GzLZCdnIASpSd29o7Ir83X0mgsQQMn5HAmsgE9s":{"chainKey":{"counter":0,"key":"+NZdG3H2W0DbhRhB4C/i4Uqh2ud2HWuopLeMZJtH2mU="},"chainType":1,"messageKeys":{}}},"pendingPreKey":{"signedKeyId":0,"baseKey":"BW53SgexuuzUljsQlYMRxub29t2drqCuKrUKGpYoF0Iy","preKeyId":2560299}}},"version":"v1"}