{"_sessions":{"BSwYMRZF1RSLLYzuJX/NYPE2UJRiDiDQcqNH+BD9wYQP":{"registrationId":1674208955,"currentRatchet":{"ephemeralKeyPair":{"pubKey":"BRn05uKQJSp/xAxw43MSuldnagmeNs3EvT7nDzPOUYlt","privKey":"wDzw7bSKOKepQZYRXwwOIDuREVZnT2khMoX5Ctrs/3U="},"lastRemoteEphemeralKey":"BeLhLMvoPd4QRDoFWBPZ0iTfSGl4VUUy3GmJm49dQIZn","previousCounter":0,"rootKey":"s3zgqp5V3pdFCM1qWOCE5ortiX7yxFV5FaGR5vTk10c="},"indexInfo":{"baseKey":"BSwYMRZF1RSLLYzuJX/NYPE2UJRiDiDQcqNH+BD9wYQP","baseKeyType":1,"closed":-1,"used":1716074382907,"created":1716074382907,"remoteIdentityKey":"BaWhASKvVV4f0z5QGyTco+r7W/x3jxbC0gyEE3AdRrkh"},"_chains":{"BRn05uKQJSp/xAxw43MSuldnagmeNs3EvT7nDzPOUYlt":{"chainKey":{"counter":0,"key":"IjNmnkwa2lbjz9Tcw1IWufhDr/KcwEbGUHFysKegxiE="},"chainType":1,"messageKeys":{}}},"pendingPreKey":{"signedKeyId":1,"baseKey":"BSwYMRZF1RSLLYzuJX/NYPE2UJRiDiDQcqNH+BD9wYQP","preKeyId":6231015}}},"version":"v1"}