{"_sessions":{"BQXw5YzE5adE+gf+pYn0dZV+PVeBRVTRyYNZYsoib1ph":{"registrationId":314233541,"currentRatchet":{"ephemeralKeyPair":{"pubKey":"BQRzXIgCWNSvvK/zESvzWz/ZkK9IZYcv12x4OPjQgXh3","privKey":"kLA9NR4/+VZni8cAJF72M2WbnPjkXXeE8TF2b9Gh5Gw="},"lastRemoteEphemeralKey":"BdOrQHsy+qsjbDBx4Rg1ktTu250/LWDGrLT7mt49c9MK","previousCounter":0,"rootKey":"aX53lDlRttmLXp1z7IH8T9IepLEnUr59APx3mkhvLTc="},"indexInfo":{"baseKey":"BQXw5YzE5adE+gf+pYn0dZV+PVeBRVTRyYNZYsoib1ph","baseKeyType":1,"closed":-1,"used":1716074382758,"created":1716074382758,"remoteIdentityKey":"Bc5CjnoBvXHW6w4bva2FClWoVmPnIBwGXKn3dhju6qQw"},"_chains":{"BQRzXIgCWNSvvK/zESvzWz/ZkK9IZYcv12x4OPjQgXh3":{"chainKey":{"counter":0,"key":"E4yy9pUkO+GdoXXK4dmbc5Xd1xP/9GgvqJKyBPaksjE="},"chainType":1,"messageKeys":{}}},"pendingPreKey":{"signedKeyId":0,"baseKey":"BQXw5YzE5adE+gf+pYn0dZV+PVeBRVTRyYNZYsoib1ph","preKeyId":8866587}}},"version":"v1"}