{"_sessions":{"BRuzhsTrLPydvk400pDn7kIwHg1e9cMn0RtigiCmZVVD":{"registrationId":2090800155,"currentRatchet":{"ephemeralKeyPair":{"pubKey":"BeJOFhEidkGu9KYnyDzd3kQ+Y07FEBJ3mJixjPB14O4X","privKey":"mD0ae1EnEdtwL9kunHk5JidvOjC9+8E1uHG4R/7ROl0="},"lastRemoteEphemeralKey":"BVpo7znCpiHY7avmiWMrsa+uk8HZH1t1n3TGNvi+OoUd","previousCounter":0,"rootKey":"KPy6F6czqSk0gJ1XwYyd3IRgI6fIHj+sPL2yeNE8ptk="},"indexInfo":{"baseKey":"BRuzhsTrLPydvk400pDn7kIwHg1e9cMn0RtigiCmZVVD","baseKeyType":1,"closed":-1,"used":1716074382862,"created":1716074382862,"remoteIdentityKey":"BTWC6mrs6snTJraVmqpD7Gm8P/P3o7eqvnAZIfO2+dYN"},"_chains":{"BeJOFhEidkGu9KYnyDzd3kQ+Y07FEBJ3mJixjPB14O4X":{"chainKey":{"counter":0,"key":"MWE5miurw6CS6Qp3/HYRQgBLRlzHUZrPEsv/Ln5xeoY="},"chainType":1,"messageKeys":{}}},"pendingPreKey":{"signedKeyId":1,"baseKey":"BRuzhsTrLPydvk400pDn7kIwHg1e9cMn0RtigiCmZVVD","preKeyId":11817377}}},"version":"v1"}