{"_sessions":{"BUc2+/S1pY6YhOZ6movmptECsLRHmla7h44n+00uU9AX":{"registrationId":1000369649,"currentRatchet":{"ephemeralKeyPair":{"pubKey":"BWk+pwTaDJVZ/ZkHYgFnGzmcYGiX3yMN6754+1nBJmlc","privKey":"iHAhN2E87TE2SqYZxyEmHAXfXKPThYCO4d1SD6MLk1M="},"lastRemoteEphemeralKey":"BbjJLJEktzOl06vI8bv8s7VK8asVjuBe+Xo320HtOB9C","previousCounter":0,"rootKey":"uGTq2dkWg3cLdP/vlhh5TWhs331EtWwNzw/oExxqOJM="},"indexInfo":{"baseKey":"BUc2+/S1pY6YhOZ6movmptECsLRHmla7h44n+00uU9AX","baseKeyType":1,"closed":-1,"used":1716074382767,"created":1716074382767,"remoteIdentityKey":"BYS05ZH1BAf0Z/DKqF5sel50fjg+FTUKWS86LnnAQPA0"},"_chains":{"BWk+pwTaDJVZ/ZkHYgFnGzmcYGiX3yMN6754+1nBJmlc":{"chainKey":{"counter":0,"key":"NZBxhYlKmARY4/fZJJAPu33gESeC3w5K3aho9xRqI5s="},"chainType":1,"messageKeys":{}}},"pendingPreKey":{"signedKeyId":2,"baseKey":"BUc2+/S1pY6YhOZ6movmptECsLRHmla7h44n+00uU9AX","preKeyId":9538529}}},"version":"v1"}