{"_sessions":{"BRGq0CyGoXmCUrzjGLZH17jS27XaYgosehS+Ya0igo9U":{"registrationId":1008974477,"currentRatchet":{"ephemeralKeyPair":{"pubKey":"BZCs8vYCmWWD3yaxqkjpX1pV3XeStR21QSsbkJBTWsg2","privKey":"cCGR04TCg/h8KDPsH2fCgvA9FPoqOCMWtnLuPPpwy3s="},"lastRemoteEphemeralKey":"BTWohhyEqr1O5IPTZozqA9U4rt4exBXbFlBR1KpxWNhu","previousCounter":0,"rootKey":"d4RfzEDxTi8gJ7+xqZUa9VfiDwy5xXIsWX3CuGD31dQ="},"indexInfo":{"baseKey":"BRGq0CyGoXmCUrzjGLZH17jS27XaYgosehS+Ya0igo9U","baseKeyType":2,"closed":-1,"used":1716084996206,"created":1716084996206,"remoteIdentityKey":"BdCmZdavqgKEG+8OV3FPJEGbrY37S8W0u+fF/fJNRg5F"},"_chains":{"BTWohhyEqr1O5IPTZozqA9U4rt4exBXbFlBR1KpxWNhu":{"chainKey":{"counter":7,"key":"KFj/b7OG8RZGmxYHmwE9QOpfA4HWZ4k5t4iXymXxDb4="},"chainType":2,"messageKeys":{}},"BZCs8vYCmWWD3yaxqkjpX1pV3XeStR21QSsbkJBTWsg2":{"chainKey":{"counter":-1,"key":"NFZSWJLxuANR0F9K+ClGGfBwk2nVzFOisAsVKDptlkM="},"chainType":1,"messageKeys":{}}}}},"version":"v1"}