{"_sessions":{"BfyzmfkrzkdOO82RZinXC8lp14SOdp+526eUOCn+kcMb":{"registrationId":327628375,"currentRatchet":{"ephemeralKeyPair":{"pubKey":"BW5Uw0f8dP4EL4BizkNWJt1RtiN+yFGqgvTU3C1+qMYE","privKey":"cPI5Mf4cvkTFzOYKnWJ8Gv/QLDKdjZHPMMgl67RkZlM="},"lastRemoteEphemeralKey":"BRu0bNNJ4ZD9YAPDm0YIU+N7ZvE+KafnjUCrvtRcyCVM","previousCounter":0,"rootKey":"2efgkHkV1NOkHxiEnrp+18SnL64nm1CzqZd8C+TqsQo="},"indexInfo":{"baseKey":"BfyzmfkrzkdOO82RZinXC8lp14SOdp+526eUOCn+kcMb","baseKeyType":1,"closed":-1,"used":1716074382990,"created":1716074382990,"remoteIdentityKey":"BTrPk9NbEpDsvFES6SkamxzaiQbzozK2/yhkCZ5owO0S"},"_chains":{"BW5Uw0f8dP4EL4BizkNWJt1RtiN+yFGqgvTU3C1+qMYE":{"chainKey":{"counter":0,"key":"dBF9kZt5Rz6269+cCpc45KPkG+qfMx2+ZKuA+3zASkY="},"chainType":1,"messageKeys":{}}},"pendingPreKey":{"signedKeyId":0,"baseKey":"BfyzmfkrzkdOO82RZinXC8lp14SOdp+526eUOCn+kcMb","preKeyId":10543445}}},"version":"v1"}