{"_sessions":{"BVYv15Axn78qhU7zFanNzD9b8Hiqz7TWkIfyTC4vEHYe":{"registrationId":22345681,"currentRatchet":{"ephemeralKeyPair":{"pubKey":"BZeXpOaCmuYP1gnGX2e9SuNngzoNAvW32qY54p+tXjxo","privKey":"YMePIb3SGETmc05P3IRlYnHSUXmqvI7i6sFteR9hXEA="},"lastRemoteEphemeralKey":"BesunegpsBGdWELcQflr6YAXZHsh7KWzScQ23JCgZoJS","previousCounter":0,"rootKey":"ZuAdpDjMMVS8NEvywfYrbh0u8DZXoyv9sR4BkpLWtLE="},"indexInfo":{"baseKey":"BVYv15Axn78qhU7zFanNzD9b8Hiqz7TWkIfyTC4vEHYe","baseKeyType":1,"closed":-1,"used":1716074382539,"created":1716074382539,"remoteIdentityKey":"BaBOQlV5S7hILMQru6CnHR3LE5DUdq9KMQED6xCVREF2"},"_chains":{"BZeXpOaCmuYP1gnGX2e9SuNngzoNAvW32qY54p+tXjxo":{"chainKey":{"counter":0,"key":"ZIt4wbvEyG83yuAgnfvYy7BtmdrJq0xIh2jzZViPZIA="},"chainType":1,"messageKeys":{}}},"pendingPreKey":{"signedKeyId":2,"baseKey":"BVYv15Axn78qhU7zFanNzD9b8Hiqz7TWkIfyTC4vEHYe","preKeyId":15006015}}},"version":"v1"}