{"_sessions":{"BSXNAAWLnmrEnYJr3lSmYwp3V3rwQR9ur8BJoiCPE7di":{"registrationId":833665482,"currentRatchet":{"ephemeralKeyPair":{"pubKey":"BUGAAFe1zavq2wHNqbaT+b6TYdp+qEfP0Jv52/rE0/MX","privKey":"qKtg2BqwHSt6s5E/PPv6RLivH9CzY14UEPG6gd7PlmE="},"lastRemoteEphemeralKey":"Bb+aSdLwWLHccoHFqirto1oRGhneZCCw9KyjuHluvCR7","previousCounter":0,"rootKey":"ndJ0kRACBXbx+SLYaeW8j3BCj1s96/8qdQ1f5XqTBiY="},"indexInfo":{"baseKey":"BSXNAAWLnmrEnYJr3lSmYwp3V3rwQR9ur8BJoiCPE7di","baseKeyType":1,"closed":-1,"used":1716074382681,"created":1716074382681,"remoteIdentityKey":"BQOsLt1M6qS6cAw3HnsWwnHVBWHaZRcOlPM1+AfaJZB4"},"_chains":{"BUGAAFe1zavq2wHNqbaT+b6TYdp+qEfP0Jv52/rE0/MX":{"chainKey":{"counter":0,"key":"UrqEspRmTLhnHrT9igU0PalSckrN3d0V1tTmeS9MHZ8="},"chainType":1,"messageKeys":{}}},"pendingPreKey":{"signedKeyId":1,"baseKey":"BSXNAAWLnmrEnYJr3lSmYwp3V3rwQR9ur8BJoiCPE7di"}}},"version":"v1"}