{"_sessions":{"BcorWUFd6Rg1aZluNT2Q3g+pKncFaGLBSHFyPoOqBhE9":{"registrationId":1132311199,"currentRatchet":{"ephemeralKeyPair":{"pubKey":"BZBjegYP0y+fclK+fzm0pHCHZ2EqFemMy24iag495zVS","privKey":"OBOtH+qZ9HoSgp0PtzD4P9jC7HujJBPlQoInd/EGhFE="},"lastRemoteEphemeralKey":"BSF7TvqPgxXaHdAbvxNc9TnhDaEMGbr1U6zamb9HKHBR","previousCounter":0,"rootKey":"sjZQ1P1PL9oQWv7ZAYhkjKUSl+Zx7O7evjATsUpcp2k="},"indexInfo":{"baseKey":"BcorWUFd6Rg1aZluNT2Q3g+pKncFaGLBSHFyPoOqBhE9","baseKeyType":1,"closed":-1,"used":1716074382634,"created":1716074382634,"remoteIdentityKey":"BRdD32J0mYMozNXbkpgLDI3q3C+OvGPwYzcaoxCwGwx/"},"_chains":{"BZBjegYP0y+fclK+fzm0pHCHZ2EqFemMy24iag495zVS":{"chainKey":{"counter":0,"key":"KcnKB16Yg+yHnGpVp4KPBYZiwxKZFR2xJ7qfI6BoDWg="},"chainType":1,"messageKeys":{}}},"pendingPreKey":{"signedKeyId":2,"baseKey":"BcorWUFd6Rg1aZluNT2Q3g+pKncFaGLBSHFyPoOqBhE9","preKeyId":2058712}}},"version":"v1"}