{"_sessions":{"BX5eOdgczHx1McAwTHwmgbU/4+oDFjE3a/W17ufsRrlu":{"registrationId":460094717,"currentRatchet":{"ephemeralKeyPair":{"pubKey":"Bfa2bOE3AKRBzV1LJlsdtbxABdPbtkAXcAJ/Ir05aWpV","privKey":"qLMKlqi1zDZV3exEO3RGaDJET6z33LJj+ggBxZsleWw="},"lastRemoteEphemeralKey":"Bc7/34+XhLZXQ718WTpeLLoyO8Yh7pFylaI2GMC4YAVo","previousCounter":0,"rootKey":"kQRX3WqbooyPOg7/RvERLjTYR2jndunc+IGI05oRIWQ="},"indexInfo":{"baseKey":"BX5eOdgczHx1McAwTHwmgbU/4+oDFjE3a/W17ufsRrlu","baseKeyType":1,"closed":-1,"used":1716074382765,"created":1716074382765,"remoteIdentityKey":"Bc+ASuq1HXoMpcz0AfoI7bB0mn/+UAswrw7ThlyRLpJd"},"_chains":{"Bfa2bOE3AKRBzV1LJlsdtbxABdPbtkAXcAJ/Ir05aWpV":{"chainKey":{"counter":0,"key":"E15XfycFnxswFuALCfjUGaOD9N5pg5b7NHvD8BOdfHg="},"chainType":1,"messageKeys":{}}},"pendingPreKey":{"signedKeyId":6,"baseKey":"BX5eOdgczHx1McAwTHwmgbU/4+oDFjE3a/W17ufsRrlu","preKeyId":3869871}}},"version":"v1"}