{"_sessions":{"BQxGlwhiyq7Zty5Xo0njBbq8ZAD1+XdKDn9jO3NEl6gC":{"registrationId":975124694,"currentRatchet":{"ephemeralKeyPair":{"pubKey":"BRiGClQJGMgOhm05ZSKkr1RLUpoSOzK6d6MawZu46+hB","privKey":"wENlO7mcN5PKC7kxepuLIWGo9UrjMYnaiIhfekT10EE="},"lastRemoteEphemeralKey":"BTJXyDal1Ca4j4SZjitFpBgFFLESjC6WE8o6dCQkC+Mq","previousCounter":0,"rootKey":"TFtOvwu19Tqk8mXnUaOly8/qzkXnzQNKdEv0T9ptWWo="},"indexInfo":{"baseKey":"BQxGlwhiyq7Zty5Xo0njBbq8ZAD1+XdKDn9jO3NEl6gC","baseKeyType":1,"closed":-1,"used":1716074382970,"created":1716074382970,"remoteIdentityKey":"BdjAThuNLv+TJV5HuCwbl4wrktYFYYdGJnYHcU+2VZA1"},"_chains":{"BRiGClQJGMgOhm05ZSKkr1RLUpoSOzK6d6MawZu46+hB":{"chainKey":{"counter":0,"key":"+MC/LqvmcZFCbJs2i2pCiSpCVZ3QF+hO91ab5h8sZJI="},"chainType":1,"messageKeys":{}}},"pendingPreKey":{"signedKeyId":3,"baseKey":"BQxGlwhiyq7Zty5Xo0njBbq8ZAD1+XdKDn9jO3NEl6gC","preKeyId":8697765}}},"version":"v1"}