{"_sessions":{"BTj2HRK92dcCRqrZuZ4Oa4LpU6yY3d6xUOjYogy8On9l":{"registrationId":14114,"currentRatchet":{"ephemeralKeyPair":{"pubKey":"BUzaLpfN+omqKfwN9xnBKfUET1Ld3Hx1hJRzzzNwTAJd","privKey":"SFwFkRck6pU3QcSzzJQinQYPr3Ri/xAtQY5XZE7Ja2w="},"lastRemoteEphemeralKey":"BdCM8eKrF12sW7pnIGdgc4fwdA4BKnK5tYNrEDMe+R9H","previousCounter":0,"rootKey":"CdXFozwuI+go38C0bDFPflIyHqlNJbBvKlSIFvPKEuI="},"indexInfo":{"baseKey":"BTj2HRK92dcCRqrZuZ4Oa4LpU6yY3d6xUOjYogy8On9l","baseKeyType":1,"closed":-1,"used":1716074381789,"created":1716074381789,"remoteIdentityKey":"BVrXVswdwQWgVfopi1qWTFQ2sfeC0Pqg/vu6oQisJNBp"},"_chains":{"BUzaLpfN+omqKfwN9xnBKfUET1Ld3Hx1hJRzzzNwTAJd":{"chainKey":{"counter":0,"key":"ENh3XDNkGFGNupvQv/fOiw9koHvkQIlVGvhHz8GpFj0="},"chainType":1,"messageKeys":{}}},"pendingPreKey":{"signedKeyId":1,"baseKey":"BTj2HRK92dcCRqrZuZ4Oa4LpU6yY3d6xUOjYogy8On9l","preKeyId":289}}},"version":"v1"}