{"_sessions":{"BQ8rbBpPCLQeQCQVCFLpARS4/bk7qIfy+WymFpx+9wh6":{"registrationId":1374606982,"currentRatchet":{"ephemeralKeyPair":{"pubKey":"BSdUnPVEgvuIKLQepq30p24G5ExC2++NiHKFkOKgAFUJ","privKey":"IEiWuPMFp6Xvmzd7EVZVkgBGaQetRmPmvvcUzYHgeXg="},"lastRemoteEphemeralKey":"BS9LzkGoWmtT3cMe74dvEccCKzbgA7PIFJuhJ0CAjipY","previousCounter":0,"rootKey":"tI6cqdf7s9YCIjQuI1hOPbreXexLFLkgxwdaa24ulbo="},"indexInfo":{"baseKey":"BQ8rbBpPCLQeQCQVCFLpARS4/bk7qIfy+WymFpx+9wh6","baseKeyType":1,"closed":-1,"used":1716074382150,"created":1716074382150,"remoteIdentityKey":"BWpmHlBwYumtxJOYUhflsWLMDFkrrgclk3kEwgGG4VIg"},"_chains":{"BSdUnPVEgvuIKLQepq30p24G5ExC2++NiHKFkOKgAFUJ":{"chainKey":{"counter":0,"key":"zwmDNUlj0n0Nka49GWy8ekgH//SkX/My80uPvs8thAk="},"chainType":1,"messageKeys":{}}},"pendingPreKey":{"signedKeyId":24,"baseKey":"BQ8rbBpPCLQeQCQVCFLpARS4/bk7qIfy+WymFpx+9wh6","preKeyId":13492578}}},"version":"v1"}