{"_sessions":{"BS95i23+JwpJpNAicqyQzZDoZF0Hyv4PJOsCpa6Y4wwc":{"registrationId":1399866936,"currentRatchet":{"ephemeralKeyPair":{"pubKey":"BUZfEpL0GMYJV0LWmF3r/eS8xrcdSClCKn83KYbL1XMT","privKey":"wIyaSCjiDIGlHo8XkV0hYjxm41jdvsJ7cR2MW1OAa0Q="},"lastRemoteEphemeralKey":"BUih5AuAON9c7waZJWQ1HuVR6V9APhOmdN8yZsmlddUL","previousCounter":0,"rootKey":"wZRc00NKC8rhEl0AZupQL/Npyns+3rD2cKhuMDBXsxY="},"indexInfo":{"baseKey":"BS95i23+JwpJpNAicqyQzZDoZF0Hyv4PJOsCpa6Y4wwc","baseKeyType":1,"closed":-1,"used":1716074382567,"created":1716074382567,"remoteIdentityKey":"BZ2KfMqKU1IK7+OXTMl3pfDkBc9930LmKFNoWVkH2YNK"},"_chains":{"BUZfEpL0GMYJV0LWmF3r/eS8xrcdSClCKn83KYbL1XMT":{"chainKey":{"counter":0,"key":"7CtI/buwAuSXjR0o5KRp6VvSrFTcf4KVrVvfKyphlqQ="},"chainType":1,"messageKeys":{}}},"pendingPreKey":{"signedKeyId":1,"baseKey":"BS95i23+JwpJpNAicqyQzZDoZF0Hyv4PJOsCpa6Y4wwc","preKeyId":12920039}}},"version":"v1"}