{"_sessions":{"BQTJxrteZF0n+gAJ8Q5XJ6qpAyJIyIBUdfUvjPILahdF":{"registrationId":1341541641,"currentRatchet":{"ephemeralKeyPair":{"pubKey":"BVw7KjCSDNN6EEIqoWCOg7nhbX4DBHiEAU8bVsB+bPQJ","privKey":"oB2dnA+m+jslHKnaUjyyHcf4J7Srh8y8Km9j5F6+x30="},"lastRemoteEphemeralKey":"Bbp+ROlcP8vTIFQm3/18k++ynV2k62Wj6EGK39laeB9j","previousCounter":0,"rootKey":"hH+r7IP+I1kHI6bTjO6knBFCX9qhi69fB2qx21rd9cU="},"indexInfo":{"baseKey":"BQTJxrteZF0n+gAJ8Q5XJ6qpAyJIyIBUdfUvjPILahdF","baseKeyType":1,"closed":-1,"used":1716074382181,"created":1716074382181,"remoteIdentityKey":"BXak++cSjCRSPVkyxG32xwxpP0bYE8YOt5k8X5Xb3bF4"},"_chains":{"BVw7KjCSDNN6EEIqoWCOg7nhbX4DBHiEAU8bVsB+bPQJ":{"chainKey":{"counter":0,"key":"IJbL9v31QRu80Vh+F28tFdNzxm1tZA06xXiGxp2jpYE="},"chainType":1,"messageKeys":{}}},"pendingPreKey":{"signedKeyId":3,"baseKey":"BQTJxrteZF0n+gAJ8Q5XJ6qpAyJIyIBUdfUvjPILahdF","preKeyId":1846096}}},"version":"v1"}