{"_sessions":{"BZFtqzqnHAXAh07/Tes1eVfRIMARY9+08bpHxFXtfUkh":{"registrationId":1379158964,"currentRatchet":{"ephemeralKeyPair":{"pubKey":"BQLTOQBb4x4711aXxJ39u+RIK0sSlZWjrLLeoucIubVb","privKey":"MKM+1QjQsBui45f60CZGmDjqBxQfsPuHpUZq25ypsG8="},"lastRemoteEphemeralKey":"BZovMLH7OFJa5qS+Zx9KED+C/R0+BfvNdQ1Q5O7A5bQC","previousCounter":0,"rootKey":"Ze/3VBbqGcqvQJEnCJkl7ZTvq83/0Y+2haTvwzt3JM0="},"indexInfo":{"baseKey":"BZFtqzqnHAXAh07/Tes1eVfRIMARY9+08bpHxFXtfUkh","baseKeyType":1,"closed":-1,"used":1716074381664,"created":1716074381664,"remoteIdentityKey":"BTd4fTim2ZEKQgHXQErwRMVeD7d0UavNtyXytBSL2awT"},"_chains":{"BQLTOQBb4x4711aXxJ39u+RIK0sSlZWjrLLeoucIubVb":{"chainKey":{"counter":0,"key":"JYgYlpGjaHBpJ1EpjL8ydSRkdbaNCSmYdXIdL5n531c="},"chainType":1,"messageKeys":{}}},"pendingPreKey":{"signedKeyId":1,"baseKey":"BZFtqzqnHAXAh07/Tes1eVfRIMARY9+08bpHxFXtfUkh"}}},"version":"v1"}