{"_sessions":{"BcXcjIs8Js+tP3GsEvkidF1BOtpBDlTZRxbzg4NyImRk":{"registrationId":1457681018,"currentRatchet":{"ephemeralKeyPair":{"pubKey":"BbEwahcxtoqgMP2VDfaDJm57YlXUgQu2dznNMHZtQ9kB","privKey":"EFsNDjpbFmVaeUdwLQFxdCduSg+tKsgtiIvytaSSskI="},"lastRemoteEphemeralKey":"BQ3i+B1rSkYMyMD8CNztbp3JLPOVVKj9jrF3BQX5U/9U","previousCounter":0,"rootKey":"seOG8KVg81Lyf8cKw5TZOVEuDbaKX+JwhrC2SXxOHX8="},"indexInfo":{"baseKey":"BcXcjIs8Js+tP3GsEvkidF1BOtpBDlTZRxbzg4NyImRk","baseKeyType":1,"closed":-1,"used":1716074382222,"created":1716074382222,"remoteIdentityKey":"BdZqx15zjenxVgEOVboVcd3EAFmN5ZPHEsIVtpk4avhh"},"_chains":{"BbEwahcxtoqgMP2VDfaDJm57YlXUgQu2dznNMHZtQ9kB":{"chainKey":{"counter":0,"key":"YJ88WWcMqvH4HTPkvJcTCy0nXPmlb/k93YiO/GFME68="},"chainType":1,"messageKeys":{}}},"pendingPreKey":{"signedKeyId":13,"baseKey":"BcXcjIs8Js+tP3GsEvkidF1BOtpBDlTZRxbzg4NyImRk","preKeyId":5726539}}},"version":"v1"}