{"_sessions":{"Be0H0YW4/0FE4x5FcaQX/OEpr+dHLLRaa4jLzhS5WvdN":{"registrationId":1973632134,"currentRatchet":{"ephemeralKeyPair":{"pubKey":"BXDZg8R+vwqOMYJ7uUi23JVjy2vswmSpR7ONNsihn/ET","privKey":"UC0oNs2Pse7uTCMLu44oWHyNS7LKLLGUAptCdpH6DUg="},"lastRemoteEphemeralKey":"BaHmHrksj+52QmDeIylisT0vwfmGBoDeJQqUPAMforRQ","previousCounter":0,"rootKey":"dhK8ymlk5ypAIc4kVyHPiRA6rC0xGIAfSXw85fg0gM0="},"indexInfo":{"baseKey":"Be0H0YW4/0FE4x5FcaQX/OEpr+dHLLRaa4jLzhS5WvdN","baseKeyType":1,"closed":-1,"used":1716074382629,"created":1716074382629,"remoteIdentityKey":"BTi641MOm72iXDBZJvKQ9nwgN0f/EAVPAyRZFWGypCl3"},"_chains":{"BXDZg8R+vwqOMYJ7uUi23JVjy2vswmSpR7ONNsihn/ET":{"chainKey":{"counter":0,"key":"o0FWif6QIY+3g6q1HJDk7RuY/VBMngQmouEGS8nRNIY="},"chainType":1,"messageKeys":{}}},"pendingPreKey":{"signedKeyId":2,"baseKey":"Be0H0YW4/0FE4x5FcaQX/OEpr+dHLLRaa4jLzhS5WvdN","preKeyId":11512403}}},"version":"v1"}