{"_sessions":{"Bd16Wi8HnCP3ln5d88GiSelRG4FI5KdT5Yqgy0u7BtMH":{"registrationId":1103434381,"currentRatchet":{"ephemeralKeyPair":{"pubKey":"BROvE+dG598v8wteZYVYGO4sWfOhx1CWk0EwdaNk4SQy","privKey":"cPxvdhpYtI9KuqGj+UCbR9TCRRRUk8qrTuPVypqKiE0="},"lastRemoteEphemeralKey":"BcXqmuu1Wg1tOaZaKn+yskYUzb0xEKlh3/DQCUPmLWNZ","previousCounter":0,"rootKey":"PgeyRMX0Y9yHv55bQZCzsHAdYflnL1N9dTTZP77uYyU="},"indexInfo":{"baseKey":"Bd16Wi8HnCP3ln5d88GiSelRG4FI5KdT5Yqgy0u7BtMH","baseKeyType":1,"closed":-1,"used":1716074382237,"created":1716074382237,"remoteIdentityKey":"BUTWA56+qN3xGwG1P8mlopwsUKTH80nya5+SBP+Nsw4s"},"_chains":{"BROvE+dG598v8wteZYVYGO4sWfOhx1CWk0EwdaNk4SQy":{"chainKey":{"counter":0,"key":"FbqOjB8ga2tycPEAR3aGTMDdFbxhnKPbjiijWvoNvIM="},"chainType":1,"messageKeys":{}}},"pendingPreKey":{"signedKeyId":2,"baseKey":"Bd16Wi8HnCP3ln5d88GiSelRG4FI5KdT5Yqgy0u7BtMH","preKeyId":12092037}}},"version":"v1"}