{"_sessions":{"BUYZ14xqJAJg8u7PjKxmoa2FkxkCxYblvNt2NeOZKmIe":{"registrationId":1078916428,"currentRatchet":{"ephemeralKeyPair":{"pubKey":"BdaYnvE1zQ6gNyXdExDjSXli9CCNqn2MibgNY5Uw614P","privKey":"OK4sNbgyuZ8mkRhdC6At1tkfMU1ZsAZ6lq0Wc0jE70s="},"lastRemoteEphemeralKey":"Be4VoV1eACkmLRK6bwCxrSaXK1Kp4kSxsvbiCw0tuPYq","previousCounter":0,"rootKey":"dUE6EWimlwel482ffM5fAEQX4IABWLkwucmBl0OBQQ8="},"indexInfo":{"baseKey":"BUYZ14xqJAJg8u7PjKxmoa2FkxkCxYblvNt2NeOZKmIe","baseKeyType":1,"closed":-1,"used":1716074382713,"created":1716074382713,"remoteIdentityKey":"BdZVAWcB385mczqocmYTs97kRF/Zn/Efa4Xsv/jn+bRT"},"_chains":{"BdaYnvE1zQ6gNyXdExDjSXli9CCNqn2MibgNY5Uw614P":{"chainKey":{"counter":0,"key":"QiMMl89xBnbf8w6uPL5YTkvxnLfPkJA4QGd5g1ovJTw="},"chainType":1,"messageKeys":{}}},"pendingPreKey":{"signedKeyId":2,"baseKey":"BUYZ14xqJAJg8u7PjKxmoa2FkxkCxYblvNt2NeOZKmIe","preKeyId":13352689}}},"version":"v1"}