{"_sessions":{"BWvduIcX2iTMzPnzDCR56v3XfMOE+vBayn8HuF19taF1":{"registrationId":1207614631,"currentRatchet":{"ephemeralKeyPair":{"pubKey":"BSvxoY+ipOYhszxV2zFb4eILVhkhETq4HljXWWQzfU8b","privKey":"wE6x3kLRbB7ahmuRFroHJojum9oygxQH2p6zMDpu73Y="},"lastRemoteEphemeralKey":"BfRItZheD1+FOxvD32dt1yWUEALHC58w6fRct/hiGBZL","previousCounter":0,"rootKey":"0hW6FipjK8avKrAj0tIigAFP61gLroB3Pwu3GTdMpsk="},"indexInfo":{"baseKey":"BWvduIcX2iTMzPnzDCR56v3XfMOE+vBayn8HuF19taF1","baseKeyType":1,"closed":-1,"used":1716074382844,"created":1716074382844,"remoteIdentityKey":"BanhRwsKma7/mOIbyCClrijA7Ho3lLcAhluDQZm7Pnts"},"_chains":{"BSvxoY+ipOYhszxV2zFb4eILVhkhETq4HljXWWQzfU8b":{"chainKey":{"counter":0,"key":"k17rw8b1sKp8GFy49zsEIdzZWwawtoiziwKV9KTgwOQ="},"chainType":1,"messageKeys":{}}},"pendingPreKey":{"signedKeyId":1,"baseKey":"BWvduIcX2iTMzPnzDCR56v3XfMOE+vBayn8HuF19taF1"}}},"version":"v1"}