{"_sessions":{"BYFpEpjdoswWk8a+GadMh3QpTOP1y1RpWnAZ4ICEdRx6":{"registrationId":34595414,"currentRatchet":{"ephemeralKeyPair":{"pubKey":"BXOn0h7CZWaPk8npsgHelPiWMOcAriztNeJfsCACXfkj","privKey":"AAEc1cQM3URwBBqHA26q2wCBj0bDHjsHnyKiPqn7r2Q="},"lastRemoteEphemeralKey":"BWjh8krLNwTXmr7Rcoa+aVlzANL64zLOIF1xaTp3mZY5","previousCounter":0,"rootKey":"43teWcp8fjGKNEjL2J1Bd9C5iksqKYwCDcJ0XW7x5OY="},"indexInfo":{"baseKey":"BYFpEpjdoswWk8a+GadMh3QpTOP1y1RpWnAZ4ICEdRx6","baseKeyType":1,"closed":-1,"used":1716074382720,"created":1716074382720,"remoteIdentityKey":"Bb/Q2nXkywvPNjCzw1qECRYSSfERuiye+vPFym9B9/11"},"_chains":{"BXOn0h7CZWaPk8npsgHelPiWMOcAriztNeJfsCACXfkj":{"chainKey":{"counter":0,"key":"feFt3P0z0hwbMLeGn3JGXVLBm+bxrpQw0T1yyVkhX+Q="},"chainType":1,"messageKeys":{}}},"pendingPreKey":{"signedKeyId":34,"baseKey":"BYFpEpjdoswWk8a+GadMh3QpTOP1y1RpWnAZ4ICEdRx6","preKeyId":5786454}}},"version":"v1"}