{"_sessions":{"BaVjNCxj+9Fmd+uFdp5FQ7nFQ43zzK5CDg98ZtKnszpB":{"registrationId":971859511,"currentRatchet":{"ephemeralKeyPair":{"pubKey":"BXv4zh1yY4lBd+TbVTH68ifeM2jfExACIkPBSNACnS9E","privKey":"ED70345uTQB4qZDankJ/a2Bivp2LlIZt5A5DZI++C3g="},"lastRemoteEphemeralKey":"BU+q2Vnof3/Scbk5BJ0/ET252LgcxNHsjGRb4ET/85RI","previousCounter":0,"rootKey":"DUkj+nOJnPt4UGsXLwJiRP9l707UPi/ZSzxITC89SOk="},"indexInfo":{"baseKey":"BaVjNCxj+9Fmd+uFdp5FQ7nFQ43zzK5CDg98ZtKnszpB","baseKeyType":1,"closed":-1,"used":1716074382447,"created":1716074382447,"remoteIdentityKey":"BeDkWdoCWx5wy/Pdo6cGxkfUoa6XXe1LcMloQDi/TpZv"},"_chains":{"BXv4zh1yY4lBd+TbVTH68ifeM2jfExACIkPBSNACnS9E":{"chainKey":{"counter":0,"key":"Xpke5h+UkAb/80gL3d0OwitIa6uNjlxWU9P0PJJK/zU="},"chainType":1,"messageKeys":{}}},"pendingPreKey":{"signedKeyId":28,"baseKey":"BaVjNCxj+9Fmd+uFdp5FQ7nFQ43zzK5CDg98ZtKnszpB","preKeyId":13804993}}},"version":"v1"}