{"_sessions":{"BXYCGIKNKGeGgAgVYQhfAM/vn/twsTWq1KENe72yMa4o":{"registrationId":1437507356,"currentRatchet":{"ephemeralKeyPair":{"pubKey":"BSOO7pi73BWKCBItQH07sOMiDnxZVWgOQjXQbHelBDQ4","privKey":"AM3LA8hsr+6Swd7h5aF/fnc2t1t7NJQi6n6MuxA1JU0="},"lastRemoteEphemeralKey":"Bdh0gBkyPz0dAF8kYQBhyN9KFhuChQgf+QXeYMmaXjcz","previousCounter":0,"rootKey":"mGSAIxBHmrhNj4cNTD6m7GLMKDuN6AqdbXoRvv/jEUw="},"indexInfo":{"baseKey":"BXYCGIKNKGeGgAgVYQhfAM/vn/twsTWq1KENe72yMa4o","baseKeyType":1,"closed":-1,"used":1716074382503,"created":1716074382503,"remoteIdentityKey":"BXjgfysaUPuvXHTTm8XZuOfLICyrSNFSYQpTod3uJ08I"},"_chains":{"BSOO7pi73BWKCBItQH07sOMiDnxZVWgOQjXQbHelBDQ4":{"chainKey":{"counter":0,"key":"+BXXZhGFIlNf3veaCQfNKS5JI42SQeaUDGENHVjJ37o="},"chainType":1,"messageKeys":{}}},"pendingPreKey":{"signedKeyId":1,"baseKey":"BXYCGIKNKGeGgAgVYQhfAM/vn/twsTWq1KENe72yMa4o","preKeyId":9012704}}},"version":"v1"}