{"_sessions":{"BfxRUfDSsCScCIGPbv9xzAy5rnSEMNgEMnN93fcUpCkg":{"registrationId":1272273743,"currentRatchet":{"ephemeralKeyPair":{"pubKey":"BSovwBQL5AXaMstTLNlSwVNedxtb7+PQegC9Q9QeaScT","privKey":"qKoA3iu4KArg0EeUU8WwMfqZjRhgWTmzoWr/evD7d1o="},"lastRemoteEphemeralKey":"BezHExvjY7boLa4w3vmGHmmDMo2Shzj/MJsrFzKITZVh","previousCounter":0,"rootKey":"StSPybz+S5g7ixNUasFca4Fn5kmiK7W2JmVYyFzXzlY="},"indexInfo":{"baseKey":"BfxRUfDSsCScCIGPbv9xzAy5rnSEMNgEMnN93fcUpCkg","baseKeyType":1,"closed":-1,"used":1716074382639,"created":1716074382639,"remoteIdentityKey":"BcltOps9Y4WHiXAnSlZ7NOjfWsslCWBJds8yE0NUWL0e"},"_chains":{"BSovwBQL5AXaMstTLNlSwVNedxtb7+PQegC9Q9QeaScT":{"chainKey":{"counter":0,"key":"E25rSg3LzZ5yBvYWfCUhWIMOnPxcJOaNppQ22nxVLuU="},"chainType":1,"messageKeys":{}}},"pendingPreKey":{"signedKeyId":2,"baseKey":"BfxRUfDSsCScCIGPbv9xzAy5rnSEMNgEMnN93fcUpCkg"}}},"version":"v1"}