{"_sessions":{"BS6PH7+0Sp5VntGA6dOl1XY1tdbH/i6Vs4Lf9CHtqeoo":{"registrationId":1757157979,"currentRatchet":{"ephemeralKeyPair":{"pubKey":"BWuLR+O0J1X6PHvsz2lV5DUdJ3y6T9DxCJLpJN6UR290","privKey":"SGtfHZB+x829hJ4gpzTpQizsdvfP6DuP+lEOz0N0TkM="},"lastRemoteEphemeralKey":"BYiujTgBXLsTdrpo15aSqLDHnIE5pOvqHhL/WH8JagcQ","previousCounter":0,"rootKey":"TNzh8sNfAEiTVoT32UZAPsEW2z5wXlJJytayp7B9RL4="},"indexInfo":{"baseKey":"BS6PH7+0Sp5VntGA6dOl1XY1tdbH/i6Vs4Lf9CHtqeoo","baseKeyType":1,"closed":-1,"used":1716074383014,"created":1716074383014,"remoteIdentityKey":"BUKXrKzY9acQph2sqcLMevkappXjXNV9PuzqksFVI3tY"},"_chains":{"BWuLR+O0J1X6PHvsz2lV5DUdJ3y6T9DxCJLpJN6UR290":{"chainKey":{"counter":0,"key":"nlkH6h1qChswFNMr20hx+RyIXoug40m0VjJDwPyY8c4="},"chainType":1,"messageKeys":{}}},"pendingPreKey":{"signedKeyId":2,"baseKey":"BS6PH7+0Sp5VntGA6dOl1XY1tdbH/i6Vs4Lf9CHtqeoo"}}},"version":"v1"}