{"_sessions":{"BeFWewkHBvfZtxB4NVnlReC+JUZZzYtGwBfDLiWPK5Mk":{"registrationId":941417410,"currentRatchet":{"ephemeralKeyPair":{"pubKey":"BU4d/+tVkX5GShRf5t1LPeidCqCwsB8u3ItzFAj+RzYv","privKey":"IKbo2wdNkjzxdLIRPkXhiauREyr0+j9tFXrrddg/K1M="},"lastRemoteEphemeralKey":"BZ3OEhunv9Vn/xAKfkS+t1o3vPQv2xu6mVpEICWUdiNu","previousCounter":0,"rootKey":"A4/8JyG6NvozW+TYgob/n5ONovoBMGYpL6vb9e9Tt2g="},"indexInfo":{"baseKey":"BeFWewkHBvfZtxB4NVnlReC+JUZZzYtGwBfDLiWPK5Mk","baseKeyType":1,"closed":-1,"used":1716074382627,"created":1716074382627,"remoteIdentityKey":"BTTm3OGQVCd6ODo7XAQq5XdgIHZ2YMMggoLU8Tj0JIZb"},"_chains":{"BU4d/+tVkX5GShRf5t1LPeidCqCwsB8u3ItzFAj+RzYv":{"chainKey":{"counter":0,"key":"zvPApOfheVOqNkkWeTFAw0oKeF13JjIMthgR+PjdOOA="},"chainType":1,"messageKeys":{}}},"pendingPreKey":{"signedKeyId":11,"baseKey":"BeFWewkHBvfZtxB4NVnlReC+JUZZzYtGwBfDLiWPK5Mk","preKeyId":11930087}}},"version":"v1"}