{"_sessions":{"BclcAyvxxJaQlhqSudgM+IdFPrC/wqvLSVxTuuX66G8G":{"registrationId":11164,"currentRatchet":{"ephemeralKeyPair":{"pubKey":"BSZWpfhmJxUT9kQ/fMHCJ54jfwgPegc5wsaLLvKQsEY5","privKey":"eO13EhCjCZtQeKD13/XqZrGw8n5bhYnWo8cZXcNH/24="},"lastRemoteEphemeralKey":"BUUDnkQdqEuWk4f111M9KQFeHKTjaic5h+JJpwwlwTo4","previousCounter":0,"rootKey":"SnIyrDsfE0XJ/Q4MlTDQZDKk8AGznOaxSZtXKTysKOo="},"indexInfo":{"baseKey":"BclcAyvxxJaQlhqSudgM+IdFPrC/wqvLSVxTuuX66G8G","baseKeyType":1,"closed":-1,"used":1716074381670,"created":1716074381670,"remoteIdentityKey":"BRtPlvSsNy4U3fjmEAZp0avwK2dZFnY44gHSom/d6yFg"},"_chains":{"BSZWpfhmJxUT9kQ/fMHCJ54jfwgPegc5wsaLLvKQsEY5":{"chainKey":{"counter":0,"key":"fdQjbCyMepcxYDopN7pNbXJVDHz1BB9hHbevmmBbw4s="},"chainType":1,"messageKeys":{}}},"pendingPreKey":{"signedKeyId":1,"baseKey":"BclcAyvxxJaQlhqSudgM+IdFPrC/wqvLSVxTuuX66G8G","preKeyId":631}}},"version":"v1"}