{"_sessions":{"BVKciMk9G7LUkw76VYE7vGIpUp5nJiFsVUFp2PJtcG4y":{"registrationId":264693293,"currentRatchet":{"ephemeralKeyPair":{"pubKey":"BYE2BlQ9XCw0pNwS6Q3KODko40I8yPMzcz7Htoak9e9x","privKey":"wPX/3SRkK3DGDT+Phc8AQs3WzWCx/knqTyH1GDxbe1s="},"lastRemoteEphemeralKey":"BfidgvArNdSVPxjmsUTKLqre5RrUqTZDQYaUK9c9JfMH","previousCounter":0,"rootKey":"0NfLHHgaZbHb+rD99fP5zEIcr4CTonf0PVvIS7avha4="},"indexInfo":{"baseKey":"BVKciMk9G7LUkw76VYE7vGIpUp5nJiFsVUFp2PJtcG4y","baseKeyType":1,"closed":-1,"used":1716074382339,"created":1716074382339,"remoteIdentityKey":"BaxPBaNDlSNsrUBuLk6Q5Z8hZKoOZBDeXommTMn+IGZP"},"_chains":{"BYE2BlQ9XCw0pNwS6Q3KODko40I8yPMzcz7Htoak9e9x":{"chainKey":{"counter":0,"key":"xeUT9NWvmjNgtXdJeZC19IqzuW1wDQ5HCUFhHnnaswM="},"chainType":1,"messageKeys":{}}},"pendingPreKey":{"signedKeyId":3408409,"baseKey":"BVKciMk9G7LUkw76VYE7vGIpUp5nJiFsVUFp2PJtcG4y","preKeyId":4323}}},"version":"v1"}