{"_sessions":{"BS1ZK/nC+KI/v86iA7PGSFIHvexN+Fx9YsBot4TpIXE7":{"registrationId":1485245966,"currentRatchet":{"ephemeralKeyPair":{"pubKey":"BaJmp4hrScB/gJndqv6G+OtBTgEm2dDy16akhs05yzAl","privKey":"yPjMJ74Sf9ZmyvfRzZX4JlWPWx0v7CAtZUHilXIb2Wk="},"lastRemoteEphemeralKey":"BQZfLNb2JvcAi77JC366KLf53HmlLfZT+2zL2VMU5XRo","previousCounter":0,"rootKey":"+FmfsFtRUdCt4VMoX7rSFnBvsEwGkcxbhfWF98nxI5U="},"indexInfo":{"baseKey":"BS1ZK/nC+KI/v86iA7PGSFIHvexN+Fx9YsBot4TpIXE7","baseKeyType":1,"closed":-1,"used":1716074382228,"created":1716074382228,"remoteIdentityKey":"BdaO4FS3BO5DAc2wfi+WFQRfSZ4sB7VeVa6PRejHfrMt"},"_chains":{"BaJmp4hrScB/gJndqv6G+OtBTgEm2dDy16akhs05yzAl":{"chainKey":{"counter":0,"key":"G00Dsuy2TOPPr6WZk92idmizb5L+7PUaNSXGBQca1mM="},"chainType":1,"messageKeys":{}}},"pendingPreKey":{"signedKeyId":3,"baseKey":"BS1ZK/nC+KI/v86iA7PGSFIHvexN+Fx9YsBot4TpIXE7"}}},"version":"v1"}