{"_sessions":{"BVELYEfHVxsKBJFpdRld2IDXASMl4xqPzAjmEv6hJHMv":{"registrationId":1445212809,"currentRatchet":{"ephemeralKeyPair":{"pubKey":"BZo+mwygNWv33X4g/Nj6iuL/oq1Nkv+ckT4Tln4bQ/g/","privKey":"wKmEfb0uNxX8gNKpuJ8CvpFM/o38estmj0czEf49f2c="},"lastRemoteEphemeralKey":"BYe19zl0CKrYH5J62ScJb7BvZFfwznTNJiLj3u+fnOQH","previousCounter":0,"rootKey":"V14XjVDW2AFfyvJSs/e2JVDtrk5UwJHdBAzaeZ0icCk="},"indexInfo":{"baseKey":"BVELYEfHVxsKBJFpdRld2IDXASMl4xqPzAjmEv6hJHMv","baseKeyType":1,"closed":-1,"used":1716074382153,"created":1716074382153,"remoteIdentityKey":"Bdc9+vFIFiRJElTzE45X35zmVU9TAtDKdQTTALNiWo0P"},"_chains":{"BZo+mwygNWv33X4g/Nj6iuL/oq1Nkv+ckT4Tln4bQ/g/":{"chainKey":{"counter":0,"key":"HDxYssiYlAyp/Ck51Y0t/Z1hjPC2IgTc8SaEh+TGcho="},"chainType":1,"messageKeys":{}}},"pendingPreKey":{"signedKeyId":15012939,"baseKey":"BVELYEfHVxsKBJFpdRld2IDXASMl4xqPzAjmEv6hJHMv","preKeyId":15758}}},"version":"v1"}