{"_sessions":{"BWNJPF0dFDqoLEKwAkIznENZLcb+X8uiq9rjvgYvo5l8":{"registrationId":776299030,"currentRatchet":{"ephemeralKeyPair":{"pubKey":"BUV56EslANnCZc4SoZlIVsApucLzJ1Tc3/HN6o0fD/pl","privKey":"KK5lb1eI0PVpIP+e7LKy0yTWJlpzTi0DgIEXqXOMbXQ="},"lastRemoteEphemeralKey":"BTw6W4KY9JiSSNYjCoHTBxrG80U5RGigr5jLfRL4RuU4","previousCounter":0,"rootKey":"g0kN53Knb5STBuEjGM9u5dGE7CvkfwHKhPY65q5A7ck="},"indexInfo":{"baseKey":"BWNJPF0dFDqoLEKwAkIznENZLcb+X8uiq9rjvgYvo5l8","baseKeyType":1,"closed":-1,"used":1716074382573,"created":1716074382573,"remoteIdentityKey":"BT1sAgZnyHVbkUnnrvcEfjPEi9DYnihW7CGNtYaj7eQP"},"_chains":{"BUV56EslANnCZc4SoZlIVsApucLzJ1Tc3/HN6o0fD/pl":{"chainKey":{"counter":0,"key":"HL+nG1jz+TuYRwoPxEX+aie+AGkWa9cqCPXVz+NIbzY="},"chainType":1,"messageKeys":{}}},"pendingPreKey":{"signedKeyId":2,"baseKey":"BWNJPF0dFDqoLEKwAkIznENZLcb+X8uiq9rjvgYvo5l8","preKeyId":16276036}}},"version":"v1"}