{"_sessions":{"BZWJge8ciLHpo8ciIYcBNj9tMnq6GlYVyKj3GhpZspMz":{"registrationId":591481420,"currentRatchet":{"ephemeralKeyPair":{"pubKey":"BYoRKcCB3HiLECQIwl22gnMzkEycw7GXCG8yoxuX+WRu","privKey":"GMrjtM7mGZyaM8X97UKTgG/XdwkUMHDE5k9KO8r3lHA="},"lastRemoteEphemeralKey":"BfFzva2Oyft8Z8j6026IZ6BhYGjoB5TDTNIYhWqkx69D","previousCounter":0,"rootKey":"7jblvstVEGk6LGQdAhlGCef9HesU81yKcKlsbEvHOHc="},"indexInfo":{"baseKey":"BZWJge8ciLHpo8ciIYcBNj9tMnq6GlYVyKj3GhpZspMz","baseKeyType":1,"closed":-1,"used":1716074382482,"created":1716074382482,"remoteIdentityKey":"BV5aG4VDEhOSAz9xY6cq06sW0jK+xWDg+8Btw5Xa+jBH"},"_chains":{"BYoRKcCB3HiLECQIwl22gnMzkEycw7GXCG8yoxuX+WRu":{"chainKey":{"counter":0,"key":"RJcWWeqxiuHFk3N+j+8dRh+lbmd23Ewak/b9l7bTW0U="},"chainType":1,"messageKeys":{}}},"pendingPreKey":{"signedKeyId":9490978,"baseKey":"BZWJge8ciLHpo8ciIYcBNj9tMnq6GlYVyKj3GhpZspMz","preKeyId":6230}}},"version":"v1"}