{"_sessions":{"BW3gWWeAzHuT/HLQA3MYUUPlpkdioMudhmVQN2IsEFdP":{"registrationId":1897937246,"currentRatchet":{"ephemeralKeyPair":{"pubKey":"BTFxrz1a9xwcyBYst2XOElHrYrRWLXvMvpamXrhUMYJC","privKey":"GMEU+zGK1m3OVb8MiQjrRq/uWKCqtsTbeICjxRXyGGw="},"lastRemoteEphemeralKey":"BQUEDOnEgTSv580xnXa7o2hUMDCEXq2SlX5hKM4plmE5","previousCounter":0,"rootKey":"uFfCKktkIdDOAZ2v1GnrqN4zZZhunFinyq5W6Lt/dWw="},"indexInfo":{"baseKey":"BW3gWWeAzHuT/HLQA3MYUUPlpkdioMudhmVQN2IsEFdP","baseKeyType":1,"closed":-1,"used":1716074382200,"created":1716074382200,"remoteIdentityKey":"BTKy9EIG3k1QktuMHYKJ6ETHt7Qj/VSHPBEE1zZDOOxS"},"_chains":{"BTFxrz1a9xwcyBYst2XOElHrYrRWLXvMvpamXrhUMYJC":{"chainKey":{"counter":0,"key":"fKONyLKaq0kp2OyrEpCIBOxOMB/Ee4h3EZoQHGOUkuY="},"chainType":1,"messageKeys":{}}},"pendingPreKey":{"signedKeyId":7431804,"baseKey":"BW3gWWeAzHuT/HLQA3MYUUPlpkdioMudhmVQN2IsEFdP","preKeyId":9718}}},"version":"v1"}