{"_sessions":{"BetSa3xjcyWRqJpoEnbXYSUGA5XnbjjGbPGaFgy4n7xN":{"registrationId":627642812,"currentRatchet":{"ephemeralKeyPair":{"pubKey":"BUPQ1g9Rtm5j5SAe4iQwtRawttCWvDG+/wezzxJW+mYz","privKey":"yHSLDuRYv9GqgouY8g3Ip7L5bzbb+i5rApEzBksH9lw="},"lastRemoteEphemeralKey":"Bc1dp1nMY4pIoqvykTXkJknIsiq/6MFIebtoPkrfCowA","previousCounter":0,"rootKey":"P/cLJsXmIbEtnyRjjicZj0fUCiXMoAH3bQ1lQuKFYhk="},"indexInfo":{"baseKey":"BetSa3xjcyWRqJpoEnbXYSUGA5XnbjjGbPGaFgy4n7xN","baseKeyType":1,"closed":-1,"used":1716074382186,"created":1716074382186,"remoteIdentityKey":"Be8rs/6iWr6+oqRz/6u72wiuCqGTSGADVr4lFAhT6egx"},"_chains":{"BUPQ1g9Rtm5j5SAe4iQwtRawttCWvDG+/wezzxJW+mYz":{"chainKey":{"counter":0,"key":"bBesyc130XQ120ZkBagz+V1/Nx4qK/unVGtGJX6Quuo="},"chainType":1,"messageKeys":{}}},"pendingPreKey":{"signedKeyId":0,"baseKey":"BetSa3xjcyWRqJpoEnbXYSUGA5XnbjjGbPGaFgy4n7xN","preKeyId":5914324}}},"version":"v1"}