{"_sessions":{"BYVRKF7m5T46x9eVyD52KJOuW1OtleW3zHHyyhjorq0T":{"registrationId":1150170174,"currentRatchet":{"ephemeralKeyPair":{"pubKey":"BWUvb89PwgQHK8yChOBmlPBaQAx2op0Md8+2FPnkdal0","privKey":"WF72k9i4/dI2bO+bE4dYG6Cgg3j04RgqprYXutGsp3E="},"lastRemoteEphemeralKey":"BXZDeGBn3FbOm2fVGJnuOq4jD6c6frop6+JHyiJM+eB1","previousCounter":0,"rootKey":"lBihfPI4TwKY8xmXM0HE3ssaHy2D0jyD1aAz2hpk6OE="},"indexInfo":{"baseKey":"BYVRKF7m5T46x9eVyD52KJOuW1OtleW3zHHyyhjorq0T","baseKeyType":1,"closed":-1,"used":1716074382292,"created":1716074382292,"remoteIdentityKey":"Bd2ajkFH0yeAI6NAPH7W0BEeSL0bMcFqfDzsaXJl74c8"},"_chains":{"BWUvb89PwgQHK8yChOBmlPBaQAx2op0Md8+2FPnkdal0":{"chainKey":{"counter":0,"key":"jDzZdiRED+mr6QtEd+LwU+frPfge2et1yN578qS+Q+c="},"chainType":1,"messageKeys":{}}},"pendingPreKey":{"signedKeyId":14204134,"baseKey":"BYVRKF7m5T46x9eVyD52KJOuW1OtleW3zHHyyhjorq0T","preKeyId":39913}}},"version":"v1"}