{"_sessions":{"BToOgwjmT+8bjru/A+kyJiR2BdWemKMJ233HQTcPUfJe":{"registrationId":9418,"currentRatchet":{"ephemeralKeyPair":{"pubKey":"BbEUUSd31iuGTwqEdKgwgdc90+WC/Xn15YNu/YhIogFn","privKey":"aApRYWUIjVSx93ph2H2A6zWX8Q14I7Odgh3g3XAD7GE="},"lastRemoteEphemeralKey":"BVnKoQaQPlHS/oJkvryoFaekZiSf/lDR1cA5g9a5+d1q","previousCounter":0,"rootKey":"J9pSO7uiNNbdeDvcYYEmcLDJnX8Ns8KZeR377cNDhKo="},"indexInfo":{"baseKey":"BToOgwjmT+8bjru/A+kyJiR2BdWemKMJ233HQTcPUfJe","baseKeyType":1,"closed":-1,"used":1716074381752,"created":1716074381752,"remoteIdentityKey":"BbZZymHJtajPONrLSImS6yr/O3RWUhuMLq4GkL370WJH"},"_chains":{"BbEUUSd31iuGTwqEdKgwgdc90+WC/Xn15YNu/YhIogFn":{"chainKey":{"counter":0,"key":"qRnCa0A5a5s/0L/maFzxQKru7Xo78d8WUWlKDehQJ3E="},"chainType":1,"messageKeys":{}}},"pendingPreKey":{"signedKeyId":2,"baseKey":"BToOgwjmT+8bjru/A+kyJiR2BdWemKMJ233HQTcPUfJe","preKeyId":3711}}},"version":"v1"}