{"_sessions":{"Bc4qKG4oJOUlaJ1JbwBWJA6ng72XW92lOYd5qFc/rOs4":{"registrationId":1988959149,"currentRatchet":{"ephemeralKeyPair":{"pubKey":"BfP0BUlDfyQyA6slK081lEs0nVilC7LIS66cV/fse81x","privKey":"4GqoOnZMarAOyAsvjhKyf9X0BlWLDBTn57Bi/+BjQXo="},"lastRemoteEphemeralKey":"BcqpiIGtLz1KR2fKUjxAUr09lnEb7tXr0VpF4UrJXqIq","previousCounter":0,"rootKey":"JXSXqaEDXQQQZz57SgXAdGfZ/4TvgBQvk4VHf9dtXLI="},"indexInfo":{"baseKey":"Bc4qKG4oJOUlaJ1JbwBWJA6ng72XW92lOYd5qFc/rOs4","baseKeyType":1,"closed":-1,"used":1716074382961,"created":1716074382961,"remoteIdentityKey":"BVcZoVqnB2L6lmDvRaCVog8dvDgPF2RKDJb1feH6kK17"},"_chains":{"BfP0BUlDfyQyA6slK081lEs0nVilC7LIS66cV/fse81x":{"chainKey":{"counter":0,"key":"tGQ5qjhifSjUz9orkaiqr7yUIW/adbbNyJVsRCdz4aQ="},"chainType":1,"messageKeys":{}}},"pendingPreKey":{"signedKeyId":0,"baseKey":"Bc4qKG4oJOUlaJ1JbwBWJA6ng72XW92lOYd5qFc/rOs4","preKeyId":7161014}}},"version":"v1"}