{"_sessions":{"BVb3etZUikOwMXKjWZay7LOlPa06f2sB8D8rf2farFQR":{"registrationId":1738,"currentRatchet":{"ephemeralKeyPair":{"pubKey":"BWdPQenZeXlj79knEGZPC5Mh0X1ZdaogaIoZoDXbAeEQ","privKey":"oHfg9V2FNB4vuxffeBepy/jxUTdCiX1b3pE/87CJWGQ="},"lastRemoteEphemeralKey":"BbQAd7yEZxIOqJ3F2VgafViMpVfBeLmGUmDgFmYjh9MU","previousCounter":0,"rootKey":"AxG2c3k/+nwI4uIdrfNkuwFlR6ZKkjaA/QcVWMJNCHs="},"indexInfo":{"baseKey":"BVb3etZUikOwMXKjWZay7LOlPa06f2sB8D8rf2farFQR","baseKeyType":1,"closed":-1,"used":1716074381756,"created":1716074381756,"remoteIdentityKey":"BUqJ1x/2Do+bdCSKI721KPIHcFkemSeo/anBj0Snc1gK"},"_chains":{"BWdPQenZeXlj79knEGZPC5Mh0X1ZdaogaIoZoDXbAeEQ":{"chainKey":{"counter":0,"key":"tV/oxPWR9eN+AkdhbtEhDvO+/v/JFcSiMP7MfxkxK0E="},"chainType":1,"messageKeys":{}}},"pendingPreKey":{"signedKeyId":1,"baseKey":"BVb3etZUikOwMXKjWZay7LOlPa06f2sB8D8rf2farFQR"}}},"version":"v1"}