{"_sessions":{"BV/zEGRCfS0yhJnOoTn3MQYV7/QWUM5NVyP7BmHANfNe":{"registrationId":555435222,"currentRatchet":{"ephemeralKeyPair":{"pubKey":"Be9oY2lhVjLRuNASGRxv1x3avTrp8S4hn3/3DIIG+WNC","privKey":"4GstKUtKdRKgw9+tSLHFUG5smrXvq2lISGXfA/QIP14="},"lastRemoteEphemeralKey":"BclIZK6Q0NezyJGan+6iavh/vbAC4CzbZRZXYSZzm1Q2","previousCounter":0,"rootKey":"+ErBTZoHgzSTVhEETe1ZKoqP4ZaYoER0ZxOOr9MlnkQ="},"indexInfo":{"baseKey":"BV/zEGRCfS0yhJnOoTn3MQYV7/QWUM5NVyP7BmHANfNe","baseKeyType":1,"closed":-1,"used":1716074382914,"created":1716074382914,"remoteIdentityKey":"BZfJF6h+/km4wFGj7zsBt9ozNMgcdqoQ9ct29XBqHrtW"},"_chains":{"Be9oY2lhVjLRuNASGRxv1x3avTrp8S4hn3/3DIIG+WNC":{"chainKey":{"counter":0,"key":"qDaopPcDAUGnDwwDyYN7tR47SC4XsuZIEp9eVy6nQAY="},"chainType":1,"messageKeys":{}}},"pendingPreKey":{"signedKeyId":2,"baseKey":"BV/zEGRCfS0yhJnOoTn3MQYV7/QWUM5NVyP7BmHANfNe","preKeyId":13599294}}},"version":"v1"}