{"_sessions":{"Bar0pfrP0JDEYIeJzwjmrmImzOTVsGjQY3xz908leVIz":{"registrationId":1072918756,"currentRatchet":{"ephemeralKeyPair":{"pubKey":"Ba2K7oSBnPWwSV2Fe1BB/WLrGz9MRCJLmGJhVtE1u04w","privKey":"0LatxhMhcCFomDSXHTgfCQbIc3TK0Qw47ppylr9Q82o="},"lastRemoteEphemeralKey":"BTuWpkoXBgtUL3jGhoMEaxnBoaLfu0a0mFOHz/FV47o4","previousCounter":0,"rootKey":"8NmAZwws1fOHz+9MAgVo+6kOmrCqJDjMzTkwdoR8+PY="},"indexInfo":{"baseKey":"Bar0pfrP0JDEYIeJzwjmrmImzOTVsGjQY3xz908leVIz","baseKeyType":1,"closed":-1,"used":1716074381831,"created":1716074381831,"remoteIdentityKey":"BQRCfPUP0mj7/86sCKrCjfcB/YcRyqkFuHZJ271r7Fd4"},"_chains":{"Ba2K7oSBnPWwSV2Fe1BB/WLrGz9MRCJLmGJhVtE1u04w":{"chainKey":{"counter":0,"key":"t3TGxdAM6PivxrZMCnvVw7T8SJjgvRu4sgAKFgJo0Os="},"chainType":1,"messageKeys":{}}},"pendingPreKey":{"signedKeyId":1,"baseKey":"Bar0pfrP0JDEYIeJzwjmrmImzOTVsGjQY3xz908leVIz"}}},"version":"v1"}