{"_sessions":{"BXtFOMXcrgJxSNtOrxxUO8+up20Zd+bOZRsDmw7+8m1k":{"registrationId":2035585077,"currentRatchet":{"ephemeralKeyPair":{"pubKey":"BavPGyxoxXv0bMBJWjIjhZ+PEdt14pxJgrAIROKA/39f","privKey":"aMwLzS64PtlAUYj2haZJfkufjOprlERVoYVmL7Bl1m4="},"lastRemoteEphemeralKey":"BQyldtunec7GynpIR5yRBelofcLSeEMpi5AA7Hfv0Aw3","previousCounter":0,"rootKey":"tIQ6o8wbzyZgAA/zAKUsJJ2NQJBDEb1YiLhCochRxPI="},"indexInfo":{"baseKey":"BXtFOMXcrgJxSNtOrxxUO8+up20Zd+bOZRsDmw7+8m1k","baseKeyType":1,"closed":-1,"used":1716074382443,"created":1716074382443,"remoteIdentityKey":"BYCLYl1Z0oS1GnjDIZZIjhiBTeE4XazXaowN6xvbIttI"},"_chains":{"BavPGyxoxXv0bMBJWjIjhZ+PEdt14pxJgrAIROKA/39f":{"chainKey":{"counter":0,"key":"az0f7Aq0NFvmMpzpCM11CyZ2z+K2a7vVWYnc7d5Ink4="},"chainType":1,"messageKeys":{}}},"pendingPreKey":{"signedKeyId":3,"baseKey":"BXtFOMXcrgJxSNtOrxxUO8+up20Zd+bOZRsDmw7+8m1k","preKeyId":2460353}}},"version":"v1"}