{"_sessions":{"BRcHTKwh+8y8NEPnoxJTtfkUPsiFRx/mP2BXCme1LAso":{"registrationId":1331826278,"currentRatchet":{"ephemeralKeyPair":{"pubKey":"BYcGEYUjHQY6GKGMllAQUWfB8CE8YkR05zVjRQPaK1QR","privKey":"cBkxY01cB7IH/h+k7JsxnV0q4HyUasVjy1mfDoJqn3M="},"lastRemoteEphemeralKey":"Bd+w0rrWizQ/N+tIJlLwAypFtzXmDQu0TyfVuKTlZcJ6","previousCounter":0,"rootKey":"TFh5HzQA80eb2HTZe7psJyiPshRx8QUNKCeRfh8xrKw="},"indexInfo":{"baseKey":"BRcHTKwh+8y8NEPnoxJTtfkUPsiFRx/mP2BXCme1LAso","baseKeyType":1,"closed":-1,"used":1716074382965,"created":1716074382965,"remoteIdentityKey":"BV8LZQrIThSvuvoeSBeKLLQ6CkbqPz0e1JF5X39Em/NC"},"_chains":{"BYcGEYUjHQY6GKGMllAQUWfB8CE8YkR05zVjRQPaK1QR":{"chainKey":{"counter":0,"key":"lvcx4GN4435RAsF5RqESkEvAKHKvzCOQxh6e6L9Hm2U="},"chainType":1,"messageKeys":{}}},"pendingPreKey":{"signedKeyId":3,"baseKey":"BRcHTKwh+8y8NEPnoxJTtfkUPsiFRx/mP2BXCme1LAso","preKeyId":2877756}}},"version":"v1"}