{"_sessions":{"BbHhNp4kaxo3wToCW6t6GcmuD4lzwCslXw516TlBdcss":{"registrationId":1890080208,"currentRatchet":{"ephemeralKeyPair":{"pubKey":"BUjwQCSl2oLizy4TZFuYx2YQnkH8rCLQkumQqrt8Pu8w","privKey":"8ND/3aeLozoj4/XljmSr7EDOWcqWNBo6YRAPfiOOs1A="},"lastRemoteEphemeralKey":"BUPD++Bg4W+SSryxTjC8hK5ZcmBnimIgFd74pP4H57wQ","previousCounter":0,"rootKey":"tX54uM2CuHh3ZTYzbyM1+FwMvItSQJTBsD/frQZoYv8="},"indexInfo":{"baseKey":"BbHhNp4kaxo3wToCW6t6GcmuD4lzwCslXw516TlBdcss","baseKeyType":1,"closed":-1,"used":1716074382598,"created":1716074382598,"remoteIdentityKey":"BTuVLyQNwx+0MYjn+TbMDvr7jXYBcObgumBTC0qEmjR5"},"_chains":{"BUjwQCSl2oLizy4TZFuYx2YQnkH8rCLQkumQqrt8Pu8w":{"chainKey":{"counter":0,"key":"oRe8695wvTmc3A2iqDcVkVETF+XNSrYADgR4GxGLul8="},"chainType":1,"messageKeys":{}}},"pendingPreKey":{"signedKeyId":5,"baseKey":"BbHhNp4kaxo3wToCW6t6GcmuD4lzwCslXw516TlBdcss","preKeyId":7854705}}},"version":"v1"}