{"_sessions":{"BTf4SjQqnl7+Sr7VJEOCu6hFmu3NlWxCZG4txy3Dv18s":{"registrationId":1028077708,"currentRatchet":{"ephemeralKeyPair":{"pubKey":"BV9fUOGFtt6HODpi+A3IuflDME/iDwEFsCmJPk6u6yZc","privKey":"6HNnTHjD1Djt76NbASFq8U6DBQNJ5MEXANB8ML/lmEg="},"lastRemoteEphemeralKey":"BbSHX7QMJa5QjZkLBUcSOIn8+XVCdtVCJGE3ATeSf/IB","previousCounter":0,"rootKey":"VUSWmeM4e1LnHbBgx/pHHXJHVQY37JG4QUoGyj3MJwE="},"indexInfo":{"baseKey":"BTf4SjQqnl7+Sr7VJEOCu6hFmu3NlWxCZG4txy3Dv18s","baseKeyType":1,"closed":-1,"used":1716074382644,"created":1716074382644,"remoteIdentityKey":"BW9OxtSjUWOU2pCTkrOtC+3/kYeMbMqktwYbywdQjGtS"},"_chains":{"BV9fUOGFtt6HODpi+A3IuflDME/iDwEFsCmJPk6u6yZc":{"chainKey":{"counter":0,"key":"ptGjo1hqrnjmKPpamyswzCTk6Vd0o7JpeVEjUXtrOlA="},"chainType":1,"messageKeys":{}}},"pendingPreKey":{"signedKeyId":5,"baseKey":"BTf4SjQqnl7+Sr7VJEOCu6hFmu3NlWxCZG4txy3Dv18s","preKeyId":13182377}}},"version":"v1"}