{"_sessions":{"BYrqB5ekQW7rb3SWqCdGuUAEc6y0TwTPA47M4/UZM/h6":{"registrationId":439585537,"currentRatchet":{"ephemeralKeyPair":{"pubKey":"BS8oAfLLLEoF/piKHAK17NSI1ydhB46rsnH0mIRTGQVa","privKey":"yPntXVDcT2VDWpN3+Yqy9H/FZl4DKkAjbvr/lZFWQkQ="},"lastRemoteEphemeralKey":"BYB04VjDzDB5dUvgEQX99ViGzl6nfNMKd4tkGivW9bk6","previousCounter":0,"rootKey":"ruSofdwOqAyDF8Gev27mikUDqmQesKQclB9M+DwpV5w="},"indexInfo":{"baseKey":"BYrqB5ekQW7rb3SWqCdGuUAEc6y0TwTPA47M4/UZM/h6","baseKeyType":1,"closed":-1,"used":1716074381954,"created":1716074381954,"remoteIdentityKey":"BWMyqiF3FEljDDHhL83iszIFdsq2+Kv7g76+FGp4bt5x"},"_chains":{"BS8oAfLLLEoF/piKHAK17NSI1ydhB46rsnH0mIRTGQVa":{"chainKey":{"counter":0,"key":"jPbrtPl6X6zabDfMmK6+tcgbulbUVZc/27OyO1veS5E="},"chainType":1,"messageKeys":{}}},"pendingPreKey":{"signedKeyId":1,"baseKey":"BYrqB5ekQW7rb3SWqCdGuUAEc6y0TwTPA47M4/UZM/h6","preKeyId":5642}}},"version":"v1"}