{"_sessions":{"BYLiyRvaxQdYrngVhiVwtPD9rKRO3tj+K64L590mrx0g":{"registrationId":457687117,"currentRatchet":{"ephemeralKeyPair":{"pubKey":"BeU5YN6mWzC1PuaH7jbaxBnFfE1OeDEEyUKk5Fk1vxEx","privKey":"iNRXbFMEPDYhrnHopzSz7Em34H25uyUKhFsrNiaBdUQ="},"lastRemoteEphemeralKey":"BeRjQNcG/k4+rfOqmHFWz4OEv0D6TdSRJVTmAswDfww4","previousCounter":0,"rootKey":"tMv75vyngIiFTWAbZXeozeqKAawX/caPbiHKBXT3muk="},"indexInfo":{"baseKey":"BYLiyRvaxQdYrngVhiVwtPD9rKRO3tj+K64L590mrx0g","baseKeyType":1,"closed":-1,"used":1713914554047,"created":1713912678494,"remoteIdentityKey":"BeQJcuVKc2Iia9svhxY6FV0Fp4h8kOlrRSlOUu2AVzMw"},"_chains":{"BWOFDZynlR3KTfq3REZ+ywIsstSAB8PtETuELCc7+H92":{"chainKey":{"counter":3},"chainType":2,"messageKeys":{}},"BZxh96Epk6UHCuw2ukO7nFrUnijqTbgroJFFmtynx6Mh":{"chainKey":{"counter":4},"chainType":2,"messageKeys":{}},"BQriFW2f0mSf2Vmdgka21mJUrGb7N+CW74Nshu33OIQ8":{"chainKey":{"counter":2},"chainType":2,"messageKeys":{}},"BVo/fiLdob3RgqWsxkSS3+rW6VxdA0KeZTghHGYT40Ai":{"chainKey":{"counter":0},"chainType":2,"messageKeys":{}},"BcrI13EqUB/0j+N4PFhHZ0lHZux1bvpvquEP2ie95uQl":{"chainKey":{"counter":0},"chainType":2,"messageKeys":{}},"BWRqPi+EhuH0WjfLl/z/gbiHU10fWlgUyfQYLukhfdB0":{"chainKey":{"counter":0},"chainType":2,"messageKeys":{}},"BU259vzdG+nCTSpTRuDu0iZyNiunwtuc3FtVq7Xp05VL":{"chainKey":{"counter":1},"chainType":2,"messageKeys":{}},"Bcn6kQRoPpwr3CW2MTabt3zwL9EilGOSoivrv5MVjidp":{"chainKey":{"counter":1},"chainType":2,"messageKeys":{}},"BVs5DFfvuEOJpRjfB4RCVXR9aFktZTwGX6bOiAJ5q5pf":{"chainKey":{"counter":0},"chainType":2,"messageKeys":{}},"BeRjQNcG/k4+rfOqmHFWz4OEv0D6TdSRJVTmAswDfww4":{"chainKey":{"counter":5,"key":"gLu5Lb4l38oMzUuL3IR7cCxKFyfFxsfxCvMlu6fnRJ0="},"chainType":2,"messageKeys":{}},"BeU5YN6mWzC1PuaH7jbaxBnFfE1OeDEEyUKk5Fk1vxEx":{"chainKey":{"counter":-1,"key":"2ZKnnp1NVYlv2Un1jfsgxeq8vZr+TNhbGMoEXKTQmT8="},"chainType":1,"messageKeys":{}}}}},"version":"v1"}