{"_sessions":{"BXLDrbnm1Elom3QSN7u3mB12A+CV9OVYumBNzISUVKRz":{"registrationId":1736530095,"currentRatchet":{"ephemeralKeyPair":{"pubKey":"BTXiX6/fF5G95yY3/sAe/JILzMc30LHqE1GJeDCxFztx","privKey":"KOMJBsmyl2k1+I0oFEbhEFj/WkTGzP2mpaMtSUI5PX0="},"lastRemoteEphemeralKey":"BWONGrfjPcphoMuxxgVlbxFsuQ7Ar0oEONQjsdJERwM6","previousCounter":0,"rootKey":"30XcTD6xKtKUWvx3VkA3K/n6bcpq+mdci8IS9oX2o9c="},"indexInfo":{"baseKey":"BXLDrbnm1Elom3QSN7u3mB12A+CV9OVYumBNzISUVKRz","baseKeyType":1,"closed":-1,"used":1716074382321,"created":1716074382321,"remoteIdentityKey":"BcEm4pwU9tvlkKj336UHmmfsEf9tXy5tmGR1+U5Co8Ak"},"_chains":{"BTXiX6/fF5G95yY3/sAe/JILzMc30LHqE1GJeDCxFztx":{"chainKey":{"counter":0,"key":"4muoxYNj9Nu30mQFA5pLndER+XG7NqLS+tlWsKQ6v8M="},"chainType":1,"messageKeys":{}}},"pendingPreKey":{"signedKeyId":6,"baseKey":"BXLDrbnm1Elom3QSN7u3mB12A+CV9OVYumBNzISUVKRz","preKeyId":14007539}}},"version":"v1"}