{"_sessions":{"BcGT14cKsivSXRvbKQJodN9i8J2NZxo4w8tfCZTmjW5P":{"registrationId":1225845670,"currentRatchet":{"ephemeralKeyPair":{"pubKey":"BRg0wNQ9g2wiQhIBeG6l+QO3NifWW9f/rZ+3TdyQsFYn","privKey":"eJVAZF9zlodBqmlsncfaElV/vJYGwg0bNEjBwph513w="},"lastRemoteEphemeralKey":"BaEJpuHtahchhBo/k8cPO4AaTQtox19kaHNyKJke/Wde","previousCounter":0,"rootKey":"oa03+ngR7O4DlRmLeg/96joNX2wwYKvrL2jGMYFL1G8="},"indexInfo":{"baseKey":"BcGT14cKsivSXRvbKQJodN9i8J2NZxo4w8tfCZTmjW5P","baseKeyType":1,"closed":-1,"used":1716074382144,"created":1716074382144,"remoteIdentityKey":"BUiESWpKHAr64oWjXqkBAk4qB2YSLyjWNSH+1AvD2MME"},"_chains":{"BRg0wNQ9g2wiQhIBeG6l+QO3NifWW9f/rZ+3TdyQsFYn":{"chainKey":{"counter":0,"key":"J8fTvjU10GLANG8zH9jeNLvLm0dFl0++a3D8fpbrbpM="},"chainType":1,"messageKeys":{}}},"pendingPreKey":{"signedKeyId":3,"baseKey":"BcGT14cKsivSXRvbKQJodN9i8J2NZxo4w8tfCZTmjW5P"}}},"version":"v1"}