{"_sessions":{"BUr0DS9KB/2zhUARhhrBM/IfPP82g43YVYnZsrbdyB1H":{"registrationId":20242525,"currentRatchet":{"ephemeralKeyPair":{"pubKey":"BViXtcptVxWy5HCjyqirmw8b1UNaIkG7/Wj4/nUa0B56","privKey":"+GSGYPRdE/v/l2oVF2RrZZ9Jcl9GncroaXFAtXaxnWg="},"lastRemoteEphemeralKey":"BZG4XEnjQgSBOybSxKEAYOkuN/teS912zZ+kK6nzeDBN","previousCounter":0,"rootKey":"AqmvvPBlzlvS+CWsLxrkHa/iLGbKgL5c2V3iiAp9IBc="},"indexInfo":{"baseKey":"BUr0DS9KB/2zhUARhhrBM/IfPP82g43YVYnZsrbdyB1H","baseKeyType":1,"closed":-1,"used":1716074382560,"created":1716074382560,"remoteIdentityKey":"Bek3n7PkkY0rF0raEluf9w/lP0ojQOssX37HRRdLpvUz"},"_chains":{"BViXtcptVxWy5HCjyqirmw8b1UNaIkG7/Wj4/nUa0B56":{"chainKey":{"counter":0,"key":"NL72BFXspOGi+HSPwOHb39h1uOG36M5zHOr5P9X4msU="},"chainType":1,"messageKeys":{}}},"pendingPreKey":{"signedKeyId":1,"baseKey":"BUr0DS9KB/2zhUARhhrBM/IfPP82g43YVYnZsrbdyB1H","preKeyId":5903950}}},"version":"v1"}