{"_sessions":{"BZZDRzqW9S8+GK4ZLBai79DTSdOsvtTOXULQtn8bhrRJ":{"registrationId":1111886908,"currentRatchet":{"ephemeralKeyPair":{"pubKey":"BYo5+i6aouqH4EPVm7b248NoVp+OBhK2+fqLMsxgNHFO","privKey":"WLy0ol7wSQnADj0GoFZamevRNTIXJF+OtiujZnxgJUc="},"lastRemoteEphemeralKey":"BfleBOa+irwLq0JCOLXXn5mMNl3oLGP/erwJrNUc1Hgt","previousCounter":0,"rootKey":"WLkhNcdJhXIRkADOQzCESQnrdlUk4AvajsiqGJxaq+0="},"indexInfo":{"baseKey":"BZZDRzqW9S8+GK4ZLBai79DTSdOsvtTOXULQtn8bhrRJ","baseKeyType":1,"closed":-1,"used":1716074382848,"created":1716074382848,"remoteIdentityKey":"BafjqxpuWXAMBmn86INy72wCZjlQmYTvsn+jF3oGe7ML"},"_chains":{"BYo5+i6aouqH4EPVm7b248NoVp+OBhK2+fqLMsxgNHFO":{"chainKey":{"counter":0,"key":"BVWwsJDDz5Akd1Zsboxupw/+9r3UpkEngJIRyC1sA3g="},"chainType":1,"messageKeys":{}}},"pendingPreKey":{"signedKeyId":9,"baseKey":"BZZDRzqW9S8+GK4ZLBai79DTSdOsvtTOXULQtn8bhrRJ","preKeyId":1110376}}},"version":"v1"}