{"_sessions":{"Beh7YMyuDE3quZpNThvwjZCZW7vBotPei5UIIc8PguBj":{"registrationId":1529422687,"currentRatchet":{"ephemeralKeyPair":{"pubKey":"BbxBOOkMVYMW0s4iy3fGijFA54VmbRVUfxxeCFg4ScAz","privKey":"8DECvHOWsa0QN+A2QWo7x9XRwBNVXRbj+mwer3qaVVo="},"lastRemoteEphemeralKey":"BavF6cP8Bk8N3NxwXYEDbNOMuzAIHXcQ125kotD2T7x+","previousCounter":0,"rootKey":"uJtsumUlEbmuryz5DcN1HNQPF6OdTfjtcX91uud5Z20="},"indexInfo":{"baseKey":"Beh7YMyuDE3quZpNThvwjZCZW7vBotPei5UIIc8PguBj","baseKeyType":1,"closed":-1,"used":1716074382928,"created":1716074382928,"remoteIdentityKey":"BRg8f9FR8A6lOwh1eWRPUTGVgsQzCRS+4AWwuLbjtO97"},"_chains":{"BbxBOOkMVYMW0s4iy3fGijFA54VmbRVUfxxeCFg4ScAz":{"chainKey":{"counter":0,"key":"91kAGqTxmysbCD/Zgw+JUAg96y6WRPwfkdpaEOaiDZc="},"chainType":1,"messageKeys":{}}},"pendingPreKey":{"signedKeyId":3,"baseKey":"Beh7YMyuDE3quZpNThvwjZCZW7vBotPei5UIIc8PguBj"}}},"version":"v1"}