{"_sessions":{"BZY1oy0MXsBahV+l9iLgeVNV36BjWylFr8cUQyRLBW0G":{"registrationId":1260780171,"currentRatchet":{"ephemeralKeyPair":{"pubKey":"BbWNFUAO0jmQ+EfTcV4hegOtMqhZbzgU5J9HvcSzDgdF","privKey":"SDlSVAqwIof/kzhqCI6SbgTWARqt244QKqGhragtFWA="},"lastRemoteEphemeralKey":"BRBfUPVCAvuhzAobrWjuC4gLSl+Q2m++5c0FKefl9xcS","previousCounter":0,"rootKey":"+DZAf6IEV/fvFHOrx/HaNQ1tGSZT9DPHUUf4hrTlnCc="},"indexInfo":{"baseKey":"BZY1oy0MXsBahV+l9iLgeVNV36BjWylFr8cUQyRLBW0G","baseKeyType":1,"closed":-1,"used":1716074382485,"created":1716074382485,"remoteIdentityKey":"BZimh8vn87VzET8uKcQdM7/w8QF5S9uSvX2yXN5H8q12"},"_chains":{"BbWNFUAO0jmQ+EfTcV4hegOtMqhZbzgU5J9HvcSzDgdF":{"chainKey":{"counter":0,"key":"NeFPdef+uqxn9kbOBLYDw4/gwVOvUFO9uGSWVtQ0fWU="},"chainType":1,"messageKeys":{}}},"pendingPreKey":{"signedKeyId":38,"baseKey":"BZY1oy0MXsBahV+l9iLgeVNV36BjWylFr8cUQyRLBW0G","preKeyId":5528658}}},"version":"v1"}