{"_sessions":{"BaeEMSlErVUKx60cvxlz+Tb4/1P+k3mfl044kU4lEBAm":{"registrationId":1627520745,"currentRatchet":{"ephemeralKeyPair":{"pubKey":"BRdy5hFGc1Cxvr91oRk/yNMTC5s6cKLAbXiLj84PYx0O","privKey":"UDiB2qjmPoVw/YJ8a/egCvRHijs4/eb9ka+eCfgqGF8="},"lastRemoteEphemeralKey":"BeDc1p8ZNbVfa6BMP1LtLsEaOWSq1W9yajoYA8YM4ABr","previousCounter":0,"rootKey":"g1JsfBUZGW151/ZEiMdoh/cy0+AU5Y8+xEUQxOW8P18="},"indexInfo":{"baseKey":"BaeEMSlErVUKx60cvxlz+Tb4/1P+k3mfl044kU4lEBAm","baseKeyType":1,"closed":-1,"used":1716074381724,"created":1716074381724,"remoteIdentityKey":"Ba6LlSH1EBAWk8wohzX9yGG535McaaJjD/GvPXCVpj0F"},"_chains":{"BRdy5hFGc1Cxvr91oRk/yNMTC5s6cKLAbXiLj84PYx0O":{"chainKey":{"counter":0,"key":"AHMVcrUPyHE+WBRriRWCHuBdG9YZFy7zzGMoC6sVycY="},"chainType":1,"messageKeys":{}}},"pendingPreKey":{"signedKeyId":2,"baseKey":"BaeEMSlErVUKx60cvxlz+Tb4/1P+k3mfl044kU4lEBAm","preKeyId":5763}}},"version":"v1"}