{"_sessions":{"BZ4XqpjNlBhBKTLFsohfT2Kxl1YithomOt33dz6xmkF2":{"registrationId":421414413,"currentRatchet":{"ephemeralKeyPair":{"pubKey":"BX69tE5ftvVxAM6kOlkhxbvVjIyb0cl0qQveKRC0Iudc","privKey":"CKsquQBEfcTZdzYTgu07jMCct2cLufNGeTOktj3/TGk="},"lastRemoteEphemeralKey":"BabERdGcAkP/fUcC/cvq7iGS8R+f6XokjmGCuQOee69K","previousCounter":0,"rootKey":"PSg4xexyHdjHDTXbMUHoH5HLO43d7KoLBcLoBRiWMMY="},"indexInfo":{"baseKey":"BZ4XqpjNlBhBKTLFsohfT2Kxl1YithomOt33dz6xmkF2","baseKeyType":1,"closed":-1,"used":1716074382334,"created":1716074382334,"remoteIdentityKey":"BR8WVPxloMUhbPGN624mlYdUhst4ykJjd7hRbIQKFDQn"},"_chains":{"BX69tE5ftvVxAM6kOlkhxbvVjIyb0cl0qQveKRC0Iudc":{"chainKey":{"counter":0,"key":"/E5teyU7uR95i3XA5b+aGKKXkop1PrCN2zGoNeo8OaE="},"chainType":1,"messageKeys":{}}},"pendingPreKey":{"signedKeyId":12,"baseKey":"BZ4XqpjNlBhBKTLFsohfT2Kxl1YithomOt33dz6xmkF2","preKeyId":14601762}}},"version":"v1"}