{"_sessions":{"BSJNruuUzSv2JSva7JMj/KewQD+N3YE7pREWABEL9zsM":{"registrationId":1841356,"currentRatchet":{"ephemeralKeyPair":{"pubKey":"Be39GZ9pZ7VE5rmnwTpHgju9gKGzygjLk4qt7tizevsd","privKey":"cLS1uFAZ2Dwdp3+Hdwj8HiMpglwBYbH1mTrVXNGex3U="},"lastRemoteEphemeralKey":"BU6hnuYG4dVNV1i2mXbSADrzJdK/fXhzRgoPrPQ/k886","previousCounter":0,"rootKey":"aq+ytkglTL5tiFTRdKtSBA+mHH5VYLUF/Gduy3ul9sM="},"indexInfo":{"baseKey":"BSJNruuUzSv2JSva7JMj/KewQD+N3YE7pREWABEL9zsM","baseKeyType":1,"closed":-1,"used":1716074382258,"created":1716074382258,"remoteIdentityKey":"Bdm190Zugmtfae6/D0ZnTbjRBjkelBqIJI+VNayMtNV8"},"_chains":{"Be39GZ9pZ7VE5rmnwTpHgju9gKGzygjLk4qt7tizevsd":{"chainKey":{"counter":0,"key":"eZvMrNygteXBj+aLdZv+93vSVbAUllQJUBB4XliEjVs="},"chainType":1,"messageKeys":{}}},"pendingPreKey":{"signedKeyId":2,"baseKey":"BSJNruuUzSv2JSva7JMj/KewQD+N3YE7pREWABEL9zsM","preKeyId":6223827}}},"version":"v1"}