{"_sessions":{"BUi5da/SLNMcQquuPOg2BBebRmqLgZ+k7z/Lp35JwZNa":{"registrationId":993142856,"currentRatchet":{"ephemeralKeyPair":{"pubKey":"BZ8wOQQW2ebDYcCs5TBhZBpRkYGz+7z6751lU4+8NShu","privKey":"EGhxC73bxv3QNBIUu7gqJOP8WrgVoApj2QIwzEgsFlA="},"lastRemoteEphemeralKey":"BTYcOUnFPIZCjgCvO5FkIXJIvLdB0KZSRDA5HNcEF1dg","previousCounter":0,"rootKey":"Z8kmlEm6mhJD3UnPjWo1F5a7smDZq9dNE8Eele2khm8="},"indexInfo":{"baseKey":"BUi5da/SLNMcQquuPOg2BBebRmqLgZ+k7z/Lp35JwZNa","baseKeyType":1,"closed":-1,"used":1716074382555,"created":1716074382555,"remoteIdentityKey":"BfRB7HdH144whECyszGBaZOWh+DBR5cECz7XZOySovRR"},"_chains":{"BZ8wOQQW2ebDYcCs5TBhZBpRkYGz+7z6751lU4+8NShu":{"chainKey":{"counter":0,"key":"uYXFIOiYDoo7WGMzMPqOSO+ltOfpmgMQyXsQKvqb8Xs="},"chainType":1,"messageKeys":{}}},"pendingPreKey":{"signedKeyId":0,"baseKey":"BUi5da/SLNMcQquuPOg2BBebRmqLgZ+k7z/Lp35JwZNa","preKeyId":11339201}}},"version":"v1"}