{"_sessions":{"Bfy7eZsuLiFihIOB+q5Yyz1nzqdmy3ti1sj/Kcp0kW0s":{"registrationId":2142214279,"currentRatchet":{"ephemeralKeyPair":{"pubKey":"BeoTMMyuDbQ9MGQgkr2U6d8viFfPKYMGsMoBVIToUWRw","privKey":"8L+eAX3k4sWn19FAAcnpFk688l0iz7w6+CTdVVjnEHI="},"lastRemoteEphemeralKey":"Bcx6w4LoFBRVYlFq+cN0RsiCJ4PObCBBQgnMuWkuztoM","previousCounter":0,"rootKey":"bwQKuTjj5aAEGi7chPqv/+KggQxJvaJ17uKVYGoYxfI="},"indexInfo":{"baseKey":"Bfy7eZsuLiFihIOB+q5Yyz1nzqdmy3ti1sj/Kcp0kW0s","baseKeyType":1,"closed":-1,"used":1716074382660,"created":1716074382660,"remoteIdentityKey":"Bf2PlpUenBo5H/VuMa8mBWAe8tRw12FlIwvvdFd3lqFf"},"_chains":{"BeoTMMyuDbQ9MGQgkr2U6d8viFfPKYMGsMoBVIToUWRw":{"chainKey":{"counter":0,"key":"4j1lkvQi0etj5OuJDXhdx4MwZCWWHkNGyGUZ845iep4="},"chainType":1,"messageKeys":{}}},"pendingPreKey":{"signedKeyId":2,"baseKey":"Bfy7eZsuLiFihIOB+q5Yyz1nzqdmy3ti1sj/Kcp0kW0s"}}},"version":"v1"}