{"_sessions":{"BVWxhpL7x3YM2AigLj/Jmjxu+Ojue9NT43sOiwEzptoW":{"registrationId":487937428,"currentRatchet":{"ephemeralKeyPair":{"pubKey":"Bb1NVMsf13Q1oLkte5zu5Hgn+EEti36jE7o5WS9FffI9","privKey":"MFrLXJnXki4dwI/QxGQkpT54kt5MXFidsjUjFpRZ60Y="},"lastRemoteEphemeralKey":"BQIlKqIYgm/p7NUYChK6e4MZt99KSXEbk4rEpA5apWx6","previousCounter":0,"rootKey":"QKXgl2v/w4iruiKKuo9rHI47L0PozXEqC0CAcfhXXhY="},"indexInfo":{"baseKey":"BVWxhpL7x3YM2AigLj/Jmjxu+Ojue9NT43sOiwEzptoW","baseKeyType":1,"closed":-1,"used":1716074382919,"created":1716074382919,"remoteIdentityKey":"BdzB3u4sZkWo6l/PELvcba6/URNQdWd0x0B1+gMNdGlr"},"_chains":{"Bb1NVMsf13Q1oLkte5zu5Hgn+EEti36jE7o5WS9FffI9":{"chainKey":{"counter":0,"key":"igTg9rStGTx0LMDqXHmJefKWAMJD0A50aDS4BiSFjOQ="},"chainType":1,"messageKeys":{}}},"pendingPreKey":{"signedKeyId":9,"baseKey":"BVWxhpL7x3YM2AigLj/Jmjxu+Ojue9NT43sOiwEzptoW"}}},"version":"v1"}