{"_sessions":{"BX4tsl/D4GM/HGWRhKSREGAZujG300DtARMhVLoerwNz":{"registrationId":1974153165,"currentRatchet":{"ephemeralKeyPair":{"pubKey":"BZGGoubkd54SUkdWtOxR7ykksMAnJqckTCqaeglIgu5J","privKey":"iD/GK4OlV6gOsFeiAxrBsFMgkxZWkfWtEQiAp0r28kw="},"lastRemoteEphemeralKey":"BdJT3Z3TT8jUCA8rOQfrpLd7ndd6dSdEkLP6OsMPQ44t","previousCounter":0,"rootKey":"8ETmDkgKh5t8WInRVFIRkdri2Ak6b/eY9cijtb+oJqQ="},"indexInfo":{"baseKey":"BX4tsl/D4GM/HGWRhKSREGAZujG300DtARMhVLoerwNz","baseKeyType":1,"closed":-1,"used":1716074382600,"created":1716074382600,"remoteIdentityKey":"BUSzOrTK8LHQ9zf1fn79W5uil8EuldaIxSKFGa0jkFgD"},"_chains":{"BZGGoubkd54SUkdWtOxR7ykksMAnJqckTCqaeglIgu5J":{"chainKey":{"counter":0,"key":"r9HVPWETZOymjCihUgm3SBEFecK7Emora4pIlE8SZz4="},"chainType":1,"messageKeys":{}}},"pendingPreKey":{"signedKeyId":6,"baseKey":"BX4tsl/D4GM/HGWRhKSREGAZujG300DtARMhVLoerwNz","preKeyId":10493775}}},"version":"v1"}