{"_sessions":{"BTSlanamPRwmLE7U6wkVxp3nSDm6MBwh9F3JUK7Gd7tq":{"registrationId":76,"currentRatchet":{"ephemeralKeyPair":{"pubKey":"BZrdQH4cdCbmGuNQOWqUTk+t1bKkaz2OeZRc17K/5+9T","privKey":"iGjSF+/U5/yCmgNsFeyvdhHQH45llCpxncPJuHVs93g="},"lastRemoteEphemeralKey":"BedoWUMl+sKyy4h/weHwWsUNWLdU73knS99Y7RvTFk1Z","previousCounter":0,"rootKey":"YOaai7FBTPau6R12r6jd5js7+voBCXZTdao9AoYaZOI="},"indexInfo":{"baseKey":"BTSlanamPRwmLE7U6wkVxp3nSDm6MBwh9F3JUK7Gd7tq","baseKeyType":1,"closed":-1,"used":1716074381776,"created":1716074381776,"remoteIdentityKey":"Bb8SmQGJv7lLLQ78dvXDMzmQ+tTAE4zMqqaQyHhdwggX"},"_chains":{"BZrdQH4cdCbmGuNQOWqUTk+t1bKkaz2OeZRc17K/5+9T":{"chainKey":{"counter":0,"key":"F5mkOQesfy2aKYeyUgSDw/jD9qOtV0zryvxIKScLEO0="},"chainType":1,"messageKeys":{}}},"pendingPreKey":{"signedKeyId":1,"baseKey":"BTSlanamPRwmLE7U6wkVxp3nSDm6MBwh9F3JUK7Gd7tq","preKeyId":2690}}},"version":"v1"}