{"_sessions":{"BYWyAAyEhK1sYsVZl0co3SZe+jn1pWHscJWnEKxkyiIR":{"registrationId":611625533,"currentRatchet":{"ephemeralKeyPair":{"pubKey":"Bc+1lyiw4uUZsTsNJLtWW494zaoEEOfYyB+YAZgFnJFz","privKey":"SLUQtdTnVLHDrlFs7ib4zb7pw5Uz7h4t0NlxDrSq6Ec="},"lastRemoteEphemeralKey":"BbbGGHQhNXZ/Thg4WIJrUV7Val/GZL9E7f5T9tHkuP0h","previousCounter":0,"rootKey":"UtvUWHaHLcDn5a8TjdxKRoY+Cn88zJWLNYVCnWv4bv4="},"indexInfo":{"baseKey":"BYWyAAyEhK1sYsVZl0co3SZe+jn1pWHscJWnEKxkyiIR","baseKeyType":1,"closed":-1,"used":1716074382452,"created":1716074382452,"remoteIdentityKey":"BV9Lgn8cTxF+Lwgy4h5tFZLQcQpKOBkNp4np7PHWcOsF"},"_chains":{"Bc+1lyiw4uUZsTsNJLtWW494zaoEEOfYyB+YAZgFnJFz":{"chainKey":{"counter":0,"key":"oNu5euQW8uQdtWe0MFc6YDnKgWtkqm3qfECj5mmEp7Y="},"chainType":1,"messageKeys":{}}},"pendingPreKey":{"signedKeyId":1,"baseKey":"BYWyAAyEhK1sYsVZl0co3SZe+jn1pWHscJWnEKxkyiIR","preKeyId":2343753}}},"version":"v1"}