{"_sessions":{"BZ6wTqyQZhUuPhOxcAJNziB5Dt/pW9GVBUS7BnZpFS4D":{"registrationId":1625890446,"currentRatchet":{"ephemeralKeyPair":{"pubKey":"BRxGmzyGilG8HZrCqaHr1zy8BP+zkzx2+5bkQ0veLhAd","privKey":"MADDnx4N9gzCowHFiqS+yP+wcIRQSWNfKmA69kd/+GI="},"lastRemoteEphemeralKey":"BV4u1dQmkSsymH6Y84UcsevBO3ZtxCzy2t5N1O2ddKJJ","previousCounter":0,"rootKey":"skZ7yohtZ8Y1TijKzQSk0uxSegJ2X6I6JiWOEXBTyg0="},"indexInfo":{"baseKey":"BZ6wTqyQZhUuPhOxcAJNziB5Dt/pW9GVBUS7BnZpFS4D","baseKeyType":1,"closed":-1,"used":1716074382930,"created":1716074382930,"remoteIdentityKey":"BfjgWbc2QypWzvF4i5fT196SCig3Pxe82qmo1jgnrRsK"},"_chains":{"BRxGmzyGilG8HZrCqaHr1zy8BP+zkzx2+5bkQ0veLhAd":{"chainKey":{"counter":0,"key":"1FbVDiRO9buySqs1NMk9tw+ak6uDgdqW0P/KwB5Rt6M="},"chainType":1,"messageKeys":{}}},"pendingPreKey":{"signedKeyId":4,"baseKey":"BZ6wTqyQZhUuPhOxcAJNziB5Dt/pW9GVBUS7BnZpFS4D"}}},"version":"v1"}