{"_sessions":{"BakZqM1Dpj41Z1zmLHuQRyb1LvkIYR3dbEIGb9DUac0l":{"registrationId":437961807,"currentRatchet":{"ephemeralKeyPair":{"pubKey":"BQpnYPY/k2H61CCZ0dQTy30WtRLKefKilhM4d7+FYKty","privKey":"aJkQ4cP8Vr0N2p4lfmK0tQxh/9Xrl8araABeEIlszm4="},"lastRemoteEphemeralKey":"BQZ96g6rV1IH3H5RYqobZEDICBEJ7ZNB1aE7U3s5Tz5R","previousCounter":0,"rootKey":"5pvDisUPjhauySnqkRkQcSz/m9JtkgEMDaxxiRmzzTQ="},"indexInfo":{"baseKey":"BakZqM1Dpj41Z1zmLHuQRyb1LvkIYR3dbEIGb9DUac0l","baseKeyType":1,"closed":-1,"used":1716074382820,"created":1716074382820,"remoteIdentityKey":"BeBfS51xZs8+l/dfqgOOpqrpLkmQ/MUFvejdQ/H+FQxb"},"_chains":{"BQpnYPY/k2H61CCZ0dQTy30WtRLKefKilhM4d7+FYKty":{"chainKey":{"counter":0,"key":"mttESJWTWRWedH+tVyQSCajEqVB3zcXPJt8gv2OGZGI="},"chainType":1,"messageKeys":{}}},"pendingPreKey":{"signedKeyId":0,"baseKey":"BakZqM1Dpj41Z1zmLHuQRyb1LvkIYR3dbEIGb9DUac0l"}}},"version":"v1"}