{"_sessions":{"BfPpmTTUPvShCKS0KDQkdaxSG7xULmexmn2hOmH8grI+":{"registrationId":507468225,"currentRatchet":{"ephemeralKeyPair":{"pubKey":"BdIOP82RxSm/AmQvfXRebxF9QdjAKB/cHYkjjDvHWtdN","privKey":"iEsg55wFiM8hFSFdCRVTDxwczGSZpzRXtzzO9HQajXc="},"lastRemoteEphemeralKey":"BSN3WMyfMLo5+YgHV1frX1FuX69hm1dAOkly4BTlDRkU","previousCounter":0,"rootKey":"6GXLeB65pd74pp/giICbl8C6ULR0Zo6N01oHsd9hW+s="},"indexInfo":{"baseKey":"BfPpmTTUPvShCKS0KDQkdaxSG7xULmexmn2hOmH8grI+","baseKeyType":1,"closed":-1,"used":1716074382495,"created":1716074382495,"remoteIdentityKey":"BddGDoX/lkGt7np5cq5Jc6B2ZjqxXtKur+0KpzXI73cD"},"_chains":{"BdIOP82RxSm/AmQvfXRebxF9QdjAKB/cHYkjjDvHWtdN":{"chainKey":{"counter":0,"key":"HcqaR9PX7nEeOpZq/et/FEHT91cwKkUphTuKqj83zBw="},"chainType":1,"messageKeys":{}}},"pendingPreKey":{"signedKeyId":7,"baseKey":"BfPpmTTUPvShCKS0KDQkdaxSG7xULmexmn2hOmH8grI+"}}},"version":"v1"}