{"_sessions":{"BW7uQqxbhzHm0cJAFZr+e7VR95wYPidzYFp2db6lImoQ":{"registrationId":2803,"currentRatchet":{"ephemeralKeyPair":{"pubKey":"BUDKtXXIKKrtrYWnd/PDublkE9E5DhRIvz5NWdNHh3QI","privKey":"sEZWuu5RCWwF1RnVlmMp/r0al8awwqzj1WL4CGWgjFg="},"lastRemoteEphemeralKey":"BXXvUwzz7nyH3zuJE7/Yw5t88K9OTYwbdssBPK6Xcrhd","previousCounter":0,"rootKey":"NTW5g2gHR427J/opi3qtzhRNw4oNwOAzOXvU+t2z2no="},"indexInfo":{"baseKey":"BW7uQqxbhzHm0cJAFZr+e7VR95wYPidzYFp2db6lImoQ","baseKeyType":1,"closed":-1,"used":1716074381864,"created":1716074381864,"remoteIdentityKey":"BbwWa9XOfure1UzcQIIfbPwqXlV1al5dsKAfi6jx6LNS"},"_chains":{"BUDKtXXIKKrtrYWnd/PDublkE9E5DhRIvz5NWdNHh3QI":{"chainKey":{"counter":0,"key":"59HaPiJXXkP6cP102qVSZLuhbX0scBHAM89akzRJ17Q="},"chainType":1,"messageKeys":{}}},"pendingPreKey":{"signedKeyId":1,"baseKey":"BW7uQqxbhzHm0cJAFZr+e7VR95wYPidzYFp2db6lImoQ"}}},"version":"v1"}