{"_sessions":{"BRFW3BN4IUmlNn0Pqq25ZrtCM6NWZP+iCKXObIMKcCte":{"registrationId":627783877,"currentRatchet":{"ephemeralKeyPair":{"pubKey":"Bb3sftH5xLao0tH5HwiIGRCZlenGkX5wwQfMvbAQT8h8","privKey":"UH+3Hvf+CN5JnLWwq5QrIA8EL+rxmh5Ppnu+0GDbNWI="},"lastRemoteEphemeralKey":"BXolYOO7Jf66sCoeys3/5wSU6zYrTUg/aTj4vJDVifBd","previousCounter":0,"rootKey":"mf/HXUH8CVqFJxBBVkCI4SA0JzaaDyiOKFczD2112Go="},"indexInfo":{"baseKey":"BRFW3BN4IUmlNn0Pqq25ZrtCM6NWZP+iCKXObIMKcCte","baseKeyType":1,"closed":-1,"used":1716074382717,"created":1716074382717,"remoteIdentityKey":"BTI0ZsvLgy8XJP/ChZaeYdL1nSlPHbOpWW6Eo3og3KVN"},"_chains":{"Bb3sftH5xLao0tH5HwiIGRCZlenGkX5wwQfMvbAQT8h8":{"chainKey":{"counter":0,"key":"/dCJ+SYZCd/HHUS/7JaCwUv/xiQMGcOqSs8JcUM0pDE="},"chainType":1,"messageKeys":{}}},"pendingPreKey":{"signedKeyId":10,"baseKey":"BRFW3BN4IUmlNn0Pqq25ZrtCM6NWZP+iCKXObIMKcCte","preKeyId":16038719}}},"version":"v1"}