{"_sessions":{"BXJhlms++jp/taqedi2IdjUfjbPbBqWkpLg+wLCorSEv":{"registrationId":12603989,"currentRatchet":{"ephemeralKeyPair":{"pubKey":"BVx34bc7QoR+Bw0Xq4yPuS5hicnve7YHmz66hjvRmHhY","privKey":"WFvgVb0Rgh1HrK4IY1d9ut00SUgtpOiGsW0agXeCkX0="},"lastRemoteEphemeralKey":"BQrcXjHaYEZ8QZb1Nn0DKFkE1URxAJcEVlBjH/2zkRIg","previousCounter":0,"rootKey":"y3E4CNiFH//1WigtBuW0rti1fdOP1b0FEIDJCAHMs9Y="},"indexInfo":{"baseKey":"BXJhlms++jp/taqedi2IdjUfjbPbBqWkpLg+wLCorSEv","baseKeyType":1,"closed":-1,"used":1716074383016,"created":1716074383016,"remoteIdentityKey":"BS/bJBVfg2Nyp8y5+CGzxdAgmZIZOAC4O08HZMom1CJH"},"_chains":{"BVx34bc7QoR+Bw0Xq4yPuS5hicnve7YHmz66hjvRmHhY":{"chainKey":{"counter":0,"key":"y+uwRlzDwfrF2fxRF43i3x+vxZ9R4yHgKD3vLZVPkM4="},"chainType":1,"messageKeys":{}}},"pendingPreKey":{"signedKeyId":2,"baseKey":"BXJhlms++jp/taqedi2IdjUfjbPbBqWkpLg+wLCorSEv"}}},"version":"v1"}