{"_sessions":{"BUQyzqWH8FauDMVuQnlE+pJRIauiNjEmMe8GbEHzzzYd":{"registrationId":791346897,"currentRatchet":{"ephemeralKeyPair":{"pubKey":"BZNaLHg+fZa5cBaNDwxoWiN30GLZO1C8ycm+DpS7jnAt","privKey":"kOLNz1BYCfYRmGfTXxBVVTuxVBFD3icgfqs8GfKmaWc="},"lastRemoteEphemeralKey":"BbFg+mkKcm5MVU4+Ast7KTeUgtJ1jFM76pjcdpPPOM5u","previousCounter":0,"rootKey":"rBPGQ4fAS4ifeDIURR/w/eYTTohkYR3Whh1/FQINxCk="},"indexInfo":{"baseKey":"BUQyzqWH8FauDMVuQnlE+pJRIauiNjEmMe8GbEHzzzYd","baseKeyType":1,"closed":-1,"used":1716074382892,"created":1716074382892,"remoteIdentityKey":"BV2fxty6OFcSNmqnirgZ7ZQpbGoo89JB2x6BcPh+vi8n"},"_chains":{"BZNaLHg+fZa5cBaNDwxoWiN30GLZO1C8ycm+DpS7jnAt":{"chainKey":{"counter":0,"key":"ntugHSEVAqGYoOTq86WpB9sZeq3cs0TnuiuKoNCIcuo="},"chainType":1,"messageKeys":{}}},"pendingPreKey":{"signedKeyId":6,"baseKey":"BUQyzqWH8FauDMVuQnlE+pJRIauiNjEmMe8GbEHzzzYd","preKeyId":13310245}}},"version":"v1"}