{"_sessions":{"BcZO6wAHK9Dexob637cAaklHDtrpcETg9Xt5aNsMDP8H":{"registrationId":127,"currentRatchet":{"ephemeralKeyPair":{"pubKey":"BfkG6lDnPRynAmULQkjpxdHfsHomG4qh1qlG1JYRZT4l","privKey":"kNkv4ljzXq8yTrYxMRL/EpkD2KkzSUD80anP/Vou1k8="},"lastRemoteEphemeralKey":"BYp/pMtwqQptP5CCLbnWayHN0ifzyvECVeMX2mXSjuRn","previousCounter":0,"rootKey":"gcXH3ij4RsyWxLXEyobMrtTbs/G78XLoIN5qifRILQA="},"indexInfo":{"baseKey":"BcZO6wAHK9Dexob637cAaklHDtrpcETg9Xt5aNsMDP8H","baseKeyType":1,"closed":-1,"used":1716074382127,"created":1716074382127,"remoteIdentityKey":"BbRLjqPAK+F7TVBbyUL3xK9bsTTrGt0bNMliq72cEb96"},"_chains":{"BfkG6lDnPRynAmULQkjpxdHfsHomG4qh1qlG1JYRZT4l":{"chainKey":{"counter":0,"key":"ZdTD9vogu977MPq9dIHvekWluOXUZGKUtHUaG+4Tqik="},"chainType":1,"messageKeys":{}}},"pendingPreKey":{"signedKeyId":1,"baseKey":"BcZO6wAHK9Dexob637cAaklHDtrpcETg9Xt5aNsMDP8H"}}},"version":"v1"}