{"_sessions":{"BdRcPUr+nxXmffi1XA8wyHgrjx0C4MTZ2+X19yKe/ocI":{"registrationId":1171154099,"currentRatchet":{"ephemeralKeyPair":{"pubKey":"BRZFMo/VO0djybFGLztguUJsVhDgLfkeWw5nRyPiVbxr","privKey":"QOC5ENTKiIt4LVL83JiEl4A+w2OOTjIQGb2fnhBJMVc="},"lastRemoteEphemeralKey":"BUz8CXMZyHzDkLmjej97KTYwlRrcflDD5MTgM4qpgDpN","previousCounter":0,"rootKey":"3mXA1QTS/8KhesHHCeT1ihmLl2upZVoLqAr4cTe8vwY="},"indexInfo":{"baseKey":"BdRcPUr+nxXmffi1XA8wyHgrjx0C4MTZ2+X19yKe/ocI","baseKeyType":1,"closed":-1,"used":1716074382386,"created":1716074382386,"remoteIdentityKey":"BbLjURZCH0wNItbNtzbNzXRvRWHPEwVW9fYc95Cu4Bpo"},"_chains":{"BRZFMo/VO0djybFGLztguUJsVhDgLfkeWw5nRyPiVbxr":{"chainKey":{"counter":0,"key":"BAC6kQQv3VOB2cec0vwGZPM03HTPB68F1nw96E9/tLs="},"chainType":1,"messageKeys":{}}},"pendingPreKey":{"signedKeyId":10,"baseKey":"BdRcPUr+nxXmffi1XA8wyHgrjx0C4MTZ2+X19yKe/ocI","preKeyId":5542846}}},"version":"v1"}