{"_sessions":{"BdMeIcNoxWjylEPBVtiz+NI64Mcj0pLyFU1eecudOD1/":{"registrationId":2043,"currentRatchet":{"ephemeralKeyPair":{"pubKey":"BezyLLS7nrrsIQ/tJDqNnM8K5ojevcZsjYedNdLDGQln","privKey":"sOgEu2+uMCf7jNCJvbVA071L7ZP8kawtKQN1o+xf6Es="},"lastRemoteEphemeralKey":"BUn8gx3nj0is8Z5SL4obBc/P7UqrOkNcb+FFe2yA+dxb","previousCounter":0,"rootKey":"Pnl/GvJHsOvHAtTmcMTAyADOjMt8qp9do/w87DTjh2g="},"indexInfo":{"baseKey":"BdMeIcNoxWjylEPBVtiz+NI64Mcj0pLyFU1eecudOD1/","baseKeyType":1,"closed":-1,"used":1716074382028,"created":1716074382028,"remoteIdentityKey":"BSukJ4uLp7fA9gApNG66oVqv4JLrretNrXf8TwTqWRdv"},"_chains":{"BezyLLS7nrrsIQ/tJDqNnM8K5ojevcZsjYedNdLDGQln":{"chainKey":{"counter":0,"key":"mlN1MeT+FR3lGSWN7tSHsUJVVxx1Lyw0OzRsT8wNrKk="},"chainType":1,"messageKeys":{}}},"pendingPreKey":{"signedKeyId":1,"baseKey":"BdMeIcNoxWjylEPBVtiz+NI64Mcj0pLyFU1eecudOD1/","preKeyId":715}}},"version":"v1"}