{"_sessions":{"BUuEguM2136oFjMAbcK4lPg+o/Zy5To6fZ5GMulS/RZu":{"registrationId":1075052199,"currentRatchet":{"ephemeralKeyPair":{"pubKey":"BY73oSqrvBqhO2E6NqQ3WHFt7wZWzrOmEGC3VpXtBl8h","privKey":"0BsY5albbVZRXWr/5HQEvN787wTeiqFNLCnP418DxFo="},"lastRemoteEphemeralKey":"Bc3ylFy/un7nAT4/sMpRyso0Pu3MqInJ+Jk/hMFO55ss","previousCounter":0,"rootKey":"ihujxCgwk+7iy18eswnHrXJaEzjTj1TBGRq3mSGjMro="},"indexInfo":{"baseKey":"BUuEguM2136oFjMAbcK4lPg+o/Zy5To6fZ5GMulS/RZu","baseKeyType":1,"closed":-1,"used":1716074382738,"created":1716074382738,"remoteIdentityKey":"BTzuiw8nrEcq8jcXTqWQY4Avf1o9Xytgev7oP0JjDR0Y"},"_chains":{"BY73oSqrvBqhO2E6NqQ3WHFt7wZWzrOmEGC3VpXtBl8h":{"chainKey":{"counter":0,"key":"5XLrHypcHkcE8jxIX/6hJudowGLMsqYIU+z0Yy7zhqQ="},"chainType":1,"messageKeys":{}}},"pendingPreKey":{"signedKeyId":1,"baseKey":"BUuEguM2136oFjMAbcK4lPg+o/Zy5To6fZ5GMulS/RZu","preKeyId":7069897}}},"version":"v1"}