{"_sessions":{"BQnoVEZ7pKjhEvcxRL9MAtvC/HH6qBy/gkJ08IH3vn9Z":{"registrationId":288678560,"currentRatchet":{"ephemeralKeyPair":{"pubKey":"BSUZX7N5p9Pz1vEAakMCyHkj30ExQP3myIgzsiH9jxNG","privKey":"mG55ujm/bXvob2RIUM6E2fD60I0MEYj7kJ6hgshop0A="},"lastRemoteEphemeralKey":"BQGlIAlFTenMXgmtPor85BWFtbSpKXWY0x5oJlr5akgK","previousCounter":0,"rootKey":"BAxuoy6IHLCanxNd8zUmJ25Ggh7lQkSRzy18w8R71KQ="},"indexInfo":{"baseKey":"BQnoVEZ7pKjhEvcxRL9MAtvC/HH6qBy/gkJ08IH3vn9Z","baseKeyType":1,"closed":-1,"used":1716074382894,"created":1716074382894,"remoteIdentityKey":"BfMyQ2RsMFEi+FeEjJwBNpk1hOp0fG4cFoVCs78hESBb"},"_chains":{"BSUZX7N5p9Pz1vEAakMCyHkj30ExQP3myIgzsiH9jxNG":{"chainKey":{"counter":0,"key":"1MfTr/xmVdSrLbxKRFB99viI00jbNHMecjPp9gQDkZw="},"chainType":1,"messageKeys":{}}},"pendingPreKey":{"signedKeyId":10,"baseKey":"BQnoVEZ7pKjhEvcxRL9MAtvC/HH6qBy/gkJ08IH3vn9Z","preKeyId":7603154}}},"version":"v1"}