{"_sessions":{"BclSCy9KLhBCXD4U8lr+48OUS9pwZfWUcSe8Musf0vJ5":{"registrationId":5413,"currentRatchet":{"ephemeralKeyPair":{"pubKey":"Bbr5sS2GaqiYVr7V1HHsMqAS+ugO1jhSUSiownGH8TIH","privKey":"SMZV5feZoGblElNUEuu5anZS64FlT+bCeIXyKAHRLks="},"lastRemoteEphemeralKey":"BVcnwJ1QMUsAM8haGXD5/Bnt29c9Glt6bzLn73uKJF01","previousCounter":0,"rootKey":"7p9QY2PBQLYVryvOlO6xhixbLZMSK4SSbjf7qSF9uyk="},"indexInfo":{"baseKey":"BclSCy9KLhBCXD4U8lr+48OUS9pwZfWUcSe8Musf0vJ5","baseKeyType":1,"closed":-1,"used":1716074382053,"created":1716074382053,"remoteIdentityKey":"BTZWLjvrPc1GFQ8RV10pX7IB+hnqAjAtMcmAUSislK1x"},"_chains":{"Bbr5sS2GaqiYVr7V1HHsMqAS+ugO1jhSUSiownGH8TIH":{"chainKey":{"counter":0,"key":"tABbVsemHN25VUnrj1eJnCUQjThELlBSDjGE4sb4LnI="},"chainType":1,"messageKeys":{}}},"pendingPreKey":{"signedKeyId":1,"baseKey":"BclSCy9KLhBCXD4U8lr+48OUS9pwZfWUcSe8Musf0vJ5"}}},"version":"v1"}