{"_sessions":{"BXSjIdV/nXegYJuw3saORFwzsumOT13z3in7O7BsSYZi":{"registrationId":150,"currentRatchet":{"ephemeralKeyPair":{"pubKey":"BaR7Xkla3b+tBagrViTWu5DSL8Tb8Io4k94inluw8/91","privKey":"gIFcq337eA58qXzogvCGvcfJzFjjTeszziDUdn2T21k="},"lastRemoteEphemeralKey":"BTd0SnLlexPzso5Pv7gAV09h1A8v1AVXeEL5WnBp19tt","previousCounter":0,"rootKey":"Roxmd42oIqFquI7o3Pb+YpS8hGKq9R1sQxQ0C2H2zHc="},"indexInfo":{"baseKey":"BXSjIdV/nXegYJuw3saORFwzsumOT13z3in7O7BsSYZi","baseKeyType":1,"closed":-1,"used":1716074381655,"created":1716074381655,"remoteIdentityKey":"BZjzE6zf76pjB7UWMjWTyPqD9rSq7B4CslhnYENsxvcg"},"_chains":{"BaR7Xkla3b+tBagrViTWu5DSL8Tb8Io4k94inluw8/91":{"chainKey":{"counter":0,"key":"uRLCNhh+FNwxqpxifEfLjfqJ4fihNqd3CqFzdHm4O+U="},"chainType":1,"messageKeys":{}}},"pendingPreKey":{"signedKeyId":1,"baseKey":"BXSjIdV/nXegYJuw3saORFwzsumOT13z3in7O7BsSYZi"}}},"version":"v1"}