{"_sessions":{"BfEsgetDVjYWI6sMEciVEYV1c/kR43FZI9wKgO2hTgoI":{"registrationId":807162899,"currentRatchet":{"ephemeralKeyPair":{"pubKey":"BUpmbTeZ1azmj9H39OhXOaAI6L+VYzn74uwvvOfLY6gj","privKey":"0ORL283rZQwIDt+5Ww7zuivVJuZCBTNyQ2lXnvsLknk="},"lastRemoteEphemeralKey":"BQxNeH0CYxJtIerqANI7gcfA0sVpk4mDjmrUrlPIcA1B","previousCounter":0,"rootKey":"vIYSR+oH8oVSUzPTddbmMnhT6Q1UTFIDD9ls57s8xpg="},"indexInfo":{"baseKey":"BfEsgetDVjYWI6sMEciVEYV1c/kR43FZI9wKgO2hTgoI","baseKeyType":1,"closed":-1,"used":1716074382336,"created":1716074382336,"remoteIdentityKey":"BVei8PQyoqIuDsg5pfOKPhUOmlsr4z8k9TEfKzQo7lVZ"},"_chains":{"BUpmbTeZ1azmj9H39OhXOaAI6L+VYzn74uwvvOfLY6gj":{"chainKey":{"counter":0,"key":"Q6zV3a3C4otLt+MSIUhnAKLt7HQ3W0ussT+DA4/JqYs="},"chainType":1,"messageKeys":{}}},"pendingPreKey":{"signedKeyId":2,"baseKey":"BfEsgetDVjYWI6sMEciVEYV1c/kR43FZI9wKgO2hTgoI","preKeyId":5602879}}},"version":"v1"}