{"_sessions":{"BdDJIPQqiPF8wOmt7mtEgN1R1TEJML8k3Ag5y3Ccb3pX":{"registrationId":353832630,"currentRatchet":{"ephemeralKeyPair":{"pubKey":"BQDxaDypctVCsCJlqDy+IYzCUk4w9Nv0lIq86e13GWM6","privKey":"ILgtroYH15BBIpLVmlwDWArS3On1O67TNh6H4TiavnA="},"lastRemoteEphemeralKey":"BSxrjpZKEkY1O274byWpFlZbIcEak3TcZpeOnWaUwh9Z","previousCounter":0,"rootKey":"D3aCpsArr/69jZbub4dVswK0AB1eav3epTJ/9JUf3Lg="},"indexInfo":{"baseKey":"BdDJIPQqiPF8wOmt7mtEgN1R1TEJML8k3Ag5y3Ccb3pX","baseKeyType":1,"closed":-1,"used":1716074382794,"created":1716074382794,"remoteIdentityKey":"BY7YiUjNgEAZknvEH3eXR6G4IpLKCPsp/27KSLs5YvZw"},"_chains":{"BQDxaDypctVCsCJlqDy+IYzCUk4w9Nv0lIq86e13GWM6":{"chainKey":{"counter":0,"key":"wBy5/U03Rx2lGrp48zZpfvK5T2mtAaKAu/Rcb25WNTo="},"chainType":1,"messageKeys":{}}},"pendingPreKey":{"signedKeyId":2,"baseKey":"BdDJIPQqiPF8wOmt7mtEgN1R1TEJML8k3Ag5y3Ccb3pX"}}},"version":"v1"}