{"_sessions":{"BdgF4yQccyiweJx8XLfdxH1FnQki/qEgcgpwmgHlUE1Q":{"registrationId":1576839727,"currentRatchet":{"ephemeralKeyPair":{"pubKey":"BVqsgnrTAPkiA/jPBY/FVxpEZpL8OUx+jCWGUrt4xk57","privKey":"qEVaOcybFsnnF2u3qFgfyIfTz4HAxgxobFDwIQ1RGXI="},"lastRemoteEphemeralKey":"Bbwz9U51qqZriOCiyPwVsGioXR+yJzYWeBL/FyI3RFF5","previousCounter":0,"rootKey":"1iluFKV3cL4ToM2+Ei7xjPfE2yCt6IczhFW5vaeYWww="},"indexInfo":{"baseKey":"BdgF4yQccyiweJx8XLfdxH1FnQki/qEgcgpwmgHlUE1Q","baseKeyType":1,"closed":-1,"used":1716074382937,"created":1716074382937,"remoteIdentityKey":"BRGX5z0/6ADPN1Ws73e7Qrgm7a4PRWqAET0YlmvWBv9Z"},"_chains":{"BVqsgnrTAPkiA/jPBY/FVxpEZpL8OUx+jCWGUrt4xk57":{"chainKey":{"counter":0,"key":"XsXIfPwxjiAlodlo+O/rOVsm9zE8DJiRiSsF5tw9Gpg="},"chainType":1,"messageKeys":{}}},"pendingPreKey":{"signedKeyId":1,"baseKey":"BdgF4yQccyiweJx8XLfdxH1FnQki/qEgcgpwmgHlUE1Q","preKeyId":15623163}}},"version":"v1"}