{"_sessions":{"BTOeqBLsFIFWQjkRZPBLGngYItLSD8pa4PiCjt3Ly3xX":{"registrationId":1250268540,"currentRatchet":{"ephemeralKeyPair":{"pubKey":"BUCq5MT7pFoR5NpBlB8vNx6b2wb5t0cKjR/GwGhk5bEX","privKey":"KORSgfcCzYqY8n/sCBUGC4mskAbcnmIM1ejpjvcNOVU="},"lastRemoteEphemeralKey":"BeRd/nkL0B98U1JXeSQ659cMn2uBYvOT6B3P9KtuKW4i","previousCounter":0,"rootKey":"7axWq2GVt7NR/Cyk3Q+TOEESLM8pUCZTW/GWtHsiDbw="},"indexInfo":{"baseKey":"BTOeqBLsFIFWQjkRZPBLGngYItLSD8pa4PiCjt3Ly3xX","baseKeyType":1,"closed":-1,"used":1716074382935,"created":1716074382935,"remoteIdentityKey":"BapOiFdBNX/Q7RHdMZrzuAiKJyUehC/MK0cLmbKePIhf"},"_chains":{"BUCq5MT7pFoR5NpBlB8vNx6b2wb5t0cKjR/GwGhk5bEX":{"chainKey":{"counter":0,"key":"H5U0FGRJNc/H3kRpnZXCnwFzuR8ZwsAEwNTGO0n9uUc="},"chainType":1,"messageKeys":{}}},"pendingPreKey":{"signedKeyId":14295971,"baseKey":"BTOeqBLsFIFWQjkRZPBLGngYItLSD8pa4PiCjt3Ly3xX","preKeyId":2340}}},"version":"v1"}