{"_sessions":{"BSnWeXDYMygqmuDTidcvO8nQ4njkwrrzO56pEjBHl8Ff":{"registrationId":598435929,"currentRatchet":{"ephemeralKeyPair":{"pubKey":"BcEg/I/XmPtGCFZD2gj75fI3rKGUFOrcwxJiM735QOdE","privKey":"WKE5z8Bq0+6XXU8vs+IJ+yn3q5DhFkRipcTAXIqXKUI="},"lastRemoteEphemeralKey":"BZ1x0wFhmr3howvINe5ooZ1+FrgLTRiegqaWcYVLsi1N","previousCounter":0,"rootKey":"1JbAj/tVit6zL4morJ1ciEsDmLOfvPrk8O7t3BtH3Js="},"indexInfo":{"baseKey":"BSnWeXDYMygqmuDTidcvO8nQ4njkwrrzO56pEjBHl8Ff","baseKeyType":1,"closed":-1,"used":1716074382571,"created":1716074382571,"remoteIdentityKey":"Bc2hdFe91afkJZULF99iCmzlQva6qWFKUESkjSCILFAR"},"_chains":{"BcEg/I/XmPtGCFZD2gj75fI3rKGUFOrcwxJiM735QOdE":{"chainKey":{"counter":0,"key":"bWdMk5kVu0LMuUUxA5n4cwPSCtqWfa2iAJCeARsKmhQ="},"chainType":1,"messageKeys":{}}},"pendingPreKey":{"signedKeyId":5,"baseKey":"BSnWeXDYMygqmuDTidcvO8nQ4njkwrrzO56pEjBHl8Ff","preKeyId":2528626}}},"version":"v1"}