{"_sessions":{"BQne16U66E+K+IIIz97TgVBDPKoi+CbZ1mZuu5tWzFAY":{"registrationId":2062466476,"currentRatchet":{"ephemeralKeyPair":{"pubKey":"BXuE7oxcAl0dt4FkuOSN5yMy6bOTGWLlHlmHUxFDWf9i","privKey":"yGw/ZRk5NWr5n7zZRDyo7hX2Z7Bbc9TsrhxQH9f7Ilk="},"lastRemoteEphemeralKey":"BdhR4aiXDvhzab62kQsTS4Dc95cpMDtN/QF1xLVTpxAd","previousCounter":0,"rootKey":"HlOVGqJyM0RNFGUQhiyu27cyreHo4bXNgOWGjJlw7Aw="},"indexInfo":{"baseKey":"BQne16U66E+K+IIIz97TgVBDPKoi+CbZ1mZuu5tWzFAY","baseKeyType":1,"closed":-1,"used":1716074382855,"created":1716074382855,"remoteIdentityKey":"BZA01RrlQD4E3uXhrsgoRtsd0/0nIdN2LjwZoh/q94xU"},"_chains":{"BXuE7oxcAl0dt4FkuOSN5yMy6bOTGWLlHlmHUxFDWf9i":{"chainKey":{"counter":0,"key":"VS3prGmU5MSVt4Hadwd56VsIXro9Mbh8fzm5okMq2e0="},"chainType":1,"messageKeys":{}}},"pendingPreKey":{"signedKeyId":2,"baseKey":"BQne16U66E+K+IIIz97TgVBDPKoi+CbZ1mZuu5tWzFAY","preKeyId":9581551}}},"version":"v1"}