{"_sessions":{"BVerQY21S1kkuLtOu9ZBu5x/D/KE+ooC2NyMh7cK0okQ":{"registrationId":12285,"currentRatchet":{"ephemeralKeyPair":{"pubKey":"BVDeO81v32DGmgcDZDvScCwEZforfQyRN8i25XXkXtAo","privKey":"8FPnEQqfXBTkBNvghx8M8FXOvHT65Dns0wivxfc/TGs="},"lastRemoteEphemeralKey":"BXJDSAxWK4eNl7nLyBtmd8FqzmIhLigRjyLhO+I0vshu","previousCounter":0,"rootKey":"qEQnNNUWa/myfVrIZzO4zNyCFsouXHLZZBX/GhpJbaQ="},"indexInfo":{"baseKey":"BVerQY21S1kkuLtOu9ZBu5x/D/KE+ooC2NyMh7cK0okQ","baseKeyType":1,"closed":-1,"used":1716074381905,"created":1716074381905,"remoteIdentityKey":"BaymwFwSHx7HHkBSRo4npRb80QbXXBKkFoM02+8OnQUQ"},"_chains":{"BVDeO81v32DGmgcDZDvScCwEZforfQyRN8i25XXkXtAo":{"chainKey":{"counter":0,"key":"CNH1ge4QWkKDjr7Yj3VEMsfgnmTKK95khSoeW4B517U="},"chainType":1,"messageKeys":{}}},"pendingPreKey":{"signedKeyId":1,"baseKey":"BVerQY21S1kkuLtOu9ZBu5x/D/KE+ooC2NyMh7cK0okQ"}}},"version":"v1"}