{"_sessions":{"BeOdNlfpe43DFzJalFrzuJwSUfv6qIvY1xRf9NoKX/RG":{"registrationId":248880629,"currentRatchet":{"ephemeralKeyPair":{"pubKey":"Bdv51kqzPWgH5PMVEg32ZSQ88kEvlBR87Z15POhWCJkc","privKey":"wAV6b1iybSN6Mx50g1TzdMcgxbZkOyMgLVlvDstRx3M="},"lastRemoteEphemeralKey":"BR2ZuD1HPDsrr9E9XPPb9TvLPqDU6udRh2SS6xFafF5d","previousCounter":0,"rootKey":"YS+Bl7IMAJyXO2UPArKA/9YIzZQOfBwXfttb2JhFv9k="},"indexInfo":{"baseKey":"BeOdNlfpe43DFzJalFrzuJwSUfv6qIvY1xRf9NoKX/RG","baseKeyType":1,"closed":-1,"used":1716074382456,"created":1716074382456,"remoteIdentityKey":"BdYGsn0tWxZnns3XP+yURsSVK++haC1HCzjnKLjveWFf"},"_chains":{"Bdv51kqzPWgH5PMVEg32ZSQ88kEvlBR87Z15POhWCJkc":{"chainKey":{"counter":0,"key":"hsxm1cuALjed5/cAc8M0b207ZTjBL3tIGsnQuzJPVJA="},"chainType":1,"messageKeys":{}}},"pendingPreKey":{"signedKeyId":1,"baseKey":"BeOdNlfpe43DFzJalFrzuJwSUfv6qIvY1xRf9NoKX/RG"}}},"version":"v1"}