{"_sessions":{"Bd6BmSJNlPvWs67c+2a4Lx/ye6OuN80bSxo1Llebn3gb":{"registrationId":168077570,"currentRatchet":{"ephemeralKeyPair":{"pubKey":"BUZrR4+Ay8i+J+nz7BYko5+emedMO6gjG8yZoGuYODV4","privKey":"IC4alI50IupfRINkOSx7Hk42wQfG4SAP/aj2eKJeI1M="},"lastRemoteEphemeralKey":"Bb/mrhnXSkLQwqTjp4EbaPAcrugFnZ2SE8IpE6nNX8Nr","previousCounter":0,"rootKey":"Z+Em907Ha+L3AOuuaZbnTnXmVTP7okieUBUwIjydE/I="},"indexInfo":{"baseKey":"Bd6BmSJNlPvWs67c+2a4Lx/ye6OuN80bSxo1Llebn3gb","baseKeyType":1,"closed":-1,"used":1716074382299,"created":1716074382299,"remoteIdentityKey":"BW9ek+CkXtPLglidLCwq29e0Pf6T9IzdnKKBNdIJjTwd"},"_chains":{"BUZrR4+Ay8i+J+nz7BYko5+emedMO6gjG8yZoGuYODV4":{"chainKey":{"counter":0,"key":"LIucfWxwqy4qCZjX5OtDNe6Gfkqhyzc1H8XFirDhNd8="},"chainType":1,"messageKeys":{}}},"pendingPreKey":{"signedKeyId":4,"baseKey":"Bd6BmSJNlPvWs67c+2a4Lx/ye6OuN80bSxo1Llebn3gb","preKeyId":1706946}}},"version":"v1"}