{"_sessions":{"BQYRK0qdKeT/80K574A1M+J0AShULkUrRz5rcxPdPKAs":{"registrationId":1832054797,"currentRatchet":{"ephemeralKeyPair":{"pubKey":"BZTK5LlVqHH3yrQvkMaHipa0YcdRvEfrPX/aXD3ebLMH","privKey":"8F87pXgvemVOcE509rKxC9MXoB+CYCzIZ9IgRkqL3lk="},"lastRemoteEphemeralKey":"BWd6d748ynFsiWRgEGc7Dt9jFkLhFJ7C1y2kgmVke9Uc","previousCounter":0,"rootKey":"NaHPa3bsplJKiyCOdWQBMtWDCVbWbVemQDA5DXscuhM="},"indexInfo":{"baseKey":"BQYRK0qdKeT/80K574A1M+J0AShULkUrRz5rcxPdPKAs","baseKeyType":2,"closed":-1,"used":1716074268125,"created":1716074268125,"remoteIdentityKey":"BYFA3kfZHHNzuIsPgCdkYEEZIH91LBX1besmhWGadZtR"},"_chains":{"BWd6d748ynFsiWRgEGc7Dt9jFkLhFJ7C1y2kgmVke9Uc":{"chainKey":{"counter":7,"key":"KB5KLjwcz5nqWfV8Nn+m7jpi+AejQcuEQQ90l+jTaMI="},"chainType":2,"messageKeys":{}},"BZTK5LlVqHH3yrQvkMaHipa0YcdRvEfrPX/aXD3ebLMH":{"chainKey":{"counter":0,"key":"IS6A4jy+sqTafvAP3JPV1J9ADEI5j5pP1DF+WYutz1g="},"chainType":1,"messageKeys":{}}}}},"version":"v1"}