{"_sessions":{"Ba92TBzUhLRS9i+zv0mBaEC6jXaoo1bf1MnkpiyxXGIM":{"registrationId":1592161186,"currentRatchet":{"ephemeralKeyPair":{"pubKey":"BUxiQLppJaU+ZGn2pikIFx87Z/xsCcAuLxST9cleXiFW","privKey":"aFMTNcWkUQsnZcDxRKliLn+WsNFoUsc6cyJZTZMNPE0="},"lastRemoteEphemeralKey":"BW/yGgFxm0GNN7Q1UuQCwM2LXKcMBTdXx7VV57+HqdRr","previousCounter":0,"rootKey":"pUrWsQ3j2GovWHusNzCpMsVwFc8T3qkT7LmKCeC8c5Y="},"indexInfo":{"baseKey":"Ba92TBzUhLRS9i+zv0mBaEC6jXaoo1bf1MnkpiyxXGIM","baseKeyType":2,"closed":-1,"used":1713913310093,"created":1713913036706,"remoteIdentityKey":"BbbxDhQvnTS/Uuje/XjLAsuJ1PoUZfIN7CF3Tk8kBIQB"},"_chains":{"BXGDp8UOroD9amaXmZOxVczcv3+arNQX0FsjdqeMIYJI":{"chainKey":{"counter":1},"chainType":2,"messageKeys":{}},"BfRcjzOh0WHUOCp9cED+C0jQmB/ggTTumxOwGCAreoNd":{"chainKey":{"counter":0},"chainType":2,"messageKeys":{}},"BTWrJPCGq2Zgq9VgNsz8fztZ3DWyXNMyV0xKuYrgHi8+":{"chainKey":{"counter":0},"chainType":2,"messageKeys":{}},"BZFCddEhuRRZUgvPktSg5AeYt2nIi6spr7Gz96oSi/Z6":{"chainKey":{"counter":1},"chainType":2,"messageKeys":{}},"BQpzOiLkRCHeaG6QcJZZ/dZb/sD1GoQ6CrUx0B4f5uAl":{"chainKey":{"counter":0},"chainType":2,"messageKeys":{}},"BVmBp2iTs7N64sMUkv6kg45EooRAgs2yGOP1AB2LlxRD":{"chainKey":{"counter":0},"chainType":2,"messageKeys":{}},"BYJMV47nl+q5WrOAcPb2o3fCMVvklBRHIKE5TyQe60oq":{"chainKey":{"counter":1},"chainType":2,"messageKeys":{}},"BR93yfesfXZ126iaJjSmm5Ddg3efozSnU9wXnjiJV39B":{"chainKey":{"counter":0},"chainType":2,"messageKeys":{}},"BW/yGgFxm0GNN7Q1UuQCwM2LXKcMBTdXx7VV57+HqdRr":{"chainKey":{"counter":0,"key":"f+1NGTQPyXIkCmq1uy/2kF8dLaRGMTPhqx9z5B1SzS4="},"chainType":2,"messageKeys":{}},"BUxiQLppJaU+ZGn2pikIFx87Z/xsCcAuLxST9cleXiFW":{"chainKey":{"counter":0,"key":"gVjsePWamHOIGZFVQ6SgqQ/z/aq8nvNDeBUhKLmsAlE="},"chainType":1,"messageKeys":{}}}}},"version":"v1"}