{"_sessions":{"BUux8489caNB2/ZaVS12MRirlQ9V5XqNtCkSFYYQ1idQ":{"registrationId":1194012918,"currentRatchet":{"ephemeralKeyPair":{"pubKey":"BUtyx1a/45ne5xEi0tQ4eTZ5vRgQMTdHkPlRvozX8qBo","privKey":"UH6tCAXsuLIDMZ9VTkhTpWO1FyuDALy2ojX0hYmFhU0="},"lastRemoteEphemeralKey":"BZlGlKQmS63KjOnpGNV08Eouxb00a8CWkUECV4hOfkpW","previousCounter":0,"rootKey":"8girsoNs+8t3wqAm723RW7xdxUNj0jMa5SNfcPhiyMM="},"indexInfo":{"baseKey":"BUux8489caNB2/ZaVS12MRirlQ9V5XqNtCkSFYYQ1idQ","baseKeyType":1,"closed":-1,"used":1716074382708,"created":1716074382708,"remoteIdentityKey":"Bb6ouDdtasqxiwvBuN4S99wNrIbhkNEFz11EVMGuvUxW"},"_chains":{"BUtyx1a/45ne5xEi0tQ4eTZ5vRgQMTdHkPlRvozX8qBo":{"chainKey":{"counter":0,"key":"MoAI7VSQgHNf9phxPTesuc9tSeNZX2TFoF5VPe+qv+0="},"chainType":1,"messageKeys":{}}},"pendingPreKey":{"signedKeyId":1,"baseKey":"BUux8489caNB2/ZaVS12MRirlQ9V5XqNtCkSFYYQ1idQ","preKeyId":7625366}}},"version":"v1"}