{"_sessions":{"BTz6TAKoPuj2rN+GMb12v0Jb3fVBQiEScgy8dG0XxAMm":{"registrationId":1234385765,"currentRatchet":{"ephemeralKeyPair":{"pubKey":"BckXbLxq0z55qqCiZN8vv3NROYD9saSj1nXDXd0HSN1T","privKey":"YMa//0ita7S/l8XbArkIiqqrNbEWOSgXHV1Oxz/k4Ew="},"lastRemoteEphemeralKey":"BUb3mZKNbHrDJh57cjnRFMSaeGp7HsJgth/8OueCt1ZG","previousCounter":0,"rootKey":"UFhvv5Nwqrd4pQpYNgqbySTy62PFJPHMIcsH4HAx+Ro="},"indexInfo":{"baseKey":"BTz6TAKoPuj2rN+GMb12v0Jb3fVBQiEScgy8dG0XxAMm","baseKeyType":1,"closed":-1,"used":1716074381826,"created":1716074381826,"remoteIdentityKey":"Bf/NyniRf3y5Qj9W0IQV9fahoREFMf5hgoBxOB1KuPIs"},"_chains":{"BckXbLxq0z55qqCiZN8vv3NROYD9saSj1nXDXd0HSN1T":{"chainKey":{"counter":0,"key":"gMj76uco3iLdpbjh4DEAwD7X2O4NTL2Yfvet50ZdAwg="},"chainType":1,"messageKeys":{}}},"pendingPreKey":{"signedKeyId":1,"baseKey":"BTz6TAKoPuj2rN+GMb12v0Jb3fVBQiEScgy8dG0XxAMm","preKeyId":3147740}}},"version":"v1"}