{"_sessions":{"BWoFVkBoHiGytFjwFw/vjGCS9FinvxKhwhDvMv+YY4A+":{"registrationId":2006473313,"currentRatchet":{"ephemeralKeyPair":{"pubKey":"BbIg1//N5IPG1TFXYVRggaGTGtXtm8talrnOMTZ2fy9J","privKey":"WPe+RkVAW8xjoV0V3KTzl4zqv6uosjfujVHd2UBbiVo="},"lastRemoteEphemeralKey":"BQ/UXqz2/Vw5A+1deLrooNo7hLWhV1OV8Q0BNXNE7jYO","previousCounter":0,"rootKey":"xHYLYJLgpz2iRMDoN7+SZ3YSfLigmCJ9XAkHAB5AeEE="},"indexInfo":{"baseKey":"BWoFVkBoHiGytFjwFw/vjGCS9FinvxKhwhDvMv+YY4A+","baseKeyType":1,"closed":-1,"used":1716074382433,"created":1716074382433,"remoteIdentityKey":"BXdWvlOvh++HF/k2pAYsNl89l7u1LfZw5K7fhc2y0Gl8"},"_chains":{"BbIg1//N5IPG1TFXYVRggaGTGtXtm8talrnOMTZ2fy9J":{"chainKey":{"counter":0,"key":"JCpkV4s37Xh3ZwgjWC//Mz/jlMSZz6BmK76txUpNnHM="},"chainType":1,"messageKeys":{}}},"pendingPreKey":{"signedKeyId":13,"baseKey":"BWoFVkBoHiGytFjwFw/vjGCS9FinvxKhwhDvMv+YY4A+","preKeyId":15505341}}},"version":"v1"}