{"_sessions":{"BcUxXrGjgkxpTcUP/7wFM1hF/sOIHTqkfjoYbTkVgEdJ":{"registrationId":1903751161,"currentRatchet":{"ephemeralKeyPair":{"pubKey":"BbzAt+cIWD4iUQiCp7AIAKoH0Xin6xseEbGmj29Iwy0i","privKey":"yLNmQvn1RbLO5+k6Ud8uupFDJCOJbrVqdHmZmaxaSls="},"lastRemoteEphemeralKey":"BRQWVQ2/zEOmev+rOi4eYDLnMDsMLDfmKaLoyMrJXu4r","previousCounter":0,"rootKey":"FFPpV/ZdcsE0ZkIzOEPBzXJo8tu8iiDabUzYZc9MAgc="},"indexInfo":{"baseKey":"BcUxXrGjgkxpTcUP/7wFM1hF/sOIHTqkfjoYbTkVgEdJ","baseKeyType":1,"closed":-1,"used":1716074382980,"created":1716074382980,"remoteIdentityKey":"BaJYLRa84i52IinA0+2wE8DLAZjpAZnriR/1sV2M3sMf"},"_chains":{"BbzAt+cIWD4iUQiCp7AIAKoH0Xin6xseEbGmj29Iwy0i":{"chainKey":{"counter":0,"key":"2a74vSTGsRNPl+WPYfVNhQMw910XciQCqKDZGHG0OFM="},"chainType":1,"messageKeys":{}}},"pendingPreKey":{"signedKeyId":2,"baseKey":"BcUxXrGjgkxpTcUP/7wFM1hF/sOIHTqkfjoYbTkVgEdJ","preKeyId":14883628}}},"version":"v1"}