{"_sessions":{"BfP4AgAPjBXj/qTXF/Hfsa+PXbJ6m0nt/jfmWeZxZmEG":{"registrationId":1239015941,"currentRatchet":{"ephemeralKeyPair":{"pubKey":"BYDSEW5yI5ZlpqoynNm19UojM7QkB+qq7BED8bONk1l/","privKey":"cNwW2DeZyl9Rm0Wps7R/xT6i8P4Nw+Nk8Ogd1i1r5H0="},"lastRemoteEphemeralKey":"BeViteXYLd8d7/L3EhCb9AZl+MiPtS5m6fH3P5yzpeoW","previousCounter":0,"rootKey":"NjmHMFJ1TMN2uGJgzBRZnf3Hy81CNfzbFkzgivzrBBM="},"indexInfo":{"baseKey":"BfP4AgAPjBXj/qTXF/Hfsa+PXbJ6m0nt/jfmWeZxZmEG","baseKeyType":1,"closed":-1,"used":1716074381722,"created":1716074381722,"remoteIdentityKey":"BVDOEHcJV0qeI89xrA8NluexpFTx4NhsMGMvpZYWJU0P"},"_chains":{"BYDSEW5yI5ZlpqoynNm19UojM7QkB+qq7BED8bONk1l/":{"chainKey":{"counter":0,"key":"zU+rc/5llRxBstzBPQrChp7wBWdRvIkSjwmnnwcVf08="},"chainType":1,"messageKeys":{}}},"pendingPreKey":{"signedKeyId":1,"baseKey":"BfP4AgAPjBXj/qTXF/Hfsa+PXbJ6m0nt/jfmWeZxZmEG"}}},"version":"v1"}