{"_sessions":{"Bft5h3j6YZCzlgARji1VHs18XiTCGhGF2zhZXVUvsAAO":{"registrationId":1888309067,"currentRatchet":{"ephemeralKeyPair":{"pubKey":"BYvsZviyIX3HrUsLRRj9rZav0sXJmwIS0tfR6CfzGeBp","privKey":"eH1KGwQVrJ7Gy9tRsp5HAjGWO5I+kS2TpfE9epqjvWY="},"lastRemoteEphemeralKey":"BQZ/6pyG2Ziykb/T4PcNI5nZSFZeQEekb7GzcnPZh5lq","previousCounter":0,"rootKey":"NPFyFJYoZjUfrCXKLrca8hk4lQV7syCIWjsuQFey5bE="},"indexInfo":{"baseKey":"Bft5h3j6YZCzlgARji1VHs18XiTCGhGF2zhZXVUvsAAO","baseKeyType":1,"closed":-1,"used":1716074382953,"created":1716074382953,"remoteIdentityKey":"BVBFgPRrpTnrlJofUhZPkcPdJ4vG+TM24E7tCFkXvrpy"},"_chains":{"BYvsZviyIX3HrUsLRRj9rZav0sXJmwIS0tfR6CfzGeBp":{"chainKey":{"counter":0,"key":"itlBHtXhJnq6+TzQsvar9mLJtGhFRxJEI44ocDxTq2M="},"chainType":1,"messageKeys":{}}},"pendingPreKey":{"signedKeyId":0,"baseKey":"Bft5h3j6YZCzlgARji1VHs18XiTCGhGF2zhZXVUvsAAO","preKeyId":11631431}}},"version":"v1"}