{"_sessions":{"BZjBcEUtKsPs/2kS6UHRFj7WUxpcvH+6FBLSEBqZ/tp3":{"registrationId":830033284,"currentRatchet":{"ephemeralKeyPair":{"pubKey":"BcYqdTODo79K1AQvQ7HofEQn3bIlJbhOshmjw5Y7Hgkg","privKey":"uFICSpElogWsUfbUwc43E01KhiOYoXpQ3lsB2WCm8Fk="},"lastRemoteEphemeralKey":"BWxK2cQ6AHWBbCMqLWV1FhNY0cJY6N8Y/MH75kfc2UVz","previousCounter":0,"rootKey":"eJyFS8eFdTIS1crUo+h2+0aJKDJSPNkKIxzd9gYUVo0="},"indexInfo":{"baseKey":"BZjBcEUtKsPs/2kS6UHRFj7WUxpcvH+6FBLSEBqZ/tp3","baseKeyType":1,"closed":-1,"used":1716074383033,"created":1716074383033,"remoteIdentityKey":"BUSFLoUTOsCMPCXeWPhRmN80LqXUgWCnGxeXr/Jv71p5"},"_chains":{"BcYqdTODo79K1AQvQ7HofEQn3bIlJbhOshmjw5Y7Hgkg":{"chainKey":{"counter":0,"key":"HkwmC3OvpyRuVtNCka9AL5hrY+rxxSrfklHB0hIv5NE="},"chainType":1,"messageKeys":{}}},"pendingPreKey":{"signedKeyId":0,"baseKey":"BZjBcEUtKsPs/2kS6UHRFj7WUxpcvH+6FBLSEBqZ/tp3","preKeyId":11633602}}},"version":"v1"}