{"_sessions":{"BbzSGWlY3sGYBbIO5wZIm5JwstV36V8a5uXzftQv5Z5U":{"registrationId":1850043540,"currentRatchet":{"ephemeralKeyPair":{"pubKey":"Be4xdHemlcIu+mqc8isp/lrkAFYMbRwA+o3+5e5FJcFy","privKey":"WFicRScQTTpki+wW9AVDZXOi8u62zBMbLZXPRNdd30A="},"lastRemoteEphemeralKey":"BfzVd38mdowgNfQ69D/6/V/5fqefh/9pblq5PnNWfAEN","previousCounter":0,"rootKey":"29xPG/wy2APkG2DOesJMQD6zV2E6dNZvDztZRm4TlrY="},"indexInfo":{"baseKey":"BbzSGWlY3sGYBbIO5wZIm5JwstV36V8a5uXzftQv5Z5U","baseKeyType":1,"closed":-1,"used":1716074382424,"created":1716074382424,"remoteIdentityKey":"BdBco7hHJoRf2rKZjW597bMuLJQJx92QWErADQKDBHcx"},"_chains":{"Be4xdHemlcIu+mqc8isp/lrkAFYMbRwA+o3+5e5FJcFy":{"chainKey":{"counter":0,"key":"aa/DeZpeLpaAiel0Ko70cYrckdQn0fVr8E03ROWKV+w="},"chainType":1,"messageKeys":{}}},"pendingPreKey":{"signedKeyId":1,"baseKey":"BbzSGWlY3sGYBbIO5wZIm5JwstV36V8a5uXzftQv5Z5U","preKeyId":11054774}}},"version":"v1"}