{"_sessions":{"BT9xYj7p2XbuyuqzhYiJOQncAbm9VrFOmC+TeKSG0FQZ":{"registrationId":950394495,"currentRatchet":{"ephemeralKeyPair":{"pubKey":"BcJtnz+gkzdNzyqxmmH4HbRn9kM7shibNDqF2AOSyqQ3","privKey":"qLc6a/e1usnELleKwouJz9we/E607eB7UE7QFbTgclQ="},"lastRemoteEphemeralKey":"BT2NPWeHtpd/9MaG/xTzSjQBgGkM9GUaehc1DYs+NXkG","previousCounter":0,"rootKey":"a6A9XH+9Ka7iyP1PStyXLXqLBaKiYquKAPvTY7ZkxVo="},"indexInfo":{"baseKey":"BT9xYj7p2XbuyuqzhYiJOQncAbm9VrFOmC+TeKSG0FQZ","baseKeyType":1,"closed":-1,"used":1716074382593,"created":1716074382593,"remoteIdentityKey":"BVZb+oBjmDsvITqRIQPw0TeX/T827Zz+yo2OLqp4yRd6"},"_chains":{"BcJtnz+gkzdNzyqxmmH4HbRn9kM7shibNDqF2AOSyqQ3":{"chainKey":{"counter":0,"key":"UaetsTODWNYcAE3Rog5IaOh1+BgpQ9o8waILmo5Bxoo="},"chainType":1,"messageKeys":{}}},"pendingPreKey":{"signedKeyId":6,"baseKey":"BT9xYj7p2XbuyuqzhYiJOQncAbm9VrFOmC+TeKSG0FQZ","preKeyId":12340751}}},"version":"v1"}