{"_sessions":{"BU4lp/UbRQBlflxonQeP/oIaoChbYdXo7HTaRGBCv8JE":{"registrationId":1966192916,"currentRatchet":{"ephemeralKeyPair":{"pubKey":"BchWnvY/n0J/+9o2dYOhI6LvZIrYtsGGcYiwm4LlUxs0","privKey":"GPDMVm82gaF9TQc0gq/3iISG0Dj4WCt+2oJtwv8rYUI="},"lastRemoteEphemeralKey":"BWnPD5MZ004YFD9U+SSv0/9uO78XcDvThm1LHWLaZJQU","previousCounter":0,"rootKey":"96NSxCuqJ8ZWQaxR5/g4zTD/Yj1VfVJRevQyZPEto68="},"indexInfo":{"baseKey":"BU4lp/UbRQBlflxonQeP/oIaoChbYdXo7HTaRGBCv8JE","baseKeyType":1,"closed":-1,"used":1716074382771,"created":1716074382771,"remoteIdentityKey":"BXAFKxS0xeltph3+jyr5++tCzyTYFfyZX/KvHMn8cS9t"},"_chains":{"BchWnvY/n0J/+9o2dYOhI6LvZIrYtsGGcYiwm4LlUxs0":{"chainKey":{"counter":0,"key":"b2qP4e8ObY3Uotvand3Ax7gprSNDXB+J4CiYMXBDQcw="},"chainType":1,"messageKeys":{}}},"pendingPreKey":{"signedKeyId":3,"baseKey":"BU4lp/UbRQBlflxonQeP/oIaoChbYdXo7HTaRGBCv8JE","preKeyId":8841122}}},"version":"v1"}