{"_sessions":{"BbAKppYxCigFa/Wc7M7opWhC2cMbE1F+qEUKDt/e5dMM":{"registrationId":14635,"currentRatchet":{"ephemeralKeyPair":{"pubKey":"BUT/hvLQcTXfrRVDwibkB+Z/hgY5CQfEsXKTI220uM4u","privKey":"uLHqdCQpDZQk5BG6+yXmKty3roNqZD3uhA/+IqREAnA="},"lastRemoteEphemeralKey":"BYv/1Sc/OGoVLJPWAfpV4B76PB7ypeLOdCTd/VwtsJxG","previousCounter":0,"rootKey":"OvqhSrhgDIHWC880l+98eKZEVzo9VDhiU1Xuml32IuM="},"indexInfo":{"baseKey":"BbAKppYxCigFa/Wc7M7opWhC2cMbE1F+qEUKDt/e5dMM","baseKeyType":1,"closed":-1,"used":1716074381649,"created":1716074381649,"remoteIdentityKey":"BXlURDvpS6/WEiv9q+uh46Zd3SWVjpSpwcfdXofTTUNo"},"_chains":{"BUT/hvLQcTXfrRVDwibkB+Z/hgY5CQfEsXKTI220uM4u":{"chainKey":{"counter":0,"key":"+e6U4gatXzDJ/gD0rgxxYnqXdFs1eS+L7YWo1NH5Ow4="},"chainType":1,"messageKeys":{}}},"pendingPreKey":{"signedKeyId":1,"baseKey":"BbAKppYxCigFa/Wc7M7opWhC2cMbE1F+qEUKDt/e5dMM","preKeyId":844}}},"version":"v1"}