{"_sessions":{"BV1G9nlp5F50qUjKsXrscSV+gXigd9AKJrFCQ2U+Gk4A":{"registrationId":11480,"currentRatchet":{"ephemeralKeyPair":{"pubKey":"BWNWZJ12DIZ/dZRS4nMaLJsZulS1PAAdtiOM+CKqbVwX","privKey":"mN82/2FjIB8MSOVlippLz51/ZT2bQ2nVBMj2U5xQkH4="},"lastRemoteEphemeralKey":"BXRoAd03Kx8vXhiQm5sTsr84RvsRzlo6FG4N3xczRMpA","previousCounter":0,"rootKey":"34iCwYyW/A6Znv4QxBWA3R8ATeptaD8SewwVyLA6vQ0="},"indexInfo":{"baseKey":"BV1G9nlp5F50qUjKsXrscSV+gXigd9AKJrFCQ2U+Gk4A","baseKeyType":1,"closed":-1,"used":1716074381962,"created":1716074381962,"remoteIdentityKey":"BZr6kClw7V3yY9OsAod70QQptI74XGG/OVY99xP37Xcm"},"_chains":{"BWNWZJ12DIZ/dZRS4nMaLJsZulS1PAAdtiOM+CKqbVwX":{"chainKey":{"counter":0,"key":"IaNS1PyBbF+EUnDumIAOiiT1+p1esmqPsrvqjZ5ehec="},"chainType":1,"messageKeys":{}}},"pendingPreKey":{"signedKeyId":1,"baseKey":"BV1G9nlp5F50qUjKsXrscSV+gXigd9AKJrFCQ2U+Gk4A"}}},"version":"v1"}