{"_sessions":{"BX3UIqnFzAcm3dXPaZKvs/8Y9bmQH4cf8ijwqXddnIgE":{"registrationId":322659106,"currentRatchet":{"ephemeralKeyPair":{"pubKey":"BXrloa2VksrkRKCPES0F6DskjETUzuxpBQI6JB74aPd0","privKey":"qLYmQXt/e3jdm6br38Vw6ClQ3OJj2COu/ZhxDBnKLWY="},"lastRemoteEphemeralKey":"BaobYO4upF1KWaXQxjL3r8G0aLKS3HQznrflFv0Wd50W","previousCounter":0,"rootKey":"fVWe1PuRytUxMf3v5uHXitibcAjOyBoOIQoTvCZdKU0="},"indexInfo":{"baseKey":"BX3UIqnFzAcm3dXPaZKvs/8Y9bmQH4cf8ijwqXddnIgE","baseKeyType":1,"closed":-1,"used":1716074382384,"created":1716074382384,"remoteIdentityKey":"Be04YrmSXbbn7dXenfr2iwbZY4WqwELHJ/4fuvFB54VT"},"_chains":{"BXrloa2VksrkRKCPES0F6DskjETUzuxpBQI6JB74aPd0":{"chainKey":{"counter":0,"key":"FsNjoJO/OrQj1E06KQlT47B0hx7orjGPTHYlUScsEKk="},"chainType":1,"messageKeys":{}}},"pendingPreKey":{"signedKeyId":13649354,"baseKey":"BX3UIqnFzAcm3dXPaZKvs/8Y9bmQH4cf8ijwqXddnIgE","preKeyId":3063}}},"version":"v1"}