{"_sessions":{"BVsV+y9pkkeLDigZHjoWh0vLD2iJrzbrM9ZneyZWlGVw":{"registrationId":14740,"currentRatchet":{"ephemeralKeyPair":{"pubKey":"BcICiwqucHWxvSA2HwvqgRbHZprEBkM5l17NzhtEEdpt","privKey":"8EF3Ntf/6Mbe3IJqNRy+Sp8wx4iYtY9dDssw5wWjE2U="},"lastRemoteEphemeralKey":"BTAd+KIiaUOc4t/+OWk/15yVsuE1JqopThxsgG76tXwD","previousCounter":0,"rootKey":"57PvewfJQeK7ny0OLzTsbu+aOi8rLFMM7u43PBu43/A="},"indexInfo":{"baseKey":"BVsV+y9pkkeLDigZHjoWh0vLD2iJrzbrM9ZneyZWlGVw","baseKeyType":1,"closed":-1,"used":1716074381976,"created":1716074381976,"remoteIdentityKey":"BV/ssy6z4lwEdKtY3iLd4MnZh+AxRl37pe8xRiUSUis0"},"_chains":{"BcICiwqucHWxvSA2HwvqgRbHZprEBkM5l17NzhtEEdpt":{"chainKey":{"counter":0,"key":"AxLdA5pMS4jLt7k98+WLwkoCpWTwaoTtacYk9LJ/JXk="},"chainType":1,"messageKeys":{}}},"pendingPreKey":{"signedKeyId":1,"baseKey":"BVsV+y9pkkeLDigZHjoWh0vLD2iJrzbrM9ZneyZWlGVw"}}},"version":"v1"}