{"_sessions":{"BXXcdpYWZiwoE8KBoVtorxpwFvDOZ47xukKlRx7YTDoA":{"registrationId":2126286582,"currentRatchet":{"ephemeralKeyPair":{"pubKey":"BQcp1GR2t8vYJr8m7n08/JVlDuzGTPfIKC8R4HIJ64UX","privKey":"AOuGxUmN+Wixv5xJswioymVmP2DSA+g+yLdo4WRmbV8="},"lastRemoteEphemeralKey":"BZ9gDpPZiJJpA/HyVyGh57f3rKh2wcJMda6nQ4ewPZoD","previousCounter":0,"rootKey":"2FzmPK+0VJlz2knJsUiG3q3EDnnVC7UQKdQvGd4s394="},"indexInfo":{"baseKey":"BXXcdpYWZiwoE8KBoVtorxpwFvDOZ47xukKlRx7YTDoA","baseKeyType":1,"closed":-1,"used":1716074383002,"created":1716074383002,"remoteIdentityKey":"BZQryRuxFmDnMOz+FbfFIkC6fY3SLaXQWJNblsoEMxJN"},"_chains":{"BQcp1GR2t8vYJr8m7n08/JVlDuzGTPfIKC8R4HIJ64UX":{"chainKey":{"counter":0,"key":"M/3bqpK2d9bhRhHdECr+0AktQD/lLVmQs4HpK3nbnCM="},"chainType":1,"messageKeys":{}}},"pendingPreKey":{"signedKeyId":1,"baseKey":"BXXcdpYWZiwoE8KBoVtorxpwFvDOZ47xukKlRx7YTDoA","preKeyId":14045939}}},"version":"v1"}