{"_sessions":{"BX+4+Q7JUd5/dU9LfvSpMdH653myPKX+TE2IZkaMqbRW":{"registrationId":2105801811,"currentRatchet":{"ephemeralKeyPair":{"pubKey":"BeTx64RjsTGp6fFhJMEJWZC76iXHTCx+pD9kAz9PL6k5","privKey":"AJZvpVHjN159QKiNi+l/BJ1AaARRtr5zhdS7xnFNo0g="},"lastRemoteEphemeralKey":"BREJss5NsdpCn6miGH2su939xL44X76FSIYBdf2Z62pA","previousCounter":0,"rootKey":"oEY8lRuo67nS9qxIZ638Usbh+wKE9HVKp9AMyC015/U="},"indexInfo":{"baseKey":"BX+4+Q7JUd5/dU9LfvSpMdH653myPKX+TE2IZkaMqbRW","baseKeyType":1,"closed":-1,"used":1716074381787,"created":1716074381787,"remoteIdentityKey":"BYPVB2FyT70x/SqpZg0ISz0oZxl9tf/DzubXnZGnjVd1"},"_chains":{"BeTx64RjsTGp6fFhJMEJWZC76iXHTCx+pD9kAz9PL6k5":{"chainKey":{"counter":0,"key":"objeqp6VRZ3tMZjR82dnQbsRkMCxe2yrmQbd57xBACs="},"chainType":1,"messageKeys":{}}},"pendingPreKey":{"signedKeyId":4,"baseKey":"BX+4+Q7JUd5/dU9LfvSpMdH653myPKX+TE2IZkaMqbRW","preKeyId":6186822}}},"version":"v1"}