{"_sessions":{"BS70seuCtIYgTwVr3ZGTZkwgXlT0RPm0XIo31KWMiHdC":{"registrationId":1157266372,"currentRatchet":{"ephemeralKeyPair":{"pubKey":"BeB7PRFgYRpUp4n+N9CMlFLZno9Qo0Ogfj3JcNZ9kstF","privKey":"SCH5PlUAEuxij9wqL5UyVUUSrCOLYfnYKh5WhDDi8VY="},"lastRemoteEphemeralKey":"BaL3hq1fjT04wMD1gXEoQ+GHm6w+6x1TRqa3uw/JWoZL","previousCounter":0,"rootKey":"W5mW1pyaT9apfkDJUD7TW5quO3F6FioygTaLiurmXw4="},"indexInfo":{"baseKey":"BS70seuCtIYgTwVr3ZGTZkwgXlT0RPm0XIo31KWMiHdC","baseKeyType":1,"closed":-1,"used":1716074382325,"created":1716074382325,"remoteIdentityKey":"BViwBNdowab4U+iRThy8dbnTmGKupOQdrtRz2ZSXoxUe"},"_chains":{"BeB7PRFgYRpUp4n+N9CMlFLZno9Qo0Ogfj3JcNZ9kstF":{"chainKey":{"counter":0,"key":"xQCZhyCuftJFdsalSwhQ19pJE6QfFbNWIgaetd4UVL8="},"chainType":1,"messageKeys":{}}},"pendingPreKey":{"signedKeyId":4,"baseKey":"BS70seuCtIYgTwVr3ZGTZkwgXlT0RPm0XIo31KWMiHdC","preKeyId":14903753}}},"version":"v1"}