{"_sessions":{"BQijFqqTGcsBb0PXTdMWEXRNOrj/v10XS8QuFWOjDhRV":{"registrationId":328844580,"currentRatchet":{"ephemeralKeyPair":{"pubKey":"BdyKbIGHnaRUqLoDenYzh4LhKoK3eAyNAHuIKozIK3hj","privKey":"IINSRqys1DOzXg6Rd4xH/QGjA+i1PKt8Hblq5+Kvm0Y="},"lastRemoteEphemeralKey":"BYay0NPkkRY8Db8z+ppT1AtzhLqRwgHFCI9bN+84mDEH","previousCounter":0,"rootKey":"lEJsoHN9WeYD0yo25QQ52cCNSpCUoup85vSnoH7ETeo="},"indexInfo":{"baseKey":"BQijFqqTGcsBb0PXTdMWEXRNOrj/v10XS8QuFWOjDhRV","baseKeyType":1,"closed":-1,"used":1716074383030,"created":1716074383030,"remoteIdentityKey":"BePSiOW7km+QTyi17bfGiyQuJdipfJYEG+QsrMOPiuht"},"_chains":{"BdyKbIGHnaRUqLoDenYzh4LhKoK3eAyNAHuIKozIK3hj":{"chainKey":{"counter":0,"key":"jjUdvxlP1r1DH2bxzfkS5ywWu05ZB60JJWEdXmexee8="},"chainType":1,"messageKeys":{}}},"pendingPreKey":{"signedKeyId":1,"baseKey":"BQijFqqTGcsBb0PXTdMWEXRNOrj/v10XS8QuFWOjDhRV","preKeyId":8676425}}},"version":"v1"}