{"_sessions":{"BQXFA8Q5SEFMTe/uV1HvtFpFpX7eBLPaaE5DjOyZAlF3":{"registrationId":758456799,"currentRatchet":{"ephemeralKeyPair":{"pubKey":"BexhY3/y27/hdjvCn9x6Nr+oU1z0j3N36tMQQCrddygk","privKey":"qIsumRnscgBhQDvCMZVWL9lduFPOVlTr6a5NWjev0Vc="},"lastRemoteEphemeralKey":"BbCXt5tW4/HO0cGlzD/6bF+s7vItcd3Ook53munNXNwj","previousCounter":0,"rootKey":"FeEnbecI/nRpSyB139gjpMwbmz22QoCU1/h5Wy8Xk/g="},"indexInfo":{"baseKey":"BQXFA8Q5SEFMTe/uV1HvtFpFpX7eBLPaaE5DjOyZAlF3","baseKeyType":1,"closed":-1,"used":1716074381774,"created":1716074381774,"remoteIdentityKey":"BQhGK52VmModjJKneYwgGfLpPqydtBhdRgwG8yxImAYN"},"_chains":{"BexhY3/y27/hdjvCn9x6Nr+oU1z0j3N36tMQQCrddygk":{"chainKey":{"counter":0,"key":"AeD0+FghRwBIN0WNThO0U0TVbAu18w76M44mIRWSeeA="},"chainType":1,"messageKeys":{}}},"pendingPreKey":{"signedKeyId":1,"baseKey":"BQXFA8Q5SEFMTe/uV1HvtFpFpX7eBLPaaE5DjOyZAlF3","preKeyId":2740823}}},"version":"v1"}