{"_sessions":{"BVNd/68JWZqxFk1r8Ve0aBL2phmN+tzCeJDvgdmPqGNa":{"registrationId":1387340649,"currentRatchet":{"ephemeralKeyPair":{"pubKey":"BQcXZP1fEOqZM2Pa8xzVZfFLTyg4e5S6g9T4Rh0BR7t2","privKey":"wKsEx420cTGaw7RH0TbVzRRRumjQ1/NP6QnEPqAgUW0="},"lastRemoteEphemeralKey":"BY727N/2QHJ43ktUtZ5fonY/w+jJo8NJ3muNZgrLxHI1","previousCounter":0,"rootKey":"kxTIfzasQIK2BQzEw6PtLh7kodT//IZdLm/iMDnBoBQ="},"indexInfo":{"baseKey":"BVNd/68JWZqxFk1r8Ve0aBL2phmN+tzCeJDvgdmPqGNa","baseKeyType":1,"closed":-1,"used":1716074382749,"created":1716074382749,"remoteIdentityKey":"BYoSjIC0d++nGSoVsG4MaOkXAQACdfBJN1JPjTfV30xw"},"_chains":{"BQcXZP1fEOqZM2Pa8xzVZfFLTyg4e5S6g9T4Rh0BR7t2":{"chainKey":{"counter":0,"key":"0lnj51Xt5XhPH1XpTU0HNsrK4zlpZwG6AK1vAPVgMog="},"chainType":1,"messageKeys":{}}},"pendingPreKey":{"signedKeyId":0,"baseKey":"BVNd/68JWZqxFk1r8Ve0aBL2phmN+tzCeJDvgdmPqGNa","preKeyId":717518}}},"version":"v1"}