{"_sessions":{"BaECL03NTDU0CduJrZ+1+TELsLthEn3bC4ZyOChwcatS":{"registrationId":458327320,"currentRatchet":{"ephemeralKeyPair":{"pubKey":"BYffLOwgphfpJW0iVTWeYCn0mKuSbtu1vx0wfi7/wC5G","privKey":"EPym4blMa78VDXnKAtH2eh7Q9oClSZK/kZpZpW+BOHs="},"lastRemoteEphemeralKey":"Bek3pgSUxklAycDzap/fEtFjtJwm+gceeKsRaUqTG5dv","previousCounter":0,"rootKey":"1qoMCtoER6TA7CV9G+LnIzKPHik7jcsgCVyRsym8PFg="},"indexInfo":{"baseKey":"BaECL03NTDU0CduJrZ+1+TELsLthEn3bC4ZyOChwcatS","baseKeyType":1,"closed":-1,"used":1716074382172,"created":1716074382172,"remoteIdentityKey":"BWQNEc9xU27ZLYAbj+sifk3r4Xeyzo+LIaUznj5v3eVN"},"_chains":{"BYffLOwgphfpJW0iVTWeYCn0mKuSbtu1vx0wfi7/wC5G":{"chainKey":{"counter":0,"key":"PD/bhUzqFBLRE/W8wH7RwBKts/6RKGt63Qa3LzfuDcU="},"chainType":1,"messageKeys":{}}},"pendingPreKey":{"signedKeyId":2588992,"baseKey":"BaECL03NTDU0CduJrZ+1+TELsLthEn3bC4ZyOChwcatS","preKeyId":87680}}},"version":"v1"}