{"_sessions":{"BfFP3X46MfYXce99vgWIGiSIungPAwhG04DIB98QLVZA":{"registrationId":1673559406,"currentRatchet":{"ephemeralKeyPair":{"pubKey":"BdO86sQDqYNd0RyIiHaQ4LALFdtkZG1ciPH+VPKbQY8/","privKey":"yMLNgalyrGivtoJvAOEmStQK9H8zueAEd82tcOLtvGQ="},"lastRemoteEphemeralKey":"BYzHXgpKDODiZBCRp0h9gBsuL07VEFKsvlXnr6UYpTdN","previousCounter":0,"rootKey":"u1JPKsqy4qflfFTvbSFVcjgdfbNpjrjK2uNuL9Os8uI="},"indexInfo":{"baseKey":"BfFP3X46MfYXce99vgWIGiSIungPAwhG04DIB98QLVZA","baseKeyType":1,"closed":-1,"used":1716074382912,"created":1716074382912,"remoteIdentityKey":"BagPGJhkT3dbH7PasPIMaSsGbOPcmfFBlKWf+X/uyXMQ"},"_chains":{"BdO86sQDqYNd0RyIiHaQ4LALFdtkZG1ciPH+VPKbQY8/":{"chainKey":{"counter":0,"key":"z3iSq86bP4TTWr6tURfc0QUOBK7GByBdOtcG3/kKnC4="},"chainType":1,"messageKeys":{}}},"pendingPreKey":{"signedKeyId":6,"baseKey":"BfFP3X46MfYXce99vgWIGiSIungPAwhG04DIB98QLVZA","preKeyId":3820130}}},"version":"v1"}