{"_sessions":{"BdukoFJYEUxsyAhDrnrK+XfyklXJqC1wFwfxasa+81A0":{"registrationId":1647055411,"currentRatchet":{"ephemeralKeyPair":{"pubKey":"BUzpBpYfOeZwbcaflRa5g+puZ6ibvS3ceAsqiHX9C1BT","privKey":"4KjI0Z4FNzCQ2w00LlCPPkbYZeF2qdUA6zVwLkAHb2Q="},"lastRemoteEphemeralKey":"BWd05iojdDuurSVdb2F/GTIz9buhWHJiaT8LvO8KzzAx","previousCounter":0,"rootKey":"f2T3Bn22EYMPS8icVxa7h6SUE1oRiE5J7VQy8WmbBbg="},"indexInfo":{"baseKey":"BdukoFJYEUxsyAhDrnrK+XfyklXJqC1wFwfxasa+81A0","baseKeyType":1,"closed":-1,"used":1716074382170,"created":1716074382170,"remoteIdentityKey":"BZ5oqdAxGk4lbz1zm+h81j+GYSZAgy0lY/i3ezqAQ9kZ"},"_chains":{"BUzpBpYfOeZwbcaflRa5g+puZ6ibvS3ceAsqiHX9C1BT":{"chainKey":{"counter":0,"key":"vVT6Qab2U8cRE/GVwCukqvsLTjUDVW15FOtey+wy09M="},"chainType":1,"messageKeys":{}}},"pendingPreKey":{"signedKeyId":11,"baseKey":"BdukoFJYEUxsyAhDrnrK+XfyklXJqC1wFwfxasa+81A0","preKeyId":1525458}}},"version":"v1"}