{"_sessions":{"Bew5bbo+JgOcBFV/zneqPbLegBjyLTxeAbzi0zqHQAEt":{"registrationId":1366433540,"currentRatchet":{"ephemeralKeyPair":{"pubKey":"BeACbpXXgADR7hzRfJmnzVcov00gg0LzSO0e/2HxtXV/","privKey":"KDPJfMJdGKuOupKlnTcH3HBjusoe7vMa/IgNVlN41GU="},"lastRemoteEphemeralKey":"BQxbO6znf5t45okmv1QpQLfu3FOxhrGaOSY5/gtSTE0N","previousCounter":0,"rootKey":"7YRKTJ1EP0KzAshJONoCdDsndUha2DlDETXXx0Okokg="},"indexInfo":{"baseKey":"Bew5bbo+JgOcBFV/zneqPbLegBjyLTxeAbzi0zqHQAEt","baseKeyType":1,"closed":-1,"used":1716074382487,"created":1716074382487,"remoteIdentityKey":"BeBAdF1VYd0Zb4pZClNpMlNGLu2jttak6rceuWIp6Jwg"},"_chains":{"BeACbpXXgADR7hzRfJmnzVcov00gg0LzSO0e/2HxtXV/":{"chainKey":{"counter":0,"key":"VTGReJDOZsvEeUHpgP7Ivm7ocMW6w+SmO+YxPItDQeA="},"chainType":1,"messageKeys":{}}},"pendingPreKey":{"signedKeyId":6749273,"baseKey":"Bew5bbo+JgOcBFV/zneqPbLegBjyLTxeAbzi0zqHQAEt"}}},"version":"v1"}