{"_sessions":{"BVfZY3OCkkhGCNc85PWzhCh0iSnZRn4aLqLsEvCud9Ni":{"registrationId":374681549,"currentRatchet":{"ephemeralKeyPair":{"pubKey":"BRT8ZbhxlLHPwgyyAyD8dbtJXasr59T8esiXCsEQ5E9i","privKey":"ABk44Oabp4SY9TtAkqtr+kyY9JmXe1mnkN/CSg1DE1U="},"lastRemoteEphemeralKey":"BcOTNWWipQfOi8CoprDvw84WwIBAs8wGmJnLnRe73O8w","previousCounter":0,"rootKey":"NfEMxY8dUVBc7x5UTa8LtpE21XtT7ThhY+/2kp2Nvxs="},"indexInfo":{"baseKey":"BVfZY3OCkkhGCNc85PWzhCh0iSnZRn4aLqLsEvCud9Ni","baseKeyType":1,"closed":-1,"used":1716074382922,"created":1716074382922,"remoteIdentityKey":"BVpS/Eu7Bx5VP5OxXdeaanW061OSmyH+kmG1J6hMUkUP"},"_chains":{"BRT8ZbhxlLHPwgyyAyD8dbtJXasr59T8esiXCsEQ5E9i":{"chainKey":{"counter":0,"key":"IFiExDzBt8NWSf3vYdiZLROUUqedShg4zDpq+vSm8z4="},"chainType":1,"messageKeys":{}}},"pendingPreKey":{"signedKeyId":2,"baseKey":"BVfZY3OCkkhGCNc85PWzhCh0iSnZRn4aLqLsEvCud9Ni","preKeyId":11122161}}},"version":"v1"}