{"_sessions":{"BYyLLwcJN3UGEGjcGJkVU9i4aZ9k1k7D9jNysr07f0Ee":{"registrationId":1268351915,"currentRatchet":{"ephemeralKeyPair":{"pubKey":"BWuSMBrKd9UC8ZcEBbdNtb7zIka0MxAo54ed36YJpfId","privKey":"uKSyCeKn3fv1d3KeCOM/xMUs1qGPopawALj/psdRyGo="},"lastRemoteEphemeralKey":"BQFUCKQUmGr6xy6vo+exwhygBto7sAuYkA9Ey8/ioBkN","previousCounter":0,"rootKey":"t8TrxNJSpr6Ykg6IW9ketWy5O8aY1xWFfh2owMUrwlA="},"indexInfo":{"baseKey":"BYyLLwcJN3UGEGjcGJkVU9i4aZ9k1k7D9jNysr07f0Ee","baseKeyType":1,"closed":-1,"used":1716074382700,"created":1716074382700,"remoteIdentityKey":"BYEWHZzLKtyhNrl6pmWhNWg6z3ZodPbZLvTHyixYzxpg"},"_chains":{"BWuSMBrKd9UC8ZcEBbdNtb7zIka0MxAo54ed36YJpfId":{"chainKey":{"counter":0,"key":"ohJDweiukQi3qIdiVCqy8hi6oK3hUdxPk6qtWbxWheg="},"chainType":1,"messageKeys":{}}},"pendingPreKey":{"signedKeyId":18,"baseKey":"BYyLLwcJN3UGEGjcGJkVU9i4aZ9k1k7D9jNysr07f0Ee","preKeyId":6448403}}},"version":"v1"}