{"_sessions":{"BaZIPvTcg2DXAJ7OCpLroA1QJ5V2HtjH9a7ARVmplAoK":{"registrationId":270573598,"currentRatchet":{"ephemeralKeyPair":{"pubKey":"BRnC2/FUyyS8o5CRCt4DIgz4FJcYfO5i4IdWs8uSoT1a","privKey":"EOYy09l4S3X6890RXdNGWsP2UuE2GaWOymhhBRWHFF4="},"lastRemoteEphemeralKey":"BYzcPX0SWAoTzIGqH755jd9zm4Qybh7JidyxcwBOgYo/","previousCounter":0,"rootKey":"OkrVg/8HObO572t9onR2nmiB7ScYd021qQg30oBSD1c="},"indexInfo":{"baseKey":"BaZIPvTcg2DXAJ7OCpLroA1QJ5V2HtjH9a7ARVmplAoK","baseKeyType":1,"closed":-1,"used":1716074382372,"created":1716074382372,"remoteIdentityKey":"BdrC0u5LvdAg19hk40Q1r+HL2qSzE5XhThLPG3QPewdT"},"_chains":{"BRnC2/FUyyS8o5CRCt4DIgz4FJcYfO5i4IdWs8uSoT1a":{"chainKey":{"counter":0,"key":"tBWjQwDJ0jmnTqWd6hNjqZOi5LD+ogHuyb8QxgM1pVk="},"chainType":1,"messageKeys":{}}},"pendingPreKey":{"signedKeyId":0,"baseKey":"BaZIPvTcg2DXAJ7OCpLroA1QJ5V2HtjH9a7ARVmplAoK","preKeyId":12130586}}},"version":"v1"}