{"_sessions":{"BV0wfi2z7KVdSVtFLhV/FJUKhluqU2vMDW5pUgJXRo9h":{"registrationId":809726050,"currentRatchet":{"ephemeralKeyPair":{"pubKey":"BZkywVjchIwWNAIqzdlnUOyV2SXoZJJroEQ9ihEmLdJi","privKey":"WFbC358Igz+4cYg6KeT9k8FQ4wZSyE50bCgJ/qsth3c="},"lastRemoteEphemeralKey":"BYzglS7+VPKfLmckaB3GX747wDrHtSueachzJHje5H8B","previousCounter":0,"rootKey":"HVcDjEpfsyQcxzHVLJACjdJK9dGo6oDP/wG7g37UwW8="},"indexInfo":{"baseKey":"BV0wfi2z7KVdSVtFLhV/FJUKhluqU2vMDW5pUgJXRo9h","baseKeyType":1,"closed":-1,"used":1716074381643,"created":1716074381643,"remoteIdentityKey":"BQ20qvoQRRYPDHoVzqpuf8XZ2Rugue7h08cj9HCKZjQA"},"_chains":{"BZkywVjchIwWNAIqzdlnUOyV2SXoZJJroEQ9ihEmLdJi":{"chainKey":{"counter":0,"key":"BWA+NK24cWBdFitt/qHkJt3IW+AelxFirbACdRK8P8o="},"chainType":1,"messageKeys":{}}},"pendingPreKey":{"signedKeyId":3,"baseKey":"BV0wfi2z7KVdSVtFLhV/FJUKhluqU2vMDW5pUgJXRo9h","preKeyId":7221475}}},"version":"v1"}