{"_sessions":{"BVGqCS26I+6pmNkDn5meyUMW8/0UPbwBcCS2Xl2NlR40":{"registrationId":893678959,"currentRatchet":{"ephemeralKeyPair":{"pubKey":"BYr+dBEKt5DeaqiUVSyiKC1GBS9kgGTYrJnLni78qLs4","privKey":"0LvrDq8uSUTO+H4I3BE4i4TFPIPoiJpsXh6nIgSI/WU="},"lastRemoteEphemeralKey":"BYUb/iMYsQo8r35x327w6PaXqOekcCabeEcfYfMvdGVA","previousCounter":0,"rootKey":"ixWtbhPObgTpDU4EaDTR055WFkiwP22nL7lY09q3UdE="},"indexInfo":{"baseKey":"BVGqCS26I+6pmNkDn5meyUMW8/0UPbwBcCS2Xl2NlR40","baseKeyType":1,"closed":-1,"used":1716074382463,"created":1716074382463,"remoteIdentityKey":"BXCFgswZE/AyGd/8JvdDFLEKMCJ46FGzssKiFt4nRfYG"},"_chains":{"BYr+dBEKt5DeaqiUVSyiKC1GBS9kgGTYrJnLni78qLs4":{"chainKey":{"counter":0,"key":"txJvUHnYHRXBPKrjxeCqrrO5Pm/7X+ttDpFBTqviONU="},"chainType":1,"messageKeys":{}}},"pendingPreKey":{"signedKeyId":0,"baseKey":"BVGqCS26I+6pmNkDn5meyUMW8/0UPbwBcCS2Xl2NlR40","preKeyId":4032998}}},"version":"v1"}