{"_sessions":{"Ba1oakWtgeQjXSQvx5/Gb/zHo4omqjB+vYKopgeMBXtz":{"registrationId":1753870489,"currentRatchet":{"ephemeralKeyPair":{"pubKey":"BcsIsYkezd6QSgGyFpvpW8R54BS8gNRAdFa9IQ7HpKk8","privKey":"sICAXYbM712/Eaw3jXSZw9T1OI7Dx+8znlCZbDS/fmk="},"lastRemoteEphemeralKey":"BbH8zDzbFyGEsjzH+aj91BVJpbcB7M5/7Im4ihRR7Ep2","previousCounter":0,"rootKey":"arX/nS0yvyq0Okn3KlTv0LA68jt7+I7MTqGAicnv1Ac="},"indexInfo":{"baseKey":"Ba1oakWtgeQjXSQvx5/Gb/zHo4omqjB+vYKopgeMBXtz","baseKeyType":1,"closed":-1,"used":1716074382440,"created":1716074382440,"remoteIdentityKey":"BfSHBZH67538EVDptxblSCU1vsMmlYkDdvvTMLzBtuwz"},"_chains":{"BcsIsYkezd6QSgGyFpvpW8R54BS8gNRAdFa9IQ7HpKk8":{"chainKey":{"counter":0,"key":"3eAax9GSEKC4YiYcWXYGhb8O0bvNApFrX0iPVMOwuH8="},"chainType":1,"messageKeys":{}}},"pendingPreKey":{"signedKeyId":1,"baseKey":"Ba1oakWtgeQjXSQvx5/Gb/zHo4omqjB+vYKopgeMBXtz","preKeyId":6926363}}},"version":"v1"}