{"_sessions":{"BQcWI1uHiyeN7Jt5ys1tYBLPHh19t0ZoKkndCaE2nHc/":{"registrationId":2075541498,"currentRatchet":{"ephemeralKeyPair":{"pubKey":"BdMXeKvAk8Ut+hpvSo5iEkQpQ3FvT+RVCGTflNSotEcQ","privKey":"ON+SrRWM055InOvQuMfzCJSKnr/nYKrdlnJf7fMhYWA="},"lastRemoteEphemeralKey":"Bcl6evioe+8eL1FOY/lnqZSY0k10dC/fFzMW/bcyUWcr","previousCounter":0,"rootKey":"vBZ0TGD6OIBe3lBZs0if8qa2uJPB4DvBGvzJ11XnAh4="},"indexInfo":{"baseKey":"BQcWI1uHiyeN7Jt5ys1tYBLPHh19t0ZoKkndCaE2nHc/","baseKeyType":1,"closed":-1,"used":1716074382613,"created":1716074382613,"remoteIdentityKey":"BSD/7jpl71WwuAZYDms0f1XwqIcYayOiBSzhFu891mxG"},"_chains":{"BdMXeKvAk8Ut+hpvSo5iEkQpQ3FvT+RVCGTflNSotEcQ":{"chainKey":{"counter":0,"key":"1YrriOtUkD5Xe9exSDEg1kxKydgKuna5pvfY/wyF79k="},"chainType":1,"messageKeys":{}}},"pendingPreKey":{"signedKeyId":4,"baseKey":"BQcWI1uHiyeN7Jt5ys1tYBLPHh19t0ZoKkndCaE2nHc/","preKeyId":15115977}}},"version":"v1"}