{"_sessions":{"BVIxLAOY0YUS4qc9+xBnXim0DyRYYQPzhiCSfb6Zfyge":{"registrationId":1054051876,"currentRatchet":{"ephemeralKeyPair":{"pubKey":"BexOmQ/QE1SpZL7SJQGfn+U08PplBk0x1Nbbc7SiVnAd","privKey":"OOB7vnD+66UhfWY5iutsIy6trOfJgyOKIBX3xV526mM="},"lastRemoteEphemeralKey":"BVsJN0LUBGi37I7KBR/h6f4cLLkGMg0WapIzlanYRPI2","previousCounter":0,"rootKey":"+ooFLHPyD4btmCBI7PdoRBrGKWmm2VECkv1VH/3H+zE="},"indexInfo":{"baseKey":"BVIxLAOY0YUS4qc9+xBnXim0DyRYYQPzhiCSfb6Zfyge","baseKeyType":1,"closed":-1,"used":1716074382871,"created":1716074382871,"remoteIdentityKey":"BWxaT9R7gYYzj1ijDd6Sox6fq9liPnzWLoIdcO2bpzg+"},"_chains":{"BexOmQ/QE1SpZL7SJQGfn+U08PplBk0x1Nbbc7SiVnAd":{"chainKey":{"counter":0,"key":"H4vBDyX33hdrm3d/Rz7JDn5FN9GJZ4EHGvhEExzO2rg="},"chainType":1,"messageKeys":{}}},"pendingPreKey":{"signedKeyId":10,"baseKey":"BVIxLAOY0YUS4qc9+xBnXim0DyRYYQPzhiCSfb6Zfyge","preKeyId":5329198}}},"version":"v1"}