{"_sessions":{"BUdd9yZOxnmVjZrLjcqmZANAS7e0JDbshl8gEtqwaRQA":{"registrationId":714078119,"currentRatchet":{"ephemeralKeyPair":{"pubKey":"Bevnm05J7Z2u93IGdOItIM0MwxE4okKcEh2rTnDYsZE2","privKey":"8PyKQrdzJuKcPgFLD5s/KKPu3AfSVvmm7wuAZAkzsVg="},"lastRemoteEphemeralKey":"BbyodbAGiIVbGGr62cst8IXGt6RZv+MaYxln8Odg87Js","previousCounter":0,"rootKey":"G7PS7kFJB7skz5+qatkxP8lBdn+lGUnBi+efKSsfb98="},"indexInfo":{"baseKey":"BUdd9yZOxnmVjZrLjcqmZANAS7e0JDbshl8gEtqwaRQA","baseKeyType":1,"closed":-1,"used":1716074382686,"created":1716074382686,"remoteIdentityKey":"BaKqCdhYHEvCx0y/iNTQIWK2PaWZ4Zw+K2KUeiPOoIEf"},"_chains":{"Bevnm05J7Z2u93IGdOItIM0MwxE4okKcEh2rTnDYsZE2":{"chainKey":{"counter":0,"key":"iPg6ck6pNJW1lCONfNU3NUQ3JAuETm2ZcjpsiGYZx+g="},"chainType":1,"messageKeys":{}}},"pendingPreKey":{"signedKeyId":0,"baseKey":"BUdd9yZOxnmVjZrLjcqmZANAS7e0JDbshl8gEtqwaRQA","preKeyId":6912806}}},"version":"v1"}