{"_sessions":{"BQHWZk2WxfGaiKtF8nzh+Df04nl4OaPczVJJhknyIOkv":{"registrationId":870048905,"currentRatchet":{"ephemeralKeyPair":{"pubKey":"BZd7icTYnuTnGDhvM2q2MVge7M3d9KWChAzY+7YH4NMF","privKey":"CDTVTU2hnU4kys62P6CWgX2qNinwC2mclSLKH21Imm0="},"lastRemoteEphemeralKey":"BcWvShZy/Mj4y+PMu28ks84Jtb50AQsUwZw5faurFw9i","previousCounter":0,"rootKey":"pTLd2nUu27EU9sZ7nQ1mGutPArBmuYbElCN3/RCT9nI="},"indexInfo":{"baseKey":"BQHWZk2WxfGaiKtF8nzh+Df04nl4OaPczVJJhknyIOkv","baseKeyType":1,"closed":-1,"used":1716074382422,"created":1716074382422,"remoteIdentityKey":"BYVNpgzOdGkN5kYVRg4NUOrEbEWC4+c57sM/jykZhJMm"},"_chains":{"BZd7icTYnuTnGDhvM2q2MVge7M3d9KWChAzY+7YH4NMF":{"chainKey":{"counter":0,"key":"raq/VlbialncQ3Rni2KgIMsTi7F4K8AHTvgIzSDMsYI="},"chainType":1,"messageKeys":{}}},"pendingPreKey":{"signedKeyId":10,"baseKey":"BQHWZk2WxfGaiKtF8nzh+Df04nl4OaPczVJJhknyIOkv","preKeyId":6555462}}},"version":"v1"}