{"_sessions":{"BXnQUP4irxP3gj4Zr2oXGi/drsjiZc+AUc5RHARbbtsp":{"registrationId":1711670536,"currentRatchet":{"ephemeralKeyPair":{"pubKey":"BfNaauXafdBKa8K64O48QBjjeN89u94sH/fzsF48YNgS","privKey":"sDVnmbJUVMPK8r7z2sKFTdklJ+4J6UHRvngtPxKxE2E="},"lastRemoteEphemeralKey":"Bf7E6eF1Rto3elHU/oMc0ZoiDIPH1yqIks6hvMtpg2pA","previousCounter":0,"rootKey":"ISAB2Jrb80wqWYfFNecpCiyIxwPNKoOmtlOHJ8sZH8c="},"indexInfo":{"baseKey":"BXnQUP4irxP3gj4Zr2oXGi/drsjiZc+AUc5RHARbbtsp","baseKeyType":1,"closed":-1,"used":1716074382290,"created":1716074382290,"remoteIdentityKey":"BaPB86sFyjgGFB4HhGGJGpjYcjsed3UOj4lXHefTMe50"},"_chains":{"BfNaauXafdBKa8K64O48QBjjeN89u94sH/fzsF48YNgS":{"chainKey":{"counter":0,"key":"dNQXvN5oQakhoDgwhQAY+o60h5tn0A79Ny+cSWJ2uUo="},"chainType":1,"messageKeys":{}}},"pendingPreKey":{"signedKeyId":3,"baseKey":"BXnQUP4irxP3gj4Zr2oXGi/drsjiZc+AUc5RHARbbtsp","preKeyId":15239563}}},"version":"v1"}