{"_sessions":{"BdzFhNSxp0kQQ6v7EzhhFb45t9zymgVESfTRzj5RaasM":{"registrationId":813386763,"currentRatchet":{"ephemeralKeyPair":{"pubKey":"Be9VNjoxrG+GeIWEALioHo8SjKqqHDEp1VRVfq0Sr558","privKey":"EJiWsaPCCCaN/wUQ0160IAhV1+vftdMammZLyYBnmkY="},"lastRemoteEphemeralKey":"BQ+0U3OU1Zoz3VaZqWmYA8Axple8IVkK9JBwHs3Ke7Nb","previousCounter":0,"rootKey":"RTZLhqS1O3bo7vN0Q9RQ7tgFXKB2MwFIBHrKpww+l0E="},"indexInfo":{"baseKey":"BdzFhNSxp0kQQ6v7EzhhFb45t9zymgVESfTRzj5RaasM","baseKeyType":1,"closed":-1,"used":1716074382595,"created":1716074382595,"remoteIdentityKey":"BVQHsMUo/gmxfzUfdGi+MclGRX68Y2bmow6D943sgrpZ"},"_chains":{"Be9VNjoxrG+GeIWEALioHo8SjKqqHDEp1VRVfq0Sr558":{"chainKey":{"counter":0,"key":"GLodtxyHRBuGM1mF61rod8LBmnjUo9Rj4MLJGDpm3jM="},"chainType":1,"messageKeys":{}}},"pendingPreKey":{"signedKeyId":3,"baseKey":"BdzFhNSxp0kQQ6v7EzhhFb45t9zymgVESfTRzj5RaasM","preKeyId":6014594}}},"version":"v1"}