{"_sessions":{"BQgcgqG0rOAV+icHsnc36ny2tyyXBYdRiC/ilbu5m/R5":{"registrationId":1073325019,"currentRatchet":{"ephemeralKeyPair":{"pubKey":"BeFIrcwl4t435VEGXFL2D10oNqu9nChjDq9d+ttoqfUi","privKey":"6AFxVE87yAItJpodFX7hlT2qg8ZxdRR/CXS38QTmJHY="},"lastRemoteEphemeralKey":"BQ+oxynpAPW8x8tpyVtxvpdoPCQbAJJ+ClLRxR2ZJNAH","previousCounter":0,"rootKey":"C9BWsDLvhFz37WtZ8148zX6iUVLENlMvyuAg300bpiY="},"indexInfo":{"baseKey":"BQgcgqG0rOAV+icHsnc36ny2tyyXBYdRiC/ilbu5m/R5","baseKeyType":1,"closed":-1,"used":1716074382009,"created":1716074382009,"remoteIdentityKey":"Bam7oZAXBIuU5QNYYqis8vuEESFWjZs5XJV5Tl6mZU43"},"_chains":{"BeFIrcwl4t435VEGXFL2D10oNqu9nChjDq9d+ttoqfUi":{"chainKey":{"counter":0,"key":"X/AgTn0UHoIJjsOoqf4bFMFaOee3d6694dpOBsqrHrA="},"chainType":1,"messageKeys":{}}},"pendingPreKey":{"signedKeyId":1616959,"baseKey":"BQgcgqG0rOAV+icHsnc36ny2tyyXBYdRiC/ilbu5m/R5","preKeyId":8280}}},"version":"v1"}