{"_sessions":{"BXtbaumqv6fW5z3IpkeMX6Bn62uf421pJOKOapZFwCZi":{"registrationId":561628635,"currentRatchet":{"ephemeralKeyPair":{"pubKey":"BaTo/ukg1EaHlB5595akhtUDbKqwUBu9eZBxD+7sP9xU","privKey":"GGgze0tHpRXXMm9IlZzB0d5sCau3O4Sx770jpbNnrUU="},"lastRemoteEphemeralKey":"BQQ+IZft+MOBeRQa8XuZZ6EKpOFxYndWv09KJYF40JB8","previousCounter":0,"rootKey":"txyYoiUH7dDJsVSGnD40Ddmphv/YvDMFf/GsmHHVI4Q="},"indexInfo":{"baseKey":"BXtbaumqv6fW5z3IpkeMX6Bn62uf421pJOKOapZFwCZi","baseKeyType":1,"closed":-1,"used":1716074382375,"created":1716074382375,"remoteIdentityKey":"BZypfP0XOHA3Dr5DGaFmn60xvftiXvchyUhWDND4tUgY"},"_chains":{"BaTo/ukg1EaHlB5595akhtUDbKqwUBu9eZBxD+7sP9xU":{"chainKey":{"counter":0,"key":"jRHHO4MXVcjhA+yy7zadG+kt43HlMSacPWHoZ15h1WA="},"chainType":1,"messageKeys":{}}},"pendingPreKey":{"signedKeyId":7,"baseKey":"BXtbaumqv6fW5z3IpkeMX6Bn62uf421pJOKOapZFwCZi","preKeyId":1203303}}},"version":"v1"}