{"_sessions":{"BS/E4JCS1Ra3bH5GzhV9K9rj/H1CsNKiHM0XtGXv/zo0":{"registrationId":679288896,"currentRatchet":{"ephemeralKeyPair":{"pubKey":"BZjkku2d89Rd7lRgz8SmjdCfAusZhElBadWb23K1xWNN","privKey":"gGGZKEiBHMY6t8yDZua/Fl/cKf4cFjhyMQUk/2qGNl0="},"lastRemoteEphemeralKey":"BWofq1XO4wzTKmRGT2zT99SlbWiXVQzAwgtzLuRRDY1r","previousCounter":0,"rootKey":"IL3WMMbK8qLGhMxx6W39doIywFbW44RT/3oInWu5jdI="},"indexInfo":{"baseKey":"BS/E4JCS1Ra3bH5GzhV9K9rj/H1CsNKiHM0XtGXv/zo0","baseKeyType":1,"closed":-1,"used":1716074382519,"created":1716074382519,"remoteIdentityKey":"Bd+e63iUA5D4aKHVXcAeF4/wW0DY05aPOkc9oLaSTPhx"},"_chains":{"BZjkku2d89Rd7lRgz8SmjdCfAusZhElBadWb23K1xWNN":{"chainKey":{"counter":0,"key":"QsN+5Ef3pCOdW+6oGFdBaU2cjhU7ssUnVg/P7uYTWl0="},"chainType":1,"messageKeys":{}}},"pendingPreKey":{"signedKeyId":0,"baseKey":"BS/E4JCS1Ra3bH5GzhV9K9rj/H1CsNKiHM0XtGXv/zo0","preKeyId":7134017}}},"version":"v1"}