{"_sessions":{"BXpX6GHKa1CPTyPHao0YjgVkbBVwN/OeGskBbbFXNT5n":{"registrationId":189687269,"currentRatchet":{"ephemeralKeyPair":{"pubKey":"BcUZhKk7qov99ODQGfNs1SURSvHPrP5hTJ+EM/nC5dUO","privKey":"4Lv9P/9+D+XjPomF/waYUeh1myqOhIMcQjINY1N+5FY="},"lastRemoteEphemeralKey":"BT0u2dfYm7XAFTBQvWsScOqxU62m52y9REM2ynKzk+EB","previousCounter":0,"rootKey":"8sKEGaAQIjxnfVncactHDsb55hFi8B5mZ5KUwsTSteE="},"indexInfo":{"baseKey":"BXpX6GHKa1CPTyPHao0YjgVkbBVwN/OeGskBbbFXNT5n","baseKeyType":1,"closed":-1,"used":1716074382514,"created":1716074382514,"remoteIdentityKey":"Be60BPw2Px6nCco3f3o6HFeySc4HaZ+nSd1rirw3kYhP"},"_chains":{"BcUZhKk7qov99ODQGfNs1SURSvHPrP5hTJ+EM/nC5dUO":{"chainKey":{"counter":0,"key":"AsyiZmzmjQ881h1XwMRd5/RRtgYp8qSu2jvRmzhr/E4="},"chainType":1,"messageKeys":{}}},"pendingPreKey":{"signedKeyId":24,"baseKey":"BXpX6GHKa1CPTyPHao0YjgVkbBVwN/OeGskBbbFXNT5n","preKeyId":10144379}}},"version":"v1"}