{"_sessions":{"BaqcEnaoDCm1AUDYMtlV/IdKA6mOtTfmi/oJT1x41vhu":{"registrationId":130806503,"currentRatchet":{"ephemeralKeyPair":{"pubKey":"BVkdnmo0TY+90rSCqqqDvcNXB7gUJX+NC0nDpo0VMXQd","privKey":"YIX8QE437oYXNTLmwzvCuNFotAl2H7UoAIkeqkh/5mk="},"lastRemoteEphemeralKey":"BVBOV+cNjzYgOH1C4oJ8DESmF8y1jUZ7aUyoIc5Eg9Ad","previousCounter":0,"rootKey":"QVTLWcIvnrcWAUXpYfVs4SKmQEQCJEZiipIlhXQ6P/E="},"indexInfo":{"baseKey":"BaqcEnaoDCm1AUDYMtlV/IdKA6mOtTfmi/oJT1x41vhu","baseKeyType":1,"closed":-1,"used":1716074382890,"created":1716074382890,"remoteIdentityKey":"BY4M5wkfeU1Ao1i13JPPr67cvOlfMTPUY1AD2c6pXMgq"},"_chains":{"BVkdnmo0TY+90rSCqqqDvcNXB7gUJX+NC0nDpo0VMXQd":{"chainKey":{"counter":0,"key":"0D50mKsHSHptAChXn6JVS7dpnlhRlqHWcOngJJFU88Q="},"chainType":1,"messageKeys":{}}},"pendingPreKey":{"signedKeyId":51,"baseKey":"BaqcEnaoDCm1AUDYMtlV/IdKA6mOtTfmi/oJT1x41vhu","preKeyId":8077740}}},"version":"v1"}