{"_sessions":{"BcG2Gfq5RXhRnkS/oxbePRE4qSlj0Qcf9kgHpvRHPAU3":{"registrationId":508953591,"currentRatchet":{"ephemeralKeyPair":{"pubKey":"BU+pvVfiUDKXN97PogGmdwJZCeszfOFnQN1NOro8Kd89","privKey":"oHos7wfIK+qmf4FAZM+pbe010b8brsfoKixabp+vVE0="},"lastRemoteEphemeralKey":"BVxnuQkzXtxK1xSYsKTriO2GMChphVRInXmOQMSWTvwc","previousCounter":0,"rootKey":"WBPYMzTfJjRnehXGHaYBbY9LcBXalDHF38RCVuhcyMY="},"indexInfo":{"baseKey":"BcG2Gfq5RXhRnkS/oxbePRE4qSlj0Qcf9kgHpvRHPAU3","baseKeyType":1,"closed":-1,"used":1716074382722,"created":1716074382722,"remoteIdentityKey":"BUVuMMLgkkyXr33lZNikoQW9oBC47YwrvLU4KtRQsWl7"},"_chains":{"BU+pvVfiUDKXN97PogGmdwJZCeszfOFnQN1NOro8Kd89":{"chainKey":{"counter":0,"key":"h/gPG+ViochOkqJeGYZYC95376kgYNftgwJAfefZ7ts="},"chainType":1,"messageKeys":{}}},"pendingPreKey":{"signedKeyId":1,"baseKey":"BcG2Gfq5RXhRnkS/oxbePRE4qSlj0Qcf9kgHpvRHPAU3","preKeyId":1388155}}},"version":"v1"}