{"_sessions":{"BUOZQNHeNBja5c484+i75YRs9ABhPRYukX8tj534ZHdD":{"registrationId":1747043137,"currentRatchet":{"ephemeralKeyPair":{"pubKey":"BXOq9URDk/lQeuai3cm1PtrHhH2s2HUL2Wujh2z/uw8H","privKey":"SEWtWElQkdPGEBEAIdUexm5Xjr/qXm4QbcQoQFjxi30="},"lastRemoteEphemeralKey":"BQ4OrrBysazhbbWVTASR1zWV8+NtkX3HNVtJ4Hbdle14","previousCounter":0,"rootKey":"HHvWxnm5+NUwl23Gp5sH0yYiT9kfc2p1JPEm0w040iQ="},"indexInfo":{"baseKey":"BUOZQNHeNBja5c484+i75YRs9ABhPRYukX8tj534ZHdD","baseKeyType":1,"closed":-1,"used":1716074382148,"created":1716074382148,"remoteIdentityKey":"Bfg8u1iRxGppuLu8kSWSCYomZ/5riGtndflOIlELjO0W"},"_chains":{"BXOq9URDk/lQeuai3cm1PtrHhH2s2HUL2Wujh2z/uw8H":{"chainKey":{"counter":0,"key":"w3moveJkiQo7MV4YvHLHbxLJEsbpTiDKoOHPEd5xWXc="},"chainType":1,"messageKeys":{}}},"pendingPreKey":{"signedKeyId":14,"baseKey":"BUOZQNHeNBja5c484+i75YRs9ABhPRYukX8tj534ZHdD","preKeyId":13650453}}},"version":"v1"}