{"_sessions":{"BTuaYwqhIU8PaFUFZu08T901B906YHXQZWbsJ4v3ntg4":{"registrationId":259419366,"currentRatchet":{"ephemeralKeyPair":{"pubKey":"BejfAL97DgdmHc/5TYmNwEVxSJyvdChxlnlRoly0l0tp","privKey":"mGfNMKOziCqV+LU0iiKimt5xt1NOshjZ9ruThmRAxEQ="},"lastRemoteEphemeralKey":"BYcWoAozm1xAEnzeO8JXb7xFh/loL8p9HHj0bNPfzypL","previousCounter":0,"rootKey":"OxQEXSufCCQ11b87+TfqmJ1FkcZ4cZtEmNoyfArxasY="},"indexInfo":{"baseKey":"BTuaYwqhIU8PaFUFZu08T901B906YHXQZWbsJ4v3ntg4","baseKeyType":1,"closed":-1,"used":1716074382756,"created":1716074382756,"remoteIdentityKey":"BcUVOLgLkLBHopFeEFcFiltCGscwIgR2JPmmCfEePwpW"},"_chains":{"BejfAL97DgdmHc/5TYmNwEVxSJyvdChxlnlRoly0l0tp":{"chainKey":{"counter":0,"key":"cf/i+gGsH4KYf+vZ6tJ9rkb3V1CDjUdJY9a7Et/yzZQ="},"chainType":1,"messageKeys":{}}},"pendingPreKey":{"signedKeyId":3,"baseKey":"BTuaYwqhIU8PaFUFZu08T901B906YHXQZWbsJ4v3ntg4","preKeyId":7399420}}},"version":"v1"}