{"_sessions":{"BZXijrljc4yYfCTSfC5+UkrG1FB99W06UDPV1/+BnZhO":{"registrationId":493719309,"currentRatchet":{"ephemeralKeyPair":{"pubKey":"Ba0tR2CMSlh/7ggJYb0QEcTxASKAZeXQlMPl/4UUk4g6","privKey":"KJ8+N5MaA76ahACHoY4/wPF8L5WVXRMvMalvtOD8i1k="},"lastRemoteEphemeralKey":"BZ1DUMfy5FNa6cp6naxfyxR1AH9nig+3OvC7qZm986Qk","previousCounter":0,"rootKey":"iPyn00zzNz/aJ0DDyWDXZTeCdCKpLsP2OvDzO/c24Yg="},"indexInfo":{"baseKey":"BZXijrljc4yYfCTSfC5+UkrG1FB99W06UDPV1/+BnZhO","baseKeyType":1,"closed":-1,"used":1716074382497,"created":1716074382497,"remoteIdentityKey":"BX6KP0cOYnHJWrENiQmmRJnvhBO1quvgvRGLjZGRT/cZ"},"_chains":{"Ba0tR2CMSlh/7ggJYb0QEcTxASKAZeXQlMPl/4UUk4g6":{"chainKey":{"counter":0,"key":"BvIHxZZkMV2khvZfzTPksiQsQMy6UT9vy68CMT3xOZk="},"chainType":1,"messageKeys":{}}},"pendingPreKey":{"signedKeyId":1,"baseKey":"BZXijrljc4yYfCTSfC5+UkrG1FB99W06UDPV1/+BnZhO"}}},"version":"v1"}