{"_sessions":{"Baob1DrwZF69jU5uvJQnARNUoB/14Q7iNNI9Ey2ebLVZ":{"registrationId":1748105463,"currentRatchet":{"ephemeralKeyPair":{"pubKey":"BY3DQdHh/M5WVC1FDIo2lsKQthmAKoDnFUxvSS47vCFg","privKey":"ULqu+ZgjPqo2UExDECeYKEfOkNKLhFojiDUCoTSu+W0="},"lastRemoteEphemeralKey":"BbD+qlkq2TjglBojd0k9Qm/bQjpuN0ADqap0/DxNj98x","previousCounter":0,"rootKey":"mDPBvYwD1fafX2pHxGhkhPE0VHRN2bWADOJZ71vjqMA="},"indexInfo":{"baseKey":"Baob1DrwZF69jU5uvJQnARNUoB/14Q7iNNI9Ey2ebLVZ","baseKeyType":1,"closed":-1,"used":1716074382584,"created":1716074382584,"remoteIdentityKey":"BdTlAW3ycFQ2eYiFjZADv8ZI9Ux/MJCpKLETFDMD7Bcg"},"_chains":{"BY3DQdHh/M5WVC1FDIo2lsKQthmAKoDnFUxvSS47vCFg":{"chainKey":{"counter":0,"key":"WgCiuprs8/bWBNPD3a81ManoNLS7nWPKvcvajXJ6pNo="},"chainType":1,"messageKeys":{}}},"pendingPreKey":{"signedKeyId":11,"baseKey":"Baob1DrwZF69jU5uvJQnARNUoB/14Q7iNNI9Ey2ebLVZ","preKeyId":7605756}}},"version":"v1"}